ISO-10303-21;
HEADER;
FILE_DESCRIPTION(('FreeCAD Model'),'2;1');
FILE_NAME('Open CASCADE Shape Model','2026-09-14T21:43:50',('FreeCAD'),(
    'FreeCAD'),'Open CASCADE STEP processor 7.8','FreeCAD','Unknown');
FILE_SCHEMA(('AUTOMOTIVE_DESIGN { 1 0 10303 214 1 1 1 1 }'));
ENDSEC;
DATA;
#1 = APPLICATION_PROTOCOL_DEFINITION('international standard',
  'automotive_design',2000,#2);
#2 = APPLICATION_CONTEXT(
  'core data for automotive mechanical design processes');
#3 = SHAPE_DEFINITION_REPRESENTATION(#4,#10);
#4 = PRODUCT_DEFINITION_SHAPE('','',#5);
#5 = PRODUCT_DEFINITION('design','',#6,#9);
#6 = PRODUCT_DEFINITION_FORMATION('','',#7);
#7 = PRODUCT('Open CASCADE STEP translator 7.8 21',
  'Open CASCADE STEP translator 7.8 21','',(#8));
#8 = PRODUCT_CONTEXT('',#2,'mechanical');
#9 = PRODUCT_DEFINITION_CONTEXT('part definition',#2,'design');
#10 = ADVANCED_BREP_SHAPE_REPRESENTATION('',(#11,#15),#10427);
#11 = AXIS2_PLACEMENT_3D('',#12,#13,#14);
#12 = CARTESIAN_POINT('',(0.,0.,0.));
#13 = DIRECTION('',(0.,0.,1.));
#14 = DIRECTION('',(1.,0.,-0.));
#15 = MANIFOLD_SOLID_BREP('',#16);
#16 = CLOSED_SHELL('',(#17,#73,#210,#257,#282,#329,#354,#525,#556,#610,
    #635,#660,#684,#716,#740,#765,#789,#814,#838,#863,#880,#905,#2573,
    #2606,#2631,#2648,#2673,#2692,#2711,#2742,#2773,#2790,#2807,#2833,
    #2859,#2890,#2921,#2933,#2958,#2983,#3000,#3018,#3036,#3113,#3137,
    #3165,#3189,#3213,#3230,#3255,#3280,#3296,#3313,#3338,#3371,#3387,
    #3404,#3429,#3460,#3476,#3487,#3511,#3528,#3553,#3578,#3594,#3611,
    #3636,#3669,#3685,#3702,#3727,#3758,#3774,#3785,#3809,#3826,#3851,
    #3876,#3892,#3909,#3934,#3967,#3983,#4000,#4025,#4056,#4072,#4083,
    #4108,#4141,#4165,#4182,#4207,#4232,#4248,#4265,#4290,#4323,#4339,
    #4356,#4381,#4412,#4428,#4439,#4463,#4480,#4505,#4530,#4546,#4563,
    #4588,#4621,#4637,#4654,#4679,#4710,#4726,#4737,#4762,#4795,#4820,
    #4844,#4861,#4886,#4911,#4927,#4944,#4969,#5002,#5018,#5035,#5060,
    #5091,#5107,#5118,#5143,#5176,#5201,#5225,#5242,#5267,#5292,#5308,
    #5325,#5350,#5383,#5399,#5416,#5441,#5472,#5488,#5499,#5523,#5540,
    #5565,#5590,#5606,#5623,#5648,#5681,#5697,#5714,#5739,#5770,#5786,
    #5797,#5821,#5838,#5863,#5888,#5904,#5921,#5946,#5979,#5995,#6012,
    #6037,#6068,#6084,#6095,#6128,#6153,#6177,#6194,#6219,#6244,#6260,
    #6277,#6302,#6335,#6351,#6368,#6393,#6424,#6440,#6451,#6463,#6475,
    #6495,#6515,#6527,#6539,#6570,#6601,#6632,#6663,#6694,#6725,#6745,
    #6776,#6807,#6838,#6869,#6900,#6920,#6951,#6971,#7002,#7033,#7053,
    #7084,#7104,#7135,#7166,#7197,#7228,#7259,#7290,#7321,#7341,#7372,
    #7403,#7420,#7437,#7462,#7487,#7512,#7537,#7546,#7555,#7564,#7573,
    #7605,#7636,#7668,#7699,#7731,#7762,#7794,#7825,#7848,#7871,#7894,
    #7917,#7931,#7964,#7995,#8028,#8059,#8073,#8106,#8137,#8170,#8201,
    #8233,#8264,#8296,#8327,#8359,#8390,#8422,#8453,#8476,#8499,#8522,
    #8545,#8559,#8592,#8623,#8637,#8670,#8701,#8719,#8737,#8769,#8800,
    #8832,#8863,#8881,#8899,#8922,#8945,#8970,#8995,#9074,#9097,#9121,
    #9137,#9171,#9202,#9243,#9274,#9292,#9310,#9328,#9346,#9360,#9374,
    #9407,#9438,#9452,#9466,#9499,#9530,#9602,#9625,#9649,#9665,#9690,
    #9715,#9733,#9751,#9769,#9787,#9805,#9823,#9841,#9859,#9877,#9895,
    #9909,#9942,#9973,#9987,#10020,#10051,#10069,#10087,#10105,#10123,
    #10139,#10155,#10171,#10187,#10199,#10211,#10223,#10235,#10247,
    #10259,#10271,#10283,#10295,#10307,#10319,#10331,#10343,#10355,
    #10367,#10379,#10391,#10403,#10415));
#17 = ADVANCED_FACE('',(#18),#68,.F.);
#18 = FACE_BOUND('',#19,.F.);
#19 = EDGE_LOOP('',(#20,#30,#38,#46,#54,#62));
#20 = ORIENTED_EDGE('',*,*,#21,.F.);
#21 = EDGE_CURVE('',#22,#24,#26,.T.);
#22 = VERTEX_POINT('',#23);
#23 = CARTESIAN_POINT('',(-38.,-25.,4.4));
#24 = VERTEX_POINT('',#25);
#25 = CARTESIAN_POINT('',(-38.,25.,4.4));
#26 = LINE('',#27,#28);
#27 = CARTESIAN_POINT('',(-38.,-40.,4.4));
#28 = VECTOR('',#29,1.);
#29 = DIRECTION('',(0.,1.,0.));
#30 = ORIENTED_EDGE('',*,*,#31,.F.);
#31 = EDGE_CURVE('',#32,#22,#34,.T.);
#32 = VERTEX_POINT('',#33);
#33 = CARTESIAN_POINT('',(-38.,-25.,0.6));
#34 = LINE('',#35,#36);
#35 = CARTESIAN_POINT('',(-38.,-25.,-1.5));
#36 = VECTOR('',#37,1.);
#37 = DIRECTION('',(0.,0.,1.));
#38 = ORIENTED_EDGE('',*,*,#39,.F.);
#39 = EDGE_CURVE('',#40,#32,#42,.T.);
#40 = VERTEX_POINT('',#41);
#41 = CARTESIAN_POINT('',(-38.,-25.,-1.5));
#42 = LINE('',#43,#44);
#43 = CARTESIAN_POINT('',(-38.,-25.,-1.5));
#44 = VECTOR('',#45,1.);
#45 = DIRECTION('',(0.,0.,1.));
#46 = ORIENTED_EDGE('',*,*,#47,.T.);
#47 = EDGE_CURVE('',#40,#48,#50,.T.);
#48 = VERTEX_POINT('',#49);
#49 = CARTESIAN_POINT('',(-38.,25.,-1.5));
#50 = LINE('',#51,#52);
#51 = CARTESIAN_POINT('',(-38.,-40.,-1.5));
#52 = VECTOR('',#53,1.);
#53 = DIRECTION('',(0.,1.,0.));
#54 = ORIENTED_EDGE('',*,*,#55,.T.);
#55 = EDGE_CURVE('',#48,#56,#58,.T.);
#56 = VERTEX_POINT('',#57);
#57 = CARTESIAN_POINT('',(-38.,25.,0.6));
#58 = LINE('',#59,#60);
#59 = CARTESIAN_POINT('',(-38.,25.,-1.5));
#60 = VECTOR('',#61,1.);
#61 = DIRECTION('',(0.,0.,1.));
#62 = ORIENTED_EDGE('',*,*,#63,.T.);
#63 = EDGE_CURVE('',#56,#24,#64,.T.);
#64 = LINE('',#65,#66);
#65 = CARTESIAN_POINT('',(-38.,25.,-1.5));
#66 = VECTOR('',#67,1.);
#67 = DIRECTION('',(0.,0.,1.));
#68 = PLANE('',#69);
#69 = AXIS2_PLACEMENT_3D('',#70,#71,#72);
#70 = CARTESIAN_POINT('',(-38.,-40.,-1.5));
#71 = DIRECTION('',(1.,0.,0.));
#72 = DIRECTION('',(0.,0.,1.));
#73 = ADVANCED_FACE('',(#74,#135),#205,.T.);
#74 = FACE_BOUND('',#75,.T.);
#75 = EDGE_LOOP('',(#76,#77,#86,#94,#103,#111,#120,#128));
#76 = ORIENTED_EDGE('',*,*,#21,.F.);
#77 = ORIENTED_EDGE('',*,*,#78,.T.);
#78 = EDGE_CURVE('',#22,#79,#81,.T.);
#79 = VERTEX_POINT('',#80);
#80 = CARTESIAN_POINT('',(-23.,-40.,4.4));
#81 = CIRCLE('',#82,15.);
#82 = AXIS2_PLACEMENT_3D('',#83,#84,#85);
#83 = CARTESIAN_POINT('',(-23.,-25.,4.4));
#84 = DIRECTION('',(-0.,0.,1.));
#85 = DIRECTION('',(0.,-1.,0.));
#86 = ORIENTED_EDGE('',*,*,#87,.T.);
#87 = EDGE_CURVE('',#79,#88,#90,.T.);
#88 = VERTEX_POINT('',#89);
#89 = CARTESIAN_POINT('',(23.,-40.,4.4));
#90 = LINE('',#91,#92);
#91 = CARTESIAN_POINT('',(-38.,-40.,4.4));
#92 = VECTOR('',#93,1.);
#93 = DIRECTION('',(1.,0.,0.));
#94 = ORIENTED_EDGE('',*,*,#95,.F.);
#95 = EDGE_CURVE('',#96,#88,#98,.T.);
#96 = VERTEX_POINT('',#97);
#97 = CARTESIAN_POINT('',(38.,-25.,4.4));
#98 = CIRCLE('',#99,15.);
#99 = AXIS2_PLACEMENT_3D('',#100,#101,#102);
#100 = CARTESIAN_POINT('',(23.,-25.,4.4));
#101 = DIRECTION('',(-0.,-0.,-1.));
#102 = DIRECTION('',(0.,-1.,0.));
#103 = ORIENTED_EDGE('',*,*,#104,.T.);
#104 = EDGE_CURVE('',#96,#105,#107,.T.);
#105 = VERTEX_POINT('',#106);
#106 = CARTESIAN_POINT('',(38.,25.,4.4));
#107 = LINE('',#108,#109);
#108 = CARTESIAN_POINT('',(38.,-40.,4.4));
#109 = VECTOR('',#110,1.);
#110 = DIRECTION('',(0.,1.,0.));
#111 = ORIENTED_EDGE('',*,*,#112,.T.);
#112 = EDGE_CURVE('',#105,#113,#115,.T.);
#113 = VERTEX_POINT('',#114);
#114 = CARTESIAN_POINT('',(23.,40.,4.4));
#115 = CIRCLE('',#116,15.);
#116 = AXIS2_PLACEMENT_3D('',#117,#118,#119);
#117 = CARTESIAN_POINT('',(23.,25.,4.4));
#118 = DIRECTION('',(-0.,0.,1.));
#119 = DIRECTION('',(0.,-1.,0.));
#120 = ORIENTED_EDGE('',*,*,#121,.F.);
#121 = EDGE_CURVE('',#122,#113,#124,.T.);
#122 = VERTEX_POINT('',#123);
#123 = CARTESIAN_POINT('',(-23.,40.,4.4));
#124 = LINE('',#125,#126);
#125 = CARTESIAN_POINT('',(-38.,40.,4.4));
#126 = VECTOR('',#127,1.);
#127 = DIRECTION('',(1.,0.,0.));
#128 = ORIENTED_EDGE('',*,*,#129,.F.);
#129 = EDGE_CURVE('',#24,#122,#130,.T.);
#130 = CIRCLE('',#131,15.);
#131 = AXIS2_PLACEMENT_3D('',#132,#133,#134);
#132 = CARTESIAN_POINT('',(-23.,25.,4.4));
#133 = DIRECTION('',(-0.,-0.,-1.));
#134 = DIRECTION('',(0.,-1.,0.));
#135 = FACE_BOUND('',#136,.T.);
#136 = EDGE_LOOP('',(#137,#148,#156,#165,#173,#182,#190,#199));
#137 = ORIENTED_EDGE('',*,*,#138,.F.);
#138 = EDGE_CURVE('',#139,#141,#143,.T.);
#139 = VERTEX_POINT('',#140);
#140 = CARTESIAN_POINT('',(-37.1,-25.,4.4));
#141 = VERTEX_POINT('',#142);
#142 = CARTESIAN_POINT('',(-23.,-39.1,4.4));
#143 = CIRCLE('',#144,14.1);
#144 = AXIS2_PLACEMENT_3D('',#145,#146,#147);
#145 = CARTESIAN_POINT('',(-23.,-25.,4.4));
#146 = DIRECTION('',(0.,0.,1.));
#147 = DIRECTION('',(-1.,0.,0.));
#148 = ORIENTED_EDGE('',*,*,#149,.T.);
#149 = EDGE_CURVE('',#139,#150,#152,.T.);
#150 = VERTEX_POINT('',#151);
#151 = CARTESIAN_POINT('',(-37.1,25.,4.4));
#152 = LINE('',#153,#154);
#153 = CARTESIAN_POINT('',(-37.1,-39.55,4.4));
#154 = VECTOR('',#155,1.);
#155 = DIRECTION('',(0.,1.,0.));
#156 = ORIENTED_EDGE('',*,*,#157,.F.);
#157 = EDGE_CURVE('',#158,#150,#160,.T.);
#158 = VERTEX_POINT('',#159);
#159 = CARTESIAN_POINT('',(-23.,39.1,4.4));
#160 = CIRCLE('',#161,14.1);
#161 = AXIS2_PLACEMENT_3D('',#162,#163,#164);
#162 = CARTESIAN_POINT('',(-23.,25.,4.4));
#163 = DIRECTION('',(0.,0.,1.));
#164 = DIRECTION('',(-1.,0.,0.));
#165 = ORIENTED_EDGE('',*,*,#166,.F.);
#166 = EDGE_CURVE('',#167,#158,#169,.T.);
#167 = VERTEX_POINT('',#168);
#168 = CARTESIAN_POINT('',(23.,39.1,4.4));
#169 = LINE('',#170,#171);
#170 = CARTESIAN_POINT('',(-37.55,39.1,4.4));
#171 = VECTOR('',#172,1.);
#172 = DIRECTION('',(-1.,0.,0.));
#173 = ORIENTED_EDGE('',*,*,#174,.F.);
#174 = EDGE_CURVE('',#175,#167,#177,.T.);
#175 = VERTEX_POINT('',#176);
#176 = CARTESIAN_POINT('',(37.1,25.,4.4));
#177 = CIRCLE('',#178,14.1);
#178 = AXIS2_PLACEMENT_3D('',#179,#180,#181);
#179 = CARTESIAN_POINT('',(23.,25.,4.4));
#180 = DIRECTION('',(0.,0.,1.));
#181 = DIRECTION('',(1.,0.,0.));
#182 = ORIENTED_EDGE('',*,*,#183,.F.);
#183 = EDGE_CURVE('',#184,#175,#186,.T.);
#184 = VERTEX_POINT('',#185);
#185 = CARTESIAN_POINT('',(37.1,-25.,4.4));
#186 = LINE('',#187,#188);
#187 = CARTESIAN_POINT('',(37.1,-39.55,4.4));
#188 = VECTOR('',#189,1.);
#189 = DIRECTION('',(0.,1.,0.));
#190 = ORIENTED_EDGE('',*,*,#191,.F.);
#191 = EDGE_CURVE('',#192,#184,#194,.T.);
#192 = VERTEX_POINT('',#193);
#193 = CARTESIAN_POINT('',(23.,-39.1,4.4));
#194 = CIRCLE('',#195,14.1);
#195 = AXIS2_PLACEMENT_3D('',#196,#197,#198);
#196 = CARTESIAN_POINT('',(23.,-25.,4.4));
#197 = DIRECTION('',(0.,0.,1.));
#198 = DIRECTION('',(1.,0.,0.));
#199 = ORIENTED_EDGE('',*,*,#200,.T.);
#200 = EDGE_CURVE('',#192,#141,#201,.T.);
#201 = LINE('',#202,#203);
#202 = CARTESIAN_POINT('',(-37.55,-39.1,4.4));
#203 = VECTOR('',#204,1.);
#204 = DIRECTION('',(-1.,0.,0.));
#205 = PLANE('',#206);
#206 = AXIS2_PLACEMENT_3D('',#207,#208,#209);
#207 = CARTESIAN_POINT('',(-38.,-40.,4.4));
#208 = DIRECTION('',(0.,0.,1.));
#209 = DIRECTION('',(1.,0.,0.));
#210 = ADVANCED_FACE('',(#211),#252,.F.);
#211 = FACE_BOUND('',#212,.F.);
#212 = EDGE_LOOP('',(#213,#221,#222,#230,#238,#246));
#213 = ORIENTED_EDGE('',*,*,#214,.T.);
#214 = EDGE_CURVE('',#215,#40,#217,.T.);
#215 = VERTEX_POINT('',#216);
#216 = CARTESIAN_POINT('',(-30.5,-25.,-1.5));
#217 = LINE('',#218,#219);
#218 = CARTESIAN_POINT('',(-38.,-25.,-1.5));
#219 = VECTOR('',#220,1.);
#220 = DIRECTION('',(-1.,0.,0.));
#221 = ORIENTED_EDGE('',*,*,#39,.T.);
#222 = ORIENTED_EDGE('',*,*,#223,.T.);
#223 = EDGE_CURVE('',#32,#224,#226,.T.);
#224 = VERTEX_POINT('',#225);
#225 = CARTESIAN_POINT('',(-36.5,-25.,0.6));
#226 = LINE('',#227,#228);
#227 = CARTESIAN_POINT('',(-38.,-25.,0.6));
#228 = VECTOR('',#229,1.);
#229 = DIRECTION('',(1.,0.,0.));
#230 = ORIENTED_EDGE('',*,*,#231,.F.);
#231 = EDGE_CURVE('',#232,#224,#234,.T.);
#232 = VERTEX_POINT('',#233);
#233 = CARTESIAN_POINT('',(-36.5,-25.,0.));
#234 = LINE('',#235,#236);
#235 = CARTESIAN_POINT('',(-36.5,-25.,0.));
#236 = VECTOR('',#237,1.);
#237 = DIRECTION('',(0.,0.,1.));
#238 = ORIENTED_EDGE('',*,*,#239,.F.);
#239 = EDGE_CURVE('',#240,#232,#242,.T.);
#240 = VERTEX_POINT('',#241);
#241 = CARTESIAN_POINT('',(-30.5,-25.,0.));
#242 = LINE('',#243,#244);
#243 = CARTESIAN_POINT('',(-37.25,-25.,0.));
#244 = VECTOR('',#245,1.);
#245 = DIRECTION('',(-1.,0.,0.));
#246 = ORIENTED_EDGE('',*,*,#247,.F.);
#247 = EDGE_CURVE('',#215,#240,#248,.T.);
#248 = LINE('',#249,#250);
#249 = CARTESIAN_POINT('',(-30.5,-25.,-3.5));
#250 = VECTOR('',#251,1.);
#251 = DIRECTION('',(0.,0.,1.));
#252 = PLANE('',#253);
#253 = AXIS2_PLACEMENT_3D('',#254,#255,#256);
#254 = CARTESIAN_POINT('',(-38.,-25.,-2.5));
#255 = DIRECTION('',(0.,1.,0.));
#256 = DIRECTION('',(0.,0.,1.));
#257 = ADVANCED_FACE('',(#258),#277,.T.);
#258 = FACE_BOUND('',#259,.T.);
#259 = EDGE_LOOP('',(#260,#261,#270,#276));
#260 = ORIENTED_EDGE('',*,*,#31,.F.);
#261 = ORIENTED_EDGE('',*,*,#262,.T.);
#262 = EDGE_CURVE('',#32,#263,#265,.T.);
#263 = VERTEX_POINT('',#264);
#264 = CARTESIAN_POINT('',(-23.,-40.,0.6));
#265 = CIRCLE('',#266,15.);
#266 = AXIS2_PLACEMENT_3D('',#267,#268,#269);
#267 = CARTESIAN_POINT('',(-23.,-25.,0.6));
#268 = DIRECTION('',(0.,0.,1.));
#269 = DIRECTION('',(-1.,0.,0.));
#270 = ORIENTED_EDGE('',*,*,#271,.T.);
#271 = EDGE_CURVE('',#263,#79,#272,.T.);
#272 = LINE('',#273,#274);
#273 = CARTESIAN_POINT('',(-23.,-40.,-1.5));
#274 = VECTOR('',#275,1.);
#275 = DIRECTION('',(0.,0.,1.));
#276 = ORIENTED_EDGE('',*,*,#78,.F.);
#277 = CYLINDRICAL_SURFACE('',#278,15.);
#278 = AXIS2_PLACEMENT_3D('',#279,#280,#281);
#279 = CARTESIAN_POINT('',(-23.,-25.,-1.5));
#280 = DIRECTION('',(0.,0.,1.));
#281 = DIRECTION('',(-1.,0.,0.));
#282 = ADVANCED_FACE('',(#283),#324,.T.);
#283 = FACE_BOUND('',#284,.T.);
#284 = EDGE_LOOP('',(#285,#293,#294,#302,#310,#318));
#285 = ORIENTED_EDGE('',*,*,#286,.T.);
#286 = EDGE_CURVE('',#287,#48,#289,.T.);
#287 = VERTEX_POINT('',#288);
#288 = CARTESIAN_POINT('',(-30.5,25.,-1.5));
#289 = LINE('',#290,#291);
#290 = CARTESIAN_POINT('',(-38.,25.,-1.5));
#291 = VECTOR('',#292,1.);
#292 = DIRECTION('',(-1.,0.,0.));
#293 = ORIENTED_EDGE('',*,*,#55,.T.);
#294 = ORIENTED_EDGE('',*,*,#295,.T.);
#295 = EDGE_CURVE('',#56,#296,#298,.T.);
#296 = VERTEX_POINT('',#297);
#297 = CARTESIAN_POINT('',(-36.5,25.,0.6));
#298 = LINE('',#299,#300);
#299 = CARTESIAN_POINT('',(-38.,25.,0.6));
#300 = VECTOR('',#301,1.);
#301 = DIRECTION('',(1.,0.,0.));
#302 = ORIENTED_EDGE('',*,*,#303,.F.);
#303 = EDGE_CURVE('',#304,#296,#306,.T.);
#304 = VERTEX_POINT('',#305);
#305 = CARTESIAN_POINT('',(-36.5,25.,0.));
#306 = LINE('',#307,#308);
#307 = CARTESIAN_POINT('',(-36.5,25.,0.));
#308 = VECTOR('',#309,1.);
#309 = DIRECTION('',(0.,0.,1.));
#310 = ORIENTED_EDGE('',*,*,#311,.F.);
#311 = EDGE_CURVE('',#312,#304,#314,.T.);
#312 = VERTEX_POINT('',#313);
#313 = CARTESIAN_POINT('',(-30.5,25.,0.));
#314 = LINE('',#315,#316);
#315 = CARTESIAN_POINT('',(-37.25,25.,0.));
#316 = VECTOR('',#317,1.);
#317 = DIRECTION('',(-1.,0.,0.));
#318 = ORIENTED_EDGE('',*,*,#319,.F.);
#319 = EDGE_CURVE('',#287,#312,#320,.T.);
#320 = LINE('',#321,#322);
#321 = CARTESIAN_POINT('',(-30.5,25.,-3.5));
#322 = VECTOR('',#323,1.);
#323 = DIRECTION('',(0.,0.,1.));
#324 = PLANE('',#325);
#325 = AXIS2_PLACEMENT_3D('',#326,#327,#328);
#326 = CARTESIAN_POINT('',(-38.,25.,-2.5));
#327 = DIRECTION('',(0.,1.,0.));
#328 = DIRECTION('',(0.,0.,1.));
#329 = ADVANCED_FACE('',(#330),#349,.T.);
#330 = FACE_BOUND('',#331,.F.);
#331 = EDGE_LOOP('',(#332,#333,#342,#348));
#332 = ORIENTED_EDGE('',*,*,#63,.F.);
#333 = ORIENTED_EDGE('',*,*,#334,.F.);
#334 = EDGE_CURVE('',#335,#56,#337,.T.);
#335 = VERTEX_POINT('',#336);
#336 = CARTESIAN_POINT('',(-23.,40.,0.6));
#337 = CIRCLE('',#338,15.);
#338 = AXIS2_PLACEMENT_3D('',#339,#340,#341);
#339 = CARTESIAN_POINT('',(-23.,25.,0.6));
#340 = DIRECTION('',(0.,0.,1.));
#341 = DIRECTION('',(-1.,0.,0.));
#342 = ORIENTED_EDGE('',*,*,#343,.T.);
#343 = EDGE_CURVE('',#335,#122,#344,.T.);
#344 = LINE('',#345,#346);
#345 = CARTESIAN_POINT('',(-23.,40.,-1.5));
#346 = VECTOR('',#347,1.);
#347 = DIRECTION('',(0.,0.,1.));
#348 = ORIENTED_EDGE('',*,*,#129,.F.);
#349 = CYLINDRICAL_SURFACE('',#350,15.);
#350 = AXIS2_PLACEMENT_3D('',#351,#352,#353);
#351 = CARTESIAN_POINT('',(-23.,25.,-1.5));
#352 = DIRECTION('',(0.,0.,1.));
#353 = DIRECTION('',(-1.,0.,0.));
#354 = ADVANCED_FACE('',(#355,#498,#509),#520,.F.);
#355 = FACE_BOUND('',#356,.F.);
#356 = EDGE_LOOP('',(#357,#358,#359,#368,#376,#384,#392,#401,#409,#417,
    #425,#434,#442,#450,#458,#466,#474,#482,#490,#497));
#357 = ORIENTED_EDGE('',*,*,#47,.F.);
#358 = ORIENTED_EDGE('',*,*,#214,.F.);
#359 = ORIENTED_EDGE('',*,*,#360,.T.);
#360 = EDGE_CURVE('',#215,#361,#363,.T.);
#361 = VERTEX_POINT('',#362);
#362 = CARTESIAN_POINT('',(-23.,-32.5,-1.5));
#363 = CIRCLE('',#364,7.5);
#364 = AXIS2_PLACEMENT_3D('',#365,#366,#367);
#365 = CARTESIAN_POINT('',(-23.,-25.,-1.5));
#366 = DIRECTION('',(0.,0.,1.));
#367 = DIRECTION('',(1.,0.,0.));
#368 = ORIENTED_EDGE('',*,*,#369,.F.);
#369 = EDGE_CURVE('',#370,#361,#372,.T.);
#370 = VERTEX_POINT('',#371);
#371 = CARTESIAN_POINT('',(-23.,-40.,-1.5));
#372 = LINE('',#373,#374);
#373 = CARTESIAN_POINT('',(-23.,-40.,-1.5));
#374 = VECTOR('',#375,1.);
#375 = DIRECTION('',(0.,1.,0.));
#376 = ORIENTED_EDGE('',*,*,#377,.T.);
#377 = EDGE_CURVE('',#370,#378,#380,.T.);
#378 = VERTEX_POINT('',#379);
#379 = CARTESIAN_POINT('',(23.,-40.,-1.5));
#380 = LINE('',#381,#382);
#381 = CARTESIAN_POINT('',(-38.,-40.,-1.5));
#382 = VECTOR('',#383,1.);
#383 = DIRECTION('',(1.,0.,0.));
#384 = ORIENTED_EDGE('',*,*,#385,.T.);
#385 = EDGE_CURVE('',#378,#386,#388,.T.);
#386 = VERTEX_POINT('',#387);
#387 = CARTESIAN_POINT('',(23.,-32.5,-1.5));
#388 = LINE('',#389,#390);
#389 = CARTESIAN_POINT('',(23.,-40.,-1.5));
#390 = VECTOR('',#391,1.);
#391 = DIRECTION('',(0.,1.,0.));
#392 = ORIENTED_EDGE('',*,*,#393,.T.);
#393 = EDGE_CURVE('',#386,#394,#396,.T.);
#394 = VERTEX_POINT('',#395);
#395 = CARTESIAN_POINT('',(30.5,-25.,-1.5));
#396 = CIRCLE('',#397,7.5);
#397 = AXIS2_PLACEMENT_3D('',#398,#399,#400);
#398 = CARTESIAN_POINT('',(23.,-25.,-1.5));
#399 = DIRECTION('',(0.,0.,1.));
#400 = DIRECTION('',(1.,0.,0.));
#401 = ORIENTED_EDGE('',*,*,#402,.F.);
#402 = EDGE_CURVE('',#403,#394,#405,.T.);
#403 = VERTEX_POINT('',#404);
#404 = CARTESIAN_POINT('',(38.,-25.,-1.5));
#405 = LINE('',#406,#407);
#406 = CARTESIAN_POINT('',(-7.5,-25.,-1.5));
#407 = VECTOR('',#408,1.);
#408 = DIRECTION('',(-1.,0.,0.));
#409 = ORIENTED_EDGE('',*,*,#410,.T.);
#410 = EDGE_CURVE('',#403,#411,#413,.T.);
#411 = VERTEX_POINT('',#412);
#412 = CARTESIAN_POINT('',(38.,25.,-1.5));
#413 = LINE('',#414,#415);
#414 = CARTESIAN_POINT('',(38.,-40.,-1.5));
#415 = VECTOR('',#416,1.);
#416 = DIRECTION('',(0.,1.,0.));
#417 = ORIENTED_EDGE('',*,*,#418,.T.);
#418 = EDGE_CURVE('',#411,#419,#421,.T.);
#419 = VERTEX_POINT('',#420);
#420 = CARTESIAN_POINT('',(30.5,25.,-1.5));
#421 = LINE('',#422,#423);
#422 = CARTESIAN_POINT('',(-7.5,25.,-1.5));
#423 = VECTOR('',#424,1.);
#424 = DIRECTION('',(-1.,0.,0.));
#425 = ORIENTED_EDGE('',*,*,#426,.T.);
#426 = EDGE_CURVE('',#419,#427,#429,.T.);
#427 = VERTEX_POINT('',#428);
#428 = CARTESIAN_POINT('',(23.,32.5,-1.5));
#429 = CIRCLE('',#430,7.5);
#430 = AXIS2_PLACEMENT_3D('',#431,#432,#433);
#431 = CARTESIAN_POINT('',(23.,25.,-1.5));
#432 = DIRECTION('',(0.,0.,1.));
#433 = DIRECTION('',(1.,0.,0.));
#434 = ORIENTED_EDGE('',*,*,#435,.T.);
#435 = EDGE_CURVE('',#427,#436,#438,.T.);
#436 = VERTEX_POINT('',#437);
#437 = CARTESIAN_POINT('',(23.,40.,-1.5));
#438 = LINE('',#439,#440);
#439 = CARTESIAN_POINT('',(23.,-7.5,-1.5));
#440 = VECTOR('',#441,1.);
#441 = DIRECTION('',(0.,1.,0.));
#442 = ORIENTED_EDGE('',*,*,#443,.F.);
#443 = EDGE_CURVE('',#444,#436,#446,.T.);
#444 = VERTEX_POINT('',#445);
#445 = CARTESIAN_POINT('',(21.85,40.,-1.5));
#446 = LINE('',#447,#448);
#447 = CARTESIAN_POINT('',(-38.,40.,-1.5));
#448 = VECTOR('',#449,1.);
#449 = DIRECTION('',(1.,0.,0.));
#450 = ORIENTED_EDGE('',*,*,#451,.F.);
#451 = EDGE_CURVE('',#452,#444,#454,.T.);
#452 = VERTEX_POINT('',#453);
#453 = CARTESIAN_POINT('',(21.85,31.5,-1.5));
#454 = LINE('',#455,#456);
#455 = CARTESIAN_POINT('',(21.85,-4.25,-1.5));
#456 = VECTOR('',#457,1.);
#457 = DIRECTION('',(0.,1.,0.));
#458 = ORIENTED_EDGE('',*,*,#459,.T.);
#459 = EDGE_CURVE('',#452,#460,#462,.T.);
#460 = VERTEX_POINT('',#461);
#461 = CARTESIAN_POINT('',(5.35,31.5,-1.5));
#462 = LINE('',#463,#464);
#463 = CARTESIAN_POINT('',(-16.325,31.5,-1.5));
#464 = VECTOR('',#465,1.);
#465 = DIRECTION('',(-1.,0.,0.));
#466 = ORIENTED_EDGE('',*,*,#467,.T.);
#467 = EDGE_CURVE('',#460,#468,#470,.T.);
#468 = VERTEX_POINT('',#469);
#469 = CARTESIAN_POINT('',(5.35,40.,-1.5));
#470 = LINE('',#471,#472);
#471 = CARTESIAN_POINT('',(5.35,-4.25,-1.5));
#472 = VECTOR('',#473,1.);
#473 = DIRECTION('',(0.,1.,0.));
#474 = ORIENTED_EDGE('',*,*,#475,.F.);
#475 = EDGE_CURVE('',#476,#468,#478,.T.);
#476 = VERTEX_POINT('',#477);
#477 = CARTESIAN_POINT('',(-23.,40.,-1.5));
#478 = LINE('',#479,#480);
#479 = CARTESIAN_POINT('',(-38.,40.,-1.5));
#480 = VECTOR('',#481,1.);
#481 = DIRECTION('',(1.,0.,0.));
#482 = ORIENTED_EDGE('',*,*,#483,.F.);
#483 = EDGE_CURVE('',#484,#476,#486,.T.);
#484 = VERTEX_POINT('',#485);
#485 = CARTESIAN_POINT('',(-23.,32.5,-1.5));
#486 = LINE('',#487,#488);
#487 = CARTESIAN_POINT('',(-23.,-7.5,-1.5));
#488 = VECTOR('',#489,1.);
#489 = DIRECTION('',(0.,1.,0.));
#490 = ORIENTED_EDGE('',*,*,#491,.T.);
#491 = EDGE_CURVE('',#484,#287,#492,.T.);
#492 = CIRCLE('',#493,7.5);
#493 = AXIS2_PLACEMENT_3D('',#494,#495,#496);
#494 = CARTESIAN_POINT('',(-23.,25.,-1.5));
#495 = DIRECTION('',(0.,0.,1.));
#496 = DIRECTION('',(1.,0.,0.));
#497 = ORIENTED_EDGE('',*,*,#286,.T.);
#498 = FACE_BOUND('',#499,.F.);
#499 = EDGE_LOOP('',(#500));
#500 = ORIENTED_EDGE('',*,*,#501,.F.);
#501 = EDGE_CURVE('',#502,#502,#504,.T.);
#502 = VERTEX_POINT('',#503);
#503 = CARTESIAN_POINT('',(24.4,-17.5,-1.5));
#504 = CIRCLE('',#505,1.9);
#505 = AXIS2_PLACEMENT_3D('',#506,#507,#508);
#506 = CARTESIAN_POINT('',(22.5,-17.5,-1.5));
#507 = DIRECTION('',(0.,0.,1.));
#508 = DIRECTION('',(1.,0.,0.));
#509 = FACE_BOUND('',#510,.F.);
#510 = EDGE_LOOP('',(#511));
#511 = ORIENTED_EDGE('',*,*,#512,.F.);
#512 = EDGE_CURVE('',#513,#513,#515,.T.);
#513 = VERTEX_POINT('',#514);
#514 = CARTESIAN_POINT('',(-20.6,17.5,-1.5));
#515 = CIRCLE('',#516,1.9);
#516 = AXIS2_PLACEMENT_3D('',#517,#518,#519);
#517 = CARTESIAN_POINT('',(-22.5,17.5,-1.5));
#518 = DIRECTION('',(0.,0.,1.));
#519 = DIRECTION('',(1.,0.,0.));
#520 = PLANE('',#521);
#521 = AXIS2_PLACEMENT_3D('',#522,#523,#524);
#522 = CARTESIAN_POINT('',(-38.,-40.,-1.5));
#523 = DIRECTION('',(0.,0.,1.));
#524 = DIRECTION('',(1.,0.,0.));
#525 = ADVANCED_FACE('',(#526),#551,.F.);
#526 = FACE_BOUND('',#527,.F.);
#527 = EDGE_LOOP('',(#528,#529,#535,#536,#537,#545));
#528 = ORIENTED_EDGE('',*,*,#377,.F.);
#529 = ORIENTED_EDGE('',*,*,#530,.T.);
#530 = EDGE_CURVE('',#370,#263,#531,.T.);
#531 = LINE('',#532,#533);
#532 = CARTESIAN_POINT('',(-23.,-40.,-1.5));
#533 = VECTOR('',#534,1.);
#534 = DIRECTION('',(0.,0.,1.));
#535 = ORIENTED_EDGE('',*,*,#271,.T.);
#536 = ORIENTED_EDGE('',*,*,#87,.T.);
#537 = ORIENTED_EDGE('',*,*,#538,.F.);
#538 = EDGE_CURVE('',#539,#88,#541,.T.);
#539 = VERTEX_POINT('',#540);
#540 = CARTESIAN_POINT('',(23.,-40.,0.6));
#541 = LINE('',#542,#543);
#542 = CARTESIAN_POINT('',(23.,-40.,-1.5));
#543 = VECTOR('',#544,1.);
#544 = DIRECTION('',(0.,0.,1.));
#545 = ORIENTED_EDGE('',*,*,#546,.F.);
#546 = EDGE_CURVE('',#378,#539,#547,.T.);
#547 = LINE('',#548,#549);
#548 = CARTESIAN_POINT('',(23.,-40.,-1.5));
#549 = VECTOR('',#550,1.);
#550 = DIRECTION('',(0.,0.,1.));
#551 = PLANE('',#552);
#552 = AXIS2_PLACEMENT_3D('',#553,#554,#555);
#553 = CARTESIAN_POINT('',(-38.,-40.,-1.5));
#554 = DIRECTION('',(0.,1.,0.));
#555 = DIRECTION('',(0.,0.,1.));
#556 = ADVANCED_FACE('',(#557),#605,.T.);
#557 = FACE_BOUND('',#558,.T.);
#558 = EDGE_LOOP('',(#559,#560,#566,#567,#568,#576,#582,#583,#591,#599)
  );
#559 = ORIENTED_EDGE('',*,*,#475,.F.);
#560 = ORIENTED_EDGE('',*,*,#561,.T.);
#561 = EDGE_CURVE('',#476,#335,#562,.T.);
#562 = LINE('',#563,#564);
#563 = CARTESIAN_POINT('',(-23.,40.,-1.5));
#564 = VECTOR('',#565,1.);
#565 = DIRECTION('',(0.,0.,1.));
#566 = ORIENTED_EDGE('',*,*,#343,.T.);
#567 = ORIENTED_EDGE('',*,*,#121,.T.);
#568 = ORIENTED_EDGE('',*,*,#569,.F.);
#569 = EDGE_CURVE('',#570,#113,#572,.T.);
#570 = VERTEX_POINT('',#571);
#571 = CARTESIAN_POINT('',(23.,40.,0.6));
#572 = LINE('',#573,#574);
#573 = CARTESIAN_POINT('',(23.,40.,-1.5));
#574 = VECTOR('',#575,1.);
#575 = DIRECTION('',(0.,0.,1.));
#576 = ORIENTED_EDGE('',*,*,#577,.F.);
#577 = EDGE_CURVE('',#436,#570,#578,.T.);
#578 = LINE('',#579,#580);
#579 = CARTESIAN_POINT('',(23.,40.,-1.5));
#580 = VECTOR('',#581,1.);
#581 = DIRECTION('',(0.,0.,1.));
#582 = ORIENTED_EDGE('',*,*,#443,.F.);
#583 = ORIENTED_EDGE('',*,*,#584,.F.);
#584 = EDGE_CURVE('',#585,#444,#587,.T.);
#585 = VERTEX_POINT('',#586);
#586 = CARTESIAN_POINT('',(21.85,40.,1.4));
#587 = LINE('',#588,#589);
#588 = CARTESIAN_POINT('',(21.85,40.,-2.));
#589 = VECTOR('',#590,1.);
#590 = DIRECTION('',(0.,0.,-1.));
#591 = ORIENTED_EDGE('',*,*,#592,.F.);
#592 = EDGE_CURVE('',#593,#585,#595,.T.);
#593 = VERTEX_POINT('',#594);
#594 = CARTESIAN_POINT('',(5.35,40.,1.4));
#595 = LINE('',#596,#597);
#596 = CARTESIAN_POINT('',(-16.325,40.,1.4));
#597 = VECTOR('',#598,1.);
#598 = DIRECTION('',(1.,0.,0.));
#599 = ORIENTED_EDGE('',*,*,#600,.T.);
#600 = EDGE_CURVE('',#593,#468,#601,.T.);
#601 = LINE('',#602,#603);
#602 = CARTESIAN_POINT('',(5.35,40.,-2.));
#603 = VECTOR('',#604,1.);
#604 = DIRECTION('',(0.,0.,-1.));
#605 = PLANE('',#606);
#606 = AXIS2_PLACEMENT_3D('',#607,#608,#609);
#607 = CARTESIAN_POINT('',(-38.,40.,-1.5));
#608 = DIRECTION('',(0.,1.,0.));
#609 = DIRECTION('',(0.,0.,1.));
#610 = ADVANCED_FACE('',(#611),#630,.T.);
#611 = FACE_BOUND('',#612,.F.);
#612 = EDGE_LOOP('',(#613,#621,#628,#629));
#613 = ORIENTED_EDGE('',*,*,#614,.F.);
#614 = EDGE_CURVE('',#615,#96,#617,.T.);
#615 = VERTEX_POINT('',#616);
#616 = CARTESIAN_POINT('',(38.,-25.,0.6));
#617 = LINE('',#618,#619);
#618 = CARTESIAN_POINT('',(38.,-25.,-1.5));
#619 = VECTOR('',#620,1.);
#620 = DIRECTION('',(0.,0.,1.));
#621 = ORIENTED_EDGE('',*,*,#622,.F.);
#622 = EDGE_CURVE('',#539,#615,#623,.T.);
#623 = CIRCLE('',#624,15.);
#624 = AXIS2_PLACEMENT_3D('',#625,#626,#627);
#625 = CARTESIAN_POINT('',(23.,-25.,0.6));
#626 = DIRECTION('',(0.,0.,1.));
#627 = DIRECTION('',(1.,0.,0.));
#628 = ORIENTED_EDGE('',*,*,#538,.T.);
#629 = ORIENTED_EDGE('',*,*,#95,.F.);
#630 = CYLINDRICAL_SURFACE('',#631,15.);
#631 = AXIS2_PLACEMENT_3D('',#632,#633,#634);
#632 = CARTESIAN_POINT('',(23.,-25.,-1.5));
#633 = DIRECTION('',(0.,0.,1.));
#634 = DIRECTION('',(1.,0.,0.));
#635 = ADVANCED_FACE('',(#636),#655,.T.);
#636 = FACE_BOUND('',#637,.T.);
#637 = EDGE_LOOP('',(#638,#646,#653,#654));
#638 = ORIENTED_EDGE('',*,*,#639,.F.);
#639 = EDGE_CURVE('',#640,#105,#642,.T.);
#640 = VERTEX_POINT('',#641);
#641 = CARTESIAN_POINT('',(38.,25.,0.6));
#642 = LINE('',#643,#644);
#643 = CARTESIAN_POINT('',(38.,25.,-1.5));
#644 = VECTOR('',#645,1.);
#645 = DIRECTION('',(0.,0.,1.));
#646 = ORIENTED_EDGE('',*,*,#647,.T.);
#647 = EDGE_CURVE('',#640,#570,#648,.T.);
#648 = CIRCLE('',#649,15.);
#649 = AXIS2_PLACEMENT_3D('',#650,#651,#652);
#650 = CARTESIAN_POINT('',(23.,25.,0.6));
#651 = DIRECTION('',(0.,0.,1.));
#652 = DIRECTION('',(1.,0.,0.));
#653 = ORIENTED_EDGE('',*,*,#569,.T.);
#654 = ORIENTED_EDGE('',*,*,#112,.F.);
#655 = CYLINDRICAL_SURFACE('',#656,15.);
#656 = AXIS2_PLACEMENT_3D('',#657,#658,#659);
#657 = CARTESIAN_POINT('',(23.,25.,-1.5));
#658 = DIRECTION('',(0.,0.,1.));
#659 = DIRECTION('',(1.,0.,0.));
#660 = ADVANCED_FACE('',(#661),#679,.T.);
#661 = FACE_BOUND('',#662,.T.);
#662 = EDGE_LOOP('',(#663,#664,#665,#671,#672,#678));
#663 = ORIENTED_EDGE('',*,*,#104,.F.);
#664 = ORIENTED_EDGE('',*,*,#614,.F.);
#665 = ORIENTED_EDGE('',*,*,#666,.F.);
#666 = EDGE_CURVE('',#403,#615,#667,.T.);
#667 = LINE('',#668,#669);
#668 = CARTESIAN_POINT('',(38.,-25.,-1.5));
#669 = VECTOR('',#670,1.);
#670 = DIRECTION('',(0.,0.,1.));
#671 = ORIENTED_EDGE('',*,*,#410,.T.);
#672 = ORIENTED_EDGE('',*,*,#673,.T.);
#673 = EDGE_CURVE('',#411,#640,#674,.T.);
#674 = LINE('',#675,#676);
#675 = CARTESIAN_POINT('',(38.,25.,-1.5));
#676 = VECTOR('',#677,1.);
#677 = DIRECTION('',(0.,0.,1.));
#678 = ORIENTED_EDGE('',*,*,#639,.T.);
#679 = PLANE('',#680);
#680 = AXIS2_PLACEMENT_3D('',#681,#682,#683);
#681 = CARTESIAN_POINT('',(38.,-40.,-1.5));
#682 = DIRECTION('',(1.,0.,0.));
#683 = DIRECTION('',(0.,0.,1.));
#684 = ADVANCED_FACE('',(#685),#711,.F.);
#685 = FACE_BOUND('',#686,.F.);
#686 = EDGE_LOOP('',(#687,#695,#704,#710));
#687 = ORIENTED_EDGE('',*,*,#688,.F.);
#688 = EDGE_CURVE('',#689,#139,#691,.T.);
#689 = VERTEX_POINT('',#690);
#690 = CARTESIAN_POINT('',(-37.1,-25.,2.4));
#691 = LINE('',#692,#693);
#692 = CARTESIAN_POINT('',(-37.1,-25.,2.4));
#693 = VECTOR('',#694,1.);
#694 = DIRECTION('',(0.,0.,1.));
#695 = ORIENTED_EDGE('',*,*,#696,.T.);
#696 = EDGE_CURVE('',#689,#697,#699,.T.);
#697 = VERTEX_POINT('',#698);
#698 = CARTESIAN_POINT('',(-23.,-39.1,2.4));
#699 = CIRCLE('',#700,14.1);
#700 = AXIS2_PLACEMENT_3D('',#701,#702,#703);
#701 = CARTESIAN_POINT('',(-23.,-25.,2.4));
#702 = DIRECTION('',(-0.,0.,1.));
#703 = DIRECTION('',(0.,-1.,0.));
#704 = ORIENTED_EDGE('',*,*,#705,.T.);
#705 = EDGE_CURVE('',#697,#141,#706,.T.);
#706 = LINE('',#707,#708);
#707 = CARTESIAN_POINT('',(-23.,-39.1,2.4));
#708 = VECTOR('',#709,1.);
#709 = DIRECTION('',(0.,0.,1.));
#710 = ORIENTED_EDGE('',*,*,#138,.F.);
#711 = CYLINDRICAL_SURFACE('',#712,14.1);
#712 = AXIS2_PLACEMENT_3D('',#713,#714,#715);
#713 = CARTESIAN_POINT('',(-23.,-25.,2.4));
#714 = DIRECTION('',(0.,0.,1.));
#715 = DIRECTION('',(-1.,0.,0.));
#716 = ADVANCED_FACE('',(#717),#735,.T.);
#717 = FACE_BOUND('',#718,.T.);
#718 = EDGE_LOOP('',(#719,#727,#728,#729));
#719 = ORIENTED_EDGE('',*,*,#720,.F.);
#720 = EDGE_CURVE('',#697,#721,#723,.T.);
#721 = VERTEX_POINT('',#722);
#722 = CARTESIAN_POINT('',(23.,-39.1,2.4));
#723 = LINE('',#724,#725);
#724 = CARTESIAN_POINT('',(-37.1,-39.1,2.4));
#725 = VECTOR('',#726,1.);
#726 = DIRECTION('',(1.,0.,0.));
#727 = ORIENTED_EDGE('',*,*,#705,.T.);
#728 = ORIENTED_EDGE('',*,*,#200,.F.);
#729 = ORIENTED_EDGE('',*,*,#730,.F.);
#730 = EDGE_CURVE('',#721,#192,#731,.T.);
#731 = LINE('',#732,#733);
#732 = CARTESIAN_POINT('',(23.,-39.1,2.4));
#733 = VECTOR('',#734,1.);
#734 = DIRECTION('',(0.,0.,1.));
#735 = PLANE('',#736);
#736 = AXIS2_PLACEMENT_3D('',#737,#738,#739);
#737 = CARTESIAN_POINT('',(-37.1,-39.1,2.4));
#738 = DIRECTION('',(0.,1.,0.));
#739 = DIRECTION('',(0.,0.,1.));
#740 = ADVANCED_FACE('',(#741),#760,.F.);
#741 = FACE_BOUND('',#742,.T.);
#742 = EDGE_LOOP('',(#743,#751,#758,#759));
#743 = ORIENTED_EDGE('',*,*,#744,.F.);
#744 = EDGE_CURVE('',#745,#184,#747,.T.);
#745 = VERTEX_POINT('',#746);
#746 = CARTESIAN_POINT('',(37.1,-25.,2.4));
#747 = LINE('',#748,#749);
#748 = CARTESIAN_POINT('',(37.1,-25.,2.4));
#749 = VECTOR('',#750,1.);
#750 = DIRECTION('',(0.,0.,1.));
#751 = ORIENTED_EDGE('',*,*,#752,.T.);
#752 = EDGE_CURVE('',#745,#721,#753,.T.);
#753 = CIRCLE('',#754,14.1);
#754 = AXIS2_PLACEMENT_3D('',#755,#756,#757);
#755 = CARTESIAN_POINT('',(23.,-25.,2.4));
#756 = DIRECTION('',(-0.,-0.,-1.));
#757 = DIRECTION('',(0.,-1.,0.));
#758 = ORIENTED_EDGE('',*,*,#730,.T.);
#759 = ORIENTED_EDGE('',*,*,#191,.T.);
#760 = CYLINDRICAL_SURFACE('',#761,14.1);
#761 = AXIS2_PLACEMENT_3D('',#762,#763,#764);
#762 = CARTESIAN_POINT('',(23.,-25.,2.4));
#763 = DIRECTION('',(0.,0.,1.));
#764 = DIRECTION('',(1.,0.,0.));
#765 = ADVANCED_FACE('',(#766),#784,.F.);
#766 = FACE_BOUND('',#767,.F.);
#767 = EDGE_LOOP('',(#768,#769,#770,#778));
#768 = ORIENTED_EDGE('',*,*,#183,.F.);
#769 = ORIENTED_EDGE('',*,*,#744,.F.);
#770 = ORIENTED_EDGE('',*,*,#771,.T.);
#771 = EDGE_CURVE('',#745,#772,#774,.T.);
#772 = VERTEX_POINT('',#773);
#773 = CARTESIAN_POINT('',(37.1,25.,2.4));
#774 = LINE('',#775,#776);
#775 = CARTESIAN_POINT('',(37.1,-39.1,2.4));
#776 = VECTOR('',#777,1.);
#777 = DIRECTION('',(0.,1.,0.));
#778 = ORIENTED_EDGE('',*,*,#779,.T.);
#779 = EDGE_CURVE('',#772,#175,#780,.T.);
#780 = LINE('',#781,#782);
#781 = CARTESIAN_POINT('',(37.1,25.,2.4));
#782 = VECTOR('',#783,1.);
#783 = DIRECTION('',(0.,0.,1.));
#784 = PLANE('',#785);
#785 = AXIS2_PLACEMENT_3D('',#786,#787,#788);
#786 = CARTESIAN_POINT('',(37.1,-39.1,2.4));
#787 = DIRECTION('',(1.,0.,0.));
#788 = DIRECTION('',(0.,0.,1.));
#789 = ADVANCED_FACE('',(#790),#809,.F.);
#790 = FACE_BOUND('',#791,.F.);
#791 = EDGE_LOOP('',(#792,#793,#802,#808));
#792 = ORIENTED_EDGE('',*,*,#779,.F.);
#793 = ORIENTED_EDGE('',*,*,#794,.T.);
#794 = EDGE_CURVE('',#772,#795,#797,.T.);
#795 = VERTEX_POINT('',#796);
#796 = CARTESIAN_POINT('',(23.,39.1,2.4));
#797 = CIRCLE('',#798,14.1);
#798 = AXIS2_PLACEMENT_3D('',#799,#800,#801);
#799 = CARTESIAN_POINT('',(23.,25.,2.4));
#800 = DIRECTION('',(-0.,0.,1.));
#801 = DIRECTION('',(0.,-1.,0.));
#802 = ORIENTED_EDGE('',*,*,#803,.T.);
#803 = EDGE_CURVE('',#795,#167,#804,.T.);
#804 = LINE('',#805,#806);
#805 = CARTESIAN_POINT('',(23.,39.1,2.4));
#806 = VECTOR('',#807,1.);
#807 = DIRECTION('',(0.,0.,1.));
#808 = ORIENTED_EDGE('',*,*,#174,.F.);
#809 = CYLINDRICAL_SURFACE('',#810,14.1);
#810 = AXIS2_PLACEMENT_3D('',#811,#812,#813);
#811 = CARTESIAN_POINT('',(23.,25.,2.4));
#812 = DIRECTION('',(0.,0.,1.));
#813 = DIRECTION('',(1.,0.,0.));
#814 = ADVANCED_FACE('',(#815),#833,.F.);
#815 = FACE_BOUND('',#816,.F.);
#816 = EDGE_LOOP('',(#817,#825,#831,#832));
#817 = ORIENTED_EDGE('',*,*,#818,.F.);
#818 = EDGE_CURVE('',#819,#795,#821,.T.);
#819 = VERTEX_POINT('',#820);
#820 = CARTESIAN_POINT('',(-23.,39.1,2.4));
#821 = LINE('',#822,#823);
#822 = CARTESIAN_POINT('',(-37.1,39.1,2.4));
#823 = VECTOR('',#824,1.);
#824 = DIRECTION('',(1.,0.,0.));
#825 = ORIENTED_EDGE('',*,*,#826,.T.);
#826 = EDGE_CURVE('',#819,#158,#827,.T.);
#827 = LINE('',#828,#829);
#828 = CARTESIAN_POINT('',(-23.,39.1,2.4));
#829 = VECTOR('',#830,1.);
#830 = DIRECTION('',(0.,0.,1.));
#831 = ORIENTED_EDGE('',*,*,#166,.F.);
#832 = ORIENTED_EDGE('',*,*,#803,.F.);
#833 = PLANE('',#834);
#834 = AXIS2_PLACEMENT_3D('',#835,#836,#837);
#835 = CARTESIAN_POINT('',(-37.1,39.1,2.4));
#836 = DIRECTION('',(0.,1.,0.));
#837 = DIRECTION('',(0.,0.,1.));
#838 = ADVANCED_FACE('',(#839),#858,.F.);
#839 = FACE_BOUND('',#840,.T.);
#840 = EDGE_LOOP('',(#841,#849,#856,#857));
#841 = ORIENTED_EDGE('',*,*,#842,.F.);
#842 = EDGE_CURVE('',#843,#150,#845,.T.);
#843 = VERTEX_POINT('',#844);
#844 = CARTESIAN_POINT('',(-37.1,25.,2.4));
#845 = LINE('',#846,#847);
#846 = CARTESIAN_POINT('',(-37.1,25.,2.4));
#847 = VECTOR('',#848,1.);
#848 = DIRECTION('',(0.,0.,1.));
#849 = ORIENTED_EDGE('',*,*,#850,.T.);
#850 = EDGE_CURVE('',#843,#819,#851,.T.);
#851 = CIRCLE('',#852,14.1);
#852 = AXIS2_PLACEMENT_3D('',#853,#854,#855);
#853 = CARTESIAN_POINT('',(-23.,25.,2.4));
#854 = DIRECTION('',(-0.,-0.,-1.));
#855 = DIRECTION('',(0.,-1.,0.));
#856 = ORIENTED_EDGE('',*,*,#826,.T.);
#857 = ORIENTED_EDGE('',*,*,#157,.T.);
#858 = CYLINDRICAL_SURFACE('',#859,14.1);
#859 = AXIS2_PLACEMENT_3D('',#860,#861,#862);
#860 = CARTESIAN_POINT('',(-23.,25.,2.4));
#861 = DIRECTION('',(0.,0.,1.));
#862 = DIRECTION('',(-1.,0.,0.));
#863 = ADVANCED_FACE('',(#864),#875,.T.);
#864 = FACE_BOUND('',#865,.T.);
#865 = EDGE_LOOP('',(#866,#867,#868,#874));
#866 = ORIENTED_EDGE('',*,*,#149,.F.);
#867 = ORIENTED_EDGE('',*,*,#688,.F.);
#868 = ORIENTED_EDGE('',*,*,#869,.T.);
#869 = EDGE_CURVE('',#689,#843,#870,.T.);
#870 = LINE('',#871,#872);
#871 = CARTESIAN_POINT('',(-37.1,-39.1,2.4));
#872 = VECTOR('',#873,1.);
#873 = DIRECTION('',(0.,1.,0.));
#874 = ORIENTED_EDGE('',*,*,#842,.T.);
#875 = PLANE('',#876);
#876 = AXIS2_PLACEMENT_3D('',#877,#878,#879);
#877 = CARTESIAN_POINT('',(-37.1,-39.1,2.4));
#878 = DIRECTION('',(1.,0.,0.));
#879 = DIRECTION('',(0.,0.,1.));
#880 = ADVANCED_FACE('',(#881),#900,.T.);
#881 = FACE_BOUND('',#882,.T.);
#882 = EDGE_LOOP('',(#883,#884,#885,#893));
#883 = ORIENTED_EDGE('',*,*,#247,.F.);
#884 = ORIENTED_EDGE('',*,*,#360,.T.);
#885 = ORIENTED_EDGE('',*,*,#886,.T.);
#886 = EDGE_CURVE('',#361,#887,#889,.T.);
#887 = VERTEX_POINT('',#888);
#888 = CARTESIAN_POINT('',(-23.,-32.5,0.));
#889 = LINE('',#890,#891);
#890 = CARTESIAN_POINT('',(-23.,-32.5,-3.5));
#891 = VECTOR('',#892,1.);
#892 = DIRECTION('',(0.,0.,1.));
#893 = ORIENTED_EDGE('',*,*,#894,.F.);
#894 = EDGE_CURVE('',#240,#887,#895,.T.);
#895 = CIRCLE('',#896,7.5);
#896 = AXIS2_PLACEMENT_3D('',#897,#898,#899);
#897 = CARTESIAN_POINT('',(-23.,-25.,0.));
#898 = DIRECTION('',(0.,0.,1.));
#899 = DIRECTION('',(1.,0.,0.));
#900 = CYLINDRICAL_SURFACE('',#901,7.5);
#901 = AXIS2_PLACEMENT_3D('',#902,#903,#904);
#902 = CARTESIAN_POINT('',(-23.,-25.,-3.5));
#903 = DIRECTION('',(0.,0.,1.));
#904 = DIRECTION('',(1.,0.,0.));
#905 = ADVANCED_FACE('',(#906,#1046,#1112,#1178,#1244,#1310,#1376,#1442,
    #1453,#1487,#1553,#1619,#1685,#1751,#1762,#1796,#1807,#1873,#1939,
    #1950,#1984,#1995,#2061,#2127,#2193,#2259,#2325,#2391,#2425,#2436,
    #2502),#2568,.T.);
#906 = FACE_BOUND('',#907,.T.);
#907 = EDGE_LOOP('',(#908,#914,#915,#916,#924,#932,#940,#949,#957,#965,
    #973,#982,#990,#998,#1006,#1014,#1022,#1030,#1038,#1045));
#908 = ORIENTED_EDGE('',*,*,#909,.F.);
#909 = EDGE_CURVE('',#232,#304,#910,.T.);
#910 = LINE('',#911,#912);
#911 = CARTESIAN_POINT('',(-36.5,-38.5,0.));
#912 = VECTOR('',#913,1.);
#913 = DIRECTION('',(0.,1.,0.));
#914 = ORIENTED_EDGE('',*,*,#239,.F.);
#915 = ORIENTED_EDGE('',*,*,#894,.T.);
#916 = ORIENTED_EDGE('',*,*,#917,.F.);
#917 = EDGE_CURVE('',#918,#887,#920,.T.);
#918 = VERTEX_POINT('',#919);
#919 = CARTESIAN_POINT('',(-23.,-38.5,0.));
#920 = LINE('',#921,#922);
#921 = CARTESIAN_POINT('',(-23.,-39.25,0.));
#922 = VECTOR('',#923,1.);
#923 = DIRECTION('',(0.,1.,0.));
#924 = ORIENTED_EDGE('',*,*,#925,.T.);
#925 = EDGE_CURVE('',#918,#926,#928,.T.);
#926 = VERTEX_POINT('',#927);
#927 = CARTESIAN_POINT('',(23.,-38.5,0.));
#928 = LINE('',#929,#930);
#929 = CARTESIAN_POINT('',(-36.5,-38.5,0.));
#930 = VECTOR('',#931,1.);
#931 = DIRECTION('',(1.,0.,0.));
#932 = ORIENTED_EDGE('',*,*,#933,.T.);
#933 = EDGE_CURVE('',#926,#934,#936,.T.);
#934 = VERTEX_POINT('',#935);
#935 = CARTESIAN_POINT('',(23.,-32.5,0.));
#936 = LINE('',#937,#938);
#937 = CARTESIAN_POINT('',(23.,-39.25,0.));
#938 = VECTOR('',#939,1.);
#939 = DIRECTION('',(0.,1.,0.));
#940 = ORIENTED_EDGE('',*,*,#941,.T.);
#941 = EDGE_CURVE('',#934,#942,#944,.T.);
#942 = VERTEX_POINT('',#943);
#943 = CARTESIAN_POINT('',(30.5,-25.,0.));
#944 = CIRCLE('',#945,7.5);
#945 = AXIS2_PLACEMENT_3D('',#946,#947,#948);
#946 = CARTESIAN_POINT('',(23.,-25.,0.));
#947 = DIRECTION('',(0.,0.,1.));
#948 = DIRECTION('',(1.,0.,0.));
#949 = ORIENTED_EDGE('',*,*,#950,.F.);
#950 = EDGE_CURVE('',#951,#942,#953,.T.);
#951 = VERTEX_POINT('',#952);
#952 = CARTESIAN_POINT('',(36.5,-25.,0.));
#953 = LINE('',#954,#955);
#954 = CARTESIAN_POINT('',(-6.75,-25.,0.));
#955 = VECTOR('',#956,1.);
#956 = DIRECTION('',(-1.,0.,0.));
#957 = ORIENTED_EDGE('',*,*,#958,.T.);
#958 = EDGE_CURVE('',#951,#959,#961,.T.);
#959 = VERTEX_POINT('',#960);
#960 = CARTESIAN_POINT('',(36.5,25.,0.));
#961 = LINE('',#962,#963);
#962 = CARTESIAN_POINT('',(36.5,-38.5,0.));
#963 = VECTOR('',#964,1.);
#964 = DIRECTION('',(0.,1.,0.));
#965 = ORIENTED_EDGE('',*,*,#966,.T.);
#966 = EDGE_CURVE('',#959,#967,#969,.T.);
#967 = VERTEX_POINT('',#968);
#968 = CARTESIAN_POINT('',(30.5,25.,0.));
#969 = LINE('',#970,#971);
#970 = CARTESIAN_POINT('',(-6.75,25.,0.));
#971 = VECTOR('',#972,1.);
#972 = DIRECTION('',(-1.,0.,0.));
#973 = ORIENTED_EDGE('',*,*,#974,.T.);
#974 = EDGE_CURVE('',#967,#975,#977,.T.);
#975 = VERTEX_POINT('',#976);
#976 = CARTESIAN_POINT('',(23.,32.5,0.));
#977 = CIRCLE('',#978,7.5);
#978 = AXIS2_PLACEMENT_3D('',#979,#980,#981);
#979 = CARTESIAN_POINT('',(23.,25.,0.));
#980 = DIRECTION('',(0.,0.,1.));
#981 = DIRECTION('',(1.,0.,0.));
#982 = ORIENTED_EDGE('',*,*,#983,.T.);
#983 = EDGE_CURVE('',#975,#984,#986,.T.);
#984 = VERTEX_POINT('',#985);
#985 = CARTESIAN_POINT('',(23.,38.5,0.));
#986 = LINE('',#987,#988);
#987 = CARTESIAN_POINT('',(23.,-6.75,0.));
#988 = VECTOR('',#989,1.);
#989 = DIRECTION('',(0.,1.,0.));
#990 = ORIENTED_EDGE('',*,*,#991,.F.);
#991 = EDGE_CURVE('',#992,#984,#994,.T.);
#992 = VERTEX_POINT('',#993);
#993 = CARTESIAN_POINT('',(21.85,38.5,0.));
#994 = LINE('',#995,#996);
#995 = CARTESIAN_POINT('',(-36.5,38.5,0.));
#996 = VECTOR('',#997,1.);
#997 = DIRECTION('',(1.,0.,0.));
#998 = ORIENTED_EDGE('',*,*,#999,.F.);
#999 = EDGE_CURVE('',#1000,#992,#1002,.T.);
#1000 = VERTEX_POINT('',#1001);
#1001 = CARTESIAN_POINT('',(21.85,31.5,0.));
#1002 = LINE('',#1003,#1004);
#1003 = CARTESIAN_POINT('',(21.85,-3.5,0.));
#1004 = VECTOR('',#1005,1.);
#1005 = DIRECTION('',(0.,1.,0.));
#1006 = ORIENTED_EDGE('',*,*,#1007,.T.);
#1007 = EDGE_CURVE('',#1000,#1008,#1010,.T.);
#1008 = VERTEX_POINT('',#1009);
#1009 = CARTESIAN_POINT('',(5.35,31.5,0.));
#1010 = LINE('',#1011,#1012);
#1011 = CARTESIAN_POINT('',(-15.575,31.5,0.));
#1012 = VECTOR('',#1013,1.);
#1013 = DIRECTION('',(-1.,0.,0.));
#1014 = ORIENTED_EDGE('',*,*,#1015,.T.);
#1015 = EDGE_CURVE('',#1008,#1016,#1018,.T.);
#1016 = VERTEX_POINT('',#1017);
#1017 = CARTESIAN_POINT('',(5.35,38.5,0.));
#1018 = LINE('',#1019,#1020);
#1019 = CARTESIAN_POINT('',(5.35,-3.5,0.));
#1020 = VECTOR('',#1021,1.);
#1021 = DIRECTION('',(0.,1.,0.));
#1022 = ORIENTED_EDGE('',*,*,#1023,.F.);
#1023 = EDGE_CURVE('',#1024,#1016,#1026,.T.);
#1024 = VERTEX_POINT('',#1025);
#1025 = CARTESIAN_POINT('',(-23.,38.5,0.));
#1026 = LINE('',#1027,#1028);
#1027 = CARTESIAN_POINT('',(-36.5,38.5,0.));
#1028 = VECTOR('',#1029,1.);
#1029 = DIRECTION('',(1.,0.,0.));
#1030 = ORIENTED_EDGE('',*,*,#1031,.F.);
#1031 = EDGE_CURVE('',#1032,#1024,#1034,.T.);
#1032 = VERTEX_POINT('',#1033);
#1033 = CARTESIAN_POINT('',(-23.,32.5,0.));
#1034 = LINE('',#1035,#1036);
#1035 = CARTESIAN_POINT('',(-23.,-6.75,0.));
#1036 = VECTOR('',#1037,1.);
#1037 = DIRECTION('',(0.,1.,0.));
#1038 = ORIENTED_EDGE('',*,*,#1039,.T.);
#1039 = EDGE_CURVE('',#1032,#312,#1040,.T.);
#1040 = CIRCLE('',#1041,7.5);
#1041 = AXIS2_PLACEMENT_3D('',#1042,#1043,#1044);
#1042 = CARTESIAN_POINT('',(-23.,25.,0.));
#1043 = DIRECTION('',(0.,0.,1.));
#1044 = DIRECTION('',(1.,0.,0.));
#1045 = ORIENTED_EDGE('',*,*,#311,.T.);
#1046 = FACE_BOUND('',#1047,.T.);
#1047 = EDGE_LOOP('',(#1048,#1058,#1066,#1074,#1082,#1090,#1098,#1106));
#1048 = ORIENTED_EDGE('',*,*,#1049,.T.);
#1049 = EDGE_CURVE('',#1050,#1052,#1054,.T.);
#1050 = VERTEX_POINT('',#1051);
#1051 = CARTESIAN_POINT('',(-33.1,-21.,0.));
#1052 = VERTEX_POINT('',#1053);
#1053 = CARTESIAN_POINT('',(-33.9,-21.,-1.249000902703E-15));
#1054 = LINE('',#1055,#1056);
#1055 = CARTESIAN_POINT('',(-35.2,-21.,0.));
#1056 = VECTOR('',#1057,1.);
#1057 = DIRECTION('',(-1.,0.,0.));
#1058 = ORIENTED_EDGE('',*,*,#1059,.T.);
#1059 = EDGE_CURVE('',#1052,#1060,#1062,.T.);
#1060 = VERTEX_POINT('',#1061);
#1061 = CARTESIAN_POINT('',(-33.9,-19.,-1.249000902703E-15));
#1062 = LINE('',#1063,#1064);
#1063 = CARTESIAN_POINT('',(-33.9,-22.,0.));
#1064 = VECTOR('',#1065,1.);
#1065 = DIRECTION('',(0.,1.,0.));
#1066 = ORIENTED_EDGE('',*,*,#1067,.F.);
#1067 = EDGE_CURVE('',#1068,#1060,#1070,.T.);
#1068 = VERTEX_POINT('',#1069);
#1069 = CARTESIAN_POINT('',(-33.1,-19.,0.));
#1070 = LINE('',#1071,#1072);
#1071 = CARTESIAN_POINT('',(-35.2,-19.,0.));
#1072 = VECTOR('',#1073,1.);
#1073 = DIRECTION('',(-1.,0.,0.));
#1074 = ORIENTED_EDGE('',*,*,#1075,.T.);
#1075 = EDGE_CURVE('',#1068,#1076,#1078,.T.);
#1076 = VERTEX_POINT('',#1077);
#1077 = CARTESIAN_POINT('',(-33.1,-18.2,-1.387778780781E-16));
#1078 = LINE('',#1079,#1080);
#1079 = CARTESIAN_POINT('',(-33.1,-28.75,0.));
#1080 = VECTOR('',#1081,1.);
#1081 = DIRECTION('',(0.,1.,0.));
#1082 = ORIENTED_EDGE('',*,*,#1083,.T.);
#1083 = EDGE_CURVE('',#1076,#1084,#1086,.T.);
#1084 = VERTEX_POINT('',#1085);
#1085 = CARTESIAN_POINT('',(-32.1,-18.2,-1.387778780781E-16));
#1086 = LINE('',#1087,#1088);
#1087 = CARTESIAN_POINT('',(-34.1,-18.2,0.));
#1088 = VECTOR('',#1089,1.);
#1089 = DIRECTION('',(1.,0.,0.));
#1090 = ORIENTED_EDGE('',*,*,#1091,.F.);
#1091 = EDGE_CURVE('',#1092,#1084,#1094,.T.);
#1092 = VERTEX_POINT('',#1093);
#1093 = CARTESIAN_POINT('',(-32.1,-21.8,-1.387778780781E-16));
#1094 = LINE('',#1095,#1096);
#1095 = CARTESIAN_POINT('',(-32.1,-28.75,0.));
#1096 = VECTOR('',#1097,1.);
#1097 = DIRECTION('',(0.,1.,0.));
#1098 = ORIENTED_EDGE('',*,*,#1099,.F.);
#1099 = EDGE_CURVE('',#1100,#1092,#1102,.T.);
#1100 = VERTEX_POINT('',#1101);
#1101 = CARTESIAN_POINT('',(-33.1,-21.8,-1.387778780781E-16));
#1102 = LINE('',#1103,#1104);
#1103 = CARTESIAN_POINT('',(-34.1,-21.8,0.));
#1104 = VECTOR('',#1105,1.);
#1105 = DIRECTION('',(1.,0.,0.));
#1106 = ORIENTED_EDGE('',*,*,#1107,.T.);
#1107 = EDGE_CURVE('',#1100,#1050,#1108,.T.);
#1108 = LINE('',#1109,#1110);
#1109 = CARTESIAN_POINT('',(-33.1,-30.15,0.));
#1110 = VECTOR('',#1111,1.);
#1111 = DIRECTION('',(0.,1.,0.));
#1112 = FACE_BOUND('',#1113,.T.);
#1113 = EDGE_LOOP('',(#1114,#1124,#1132,#1140,#1148,#1156,#1164,#1172));
#1114 = ORIENTED_EDGE('',*,*,#1115,.F.);
#1115 = EDGE_CURVE('',#1116,#1118,#1120,.T.);
#1116 = VERTEX_POINT('',#1117);
#1117 = CARTESIAN_POINT('',(-29.9,-21.8,-1.387778780781E-16));
#1118 = VERTEX_POINT('',#1119);
#1119 = CARTESIAN_POINT('',(-28.9,-21.8,-1.387778780781E-16));
#1120 = LINE('',#1121,#1122);
#1121 = CARTESIAN_POINT('',(-30.9,-21.8,0.));
#1122 = VECTOR('',#1123,1.);
#1123 = DIRECTION('',(1.,0.,0.));
#1124 = ORIENTED_EDGE('',*,*,#1125,.T.);
#1125 = EDGE_CURVE('',#1116,#1126,#1128,.T.);
#1126 = VERTEX_POINT('',#1127);
#1127 = CARTESIAN_POINT('',(-29.9,-18.2,-1.387778780781E-16));
#1128 = LINE('',#1129,#1130);
#1129 = CARTESIAN_POINT('',(-29.9,-30.15,0.));
#1130 = VECTOR('',#1131,1.);
#1131 = DIRECTION('',(0.,1.,0.));
#1132 = ORIENTED_EDGE('',*,*,#1133,.T.);
#1133 = EDGE_CURVE('',#1126,#1134,#1136,.T.);
#1134 = VERTEX_POINT('',#1135);
#1135 = CARTESIAN_POINT('',(-28.9,-18.2,-1.387778780781E-16));
#1136 = LINE('',#1137,#1138);
#1137 = CARTESIAN_POINT('',(-30.9,-18.2,0.));
#1138 = VECTOR('',#1139,1.);
#1139 = DIRECTION('',(1.,0.,0.));
#1140 = ORIENTED_EDGE('',*,*,#1141,.F.);
#1141 = EDGE_CURVE('',#1142,#1134,#1144,.T.);
#1142 = VERTEX_POINT('',#1143);
#1143 = CARTESIAN_POINT('',(-28.9,-19.,0.));
#1144 = LINE('',#1145,#1146);
#1145 = CARTESIAN_POINT('',(-28.9,-28.75,0.));
#1146 = VECTOR('',#1147,1.);
#1147 = DIRECTION('',(0.,1.,0.));
#1148 = ORIENTED_EDGE('',*,*,#1149,.F.);
#1149 = EDGE_CURVE('',#1150,#1142,#1152,.T.);
#1150 = VERTEX_POINT('',#1151);
#1151 = CARTESIAN_POINT('',(-28.1,-19.,-1.249000902703E-15));
#1152 = LINE('',#1153,#1154);
#1153 = CARTESIAN_POINT('',(-32.7,-19.,0.));
#1154 = VECTOR('',#1155,1.);
#1155 = DIRECTION('',(-1.,0.,0.));
#1156 = ORIENTED_EDGE('',*,*,#1157,.F.);
#1157 = EDGE_CURVE('',#1158,#1150,#1160,.T.);
#1158 = VERTEX_POINT('',#1159);
#1159 = CARTESIAN_POINT('',(-28.1,-21.,-1.249000902703E-15));
#1160 = LINE('',#1161,#1162);
#1161 = CARTESIAN_POINT('',(-28.1,-22.,0.));
#1162 = VECTOR('',#1163,1.);
#1163 = DIRECTION('',(0.,1.,0.));
#1164 = ORIENTED_EDGE('',*,*,#1165,.T.);
#1165 = EDGE_CURVE('',#1158,#1166,#1168,.T.);
#1166 = VERTEX_POINT('',#1167);
#1167 = CARTESIAN_POINT('',(-28.9,-21.,0.));
#1168 = LINE('',#1169,#1170);
#1169 = CARTESIAN_POINT('',(-32.7,-21.,0.));
#1170 = VECTOR('',#1171,1.);
#1171 = DIRECTION('',(-1.,0.,0.));
#1172 = ORIENTED_EDGE('',*,*,#1173,.F.);
#1173 = EDGE_CURVE('',#1118,#1166,#1174,.T.);
#1174 = LINE('',#1175,#1176);
#1175 = CARTESIAN_POINT('',(-28.9,-30.15,0.));
#1176 = VECTOR('',#1177,1.);
#1177 = DIRECTION('',(0.,1.,0.));
#1178 = FACE_BOUND('',#1179,.T.);
#1179 = EDGE_LOOP('',(#1180,#1190,#1198,#1206,#1214,#1222,#1230,#1238));
#1180 = ORIENTED_EDGE('',*,*,#1181,.T.);
#1181 = EDGE_CURVE('',#1182,#1184,#1186,.T.);
#1182 = VERTEX_POINT('',#1183);
#1183 = CARTESIAN_POINT('',(-11.,-35.1,0.));
#1184 = VERTEX_POINT('',#1185);
#1185 = CARTESIAN_POINT('',(-11.,-35.9,-1.249000902703E-15));
#1186 = LINE('',#1187,#1188);
#1187 = CARTESIAN_POINT('',(-11.,-37.2,0.));
#1188 = VECTOR('',#1189,1.);
#1189 = DIRECTION('',(-1.110223024625E-16,-1.,0.));
#1190 = ORIENTED_EDGE('',*,*,#1191,.T.);
#1191 = EDGE_CURVE('',#1184,#1192,#1194,.T.);
#1192 = VERTEX_POINT('',#1193);
#1193 = CARTESIAN_POINT('',(-13.,-35.9,-1.249000902703E-15));
#1194 = LINE('',#1195,#1196);
#1195 = CARTESIAN_POINT('',(-10.,-35.9,0.));
#1196 = VECTOR('',#1197,1.);
#1197 = DIRECTION('',(-1.,1.110223024625E-16,0.));
#1198 = ORIENTED_EDGE('',*,*,#1199,.F.);
#1199 = EDGE_CURVE('',#1200,#1192,#1202,.T.);
#1200 = VERTEX_POINT('',#1201);
#1201 = CARTESIAN_POINT('',(-13.,-35.1,0.));
#1202 = LINE('',#1203,#1204);
#1203 = CARTESIAN_POINT('',(-13.,-37.2,0.));
#1204 = VECTOR('',#1205,1.);
#1205 = DIRECTION('',(-1.110223024625E-16,-1.,0.));
#1206 = ORIENTED_EDGE('',*,*,#1207,.T.);
#1207 = EDGE_CURVE('',#1200,#1208,#1210,.T.);
#1208 = VERTEX_POINT('',#1209);
#1209 = CARTESIAN_POINT('',(-13.8,-35.1,-1.387778780781E-16));
#1210 = LINE('',#1211,#1212);
#1211 = CARTESIAN_POINT('',(-24.75,-35.1,0.));
#1212 = VECTOR('',#1213,1.);
#1213 = DIRECTION('',(-1.,1.110223024625E-16,0.));
#1214 = ORIENTED_EDGE('',*,*,#1215,.T.);
#1215 = EDGE_CURVE('',#1208,#1216,#1218,.T.);
#1216 = VERTEX_POINT('',#1217);
#1217 = CARTESIAN_POINT('',(-13.8,-34.1,-1.387778780781E-16));
#1218 = LINE('',#1219,#1220);
#1219 = CARTESIAN_POINT('',(-13.8,-36.1,0.));
#1220 = VECTOR('',#1221,1.);
#1221 = DIRECTION('',(1.110223024625E-16,1.,0.));
#1222 = ORIENTED_EDGE('',*,*,#1223,.F.);
#1223 = EDGE_CURVE('',#1224,#1216,#1226,.T.);
#1224 = VERTEX_POINT('',#1225);
#1225 = CARTESIAN_POINT('',(-10.2,-34.1,-1.387778780781E-16));
#1226 = LINE('',#1227,#1228);
#1227 = CARTESIAN_POINT('',(-24.75,-34.1,0.));
#1228 = VECTOR('',#1229,1.);
#1229 = DIRECTION('',(-1.,1.110223024625E-16,0.));
#1230 = ORIENTED_EDGE('',*,*,#1231,.F.);
#1231 = EDGE_CURVE('',#1232,#1224,#1234,.T.);
#1232 = VERTEX_POINT('',#1233);
#1233 = CARTESIAN_POINT('',(-10.2,-35.1,-1.387778780781E-16));
#1234 = LINE('',#1235,#1236);
#1235 = CARTESIAN_POINT('',(-10.2,-36.1,0.));
#1236 = VECTOR('',#1237,1.);
#1237 = DIRECTION('',(1.110223024625E-16,1.,0.));
#1238 = ORIENTED_EDGE('',*,*,#1239,.T.);
#1239 = EDGE_CURVE('',#1232,#1182,#1240,.T.);
#1240 = LINE('',#1241,#1242);
#1241 = CARTESIAN_POINT('',(-23.35,-35.1,0.));
#1242 = VECTOR('',#1243,1.);
#1243 = DIRECTION('',(-1.,1.110223024625E-16,0.));
#1244 = FACE_BOUND('',#1245,.T.);
#1245 = EDGE_LOOP('',(#1246,#1256,#1264,#1272,#1280,#1288,#1296,#1304));
#1246 = ORIENTED_EDGE('',*,*,#1247,.F.);
#1247 = EDGE_CURVE('',#1248,#1250,#1252,.T.);
#1248 = VERTEX_POINT('',#1249);
#1249 = CARTESIAN_POINT('',(-10.2,-31.9,-1.387778780781E-16));
#1250 = VERTEX_POINT('',#1251);
#1251 = CARTESIAN_POINT('',(-10.2,-30.9,-1.387778780781E-16));
#1252 = LINE('',#1253,#1254);
#1253 = CARTESIAN_POINT('',(-10.2,-32.9,0.));
#1254 = VECTOR('',#1255,1.);
#1255 = DIRECTION('',(1.110223024625E-16,1.,0.));
#1256 = ORIENTED_EDGE('',*,*,#1257,.T.);
#1257 = EDGE_CURVE('',#1248,#1258,#1260,.T.);
#1258 = VERTEX_POINT('',#1259);
#1259 = CARTESIAN_POINT('',(-13.8,-31.9,-1.387778780781E-16));
#1260 = LINE('',#1261,#1262);
#1261 = CARTESIAN_POINT('',(-23.35,-31.9,0.));
#1262 = VECTOR('',#1263,1.);
#1263 = DIRECTION('',(-1.,1.110223024625E-16,0.));
#1264 = ORIENTED_EDGE('',*,*,#1265,.T.);
#1265 = EDGE_CURVE('',#1258,#1266,#1268,.T.);
#1266 = VERTEX_POINT('',#1267);
#1267 = CARTESIAN_POINT('',(-13.8,-30.9,-1.387778780781E-16));
#1268 = LINE('',#1269,#1270);
#1269 = CARTESIAN_POINT('',(-13.8,-32.9,0.));
#1270 = VECTOR('',#1271,1.);
#1271 = DIRECTION('',(1.110223024625E-16,1.,0.));
#1272 = ORIENTED_EDGE('',*,*,#1273,.F.);
#1273 = EDGE_CURVE('',#1274,#1266,#1276,.T.);
#1274 = VERTEX_POINT('',#1275);
#1275 = CARTESIAN_POINT('',(-13.,-30.9,0.));
#1276 = LINE('',#1277,#1278);
#1277 = CARTESIAN_POINT('',(-24.75,-30.9,0.));
#1278 = VECTOR('',#1279,1.);
#1279 = DIRECTION('',(-1.,1.110223024625E-16,0.));
#1280 = ORIENTED_EDGE('',*,*,#1281,.F.);
#1281 = EDGE_CURVE('',#1282,#1274,#1284,.T.);
#1282 = VERTEX_POINT('',#1283);
#1283 = CARTESIAN_POINT('',(-13.,-30.1,-1.249000902703E-15));
#1284 = LINE('',#1285,#1286);
#1285 = CARTESIAN_POINT('',(-13.,-34.7,0.));
#1286 = VECTOR('',#1287,1.);
#1287 = DIRECTION('',(-1.110223024625E-16,-1.,0.));
#1288 = ORIENTED_EDGE('',*,*,#1289,.F.);
#1289 = EDGE_CURVE('',#1290,#1282,#1292,.T.);
#1290 = VERTEX_POINT('',#1291);
#1291 = CARTESIAN_POINT('',(-11.,-30.1,-1.249000902703E-15));
#1292 = LINE('',#1293,#1294);
#1293 = CARTESIAN_POINT('',(-10.,-30.1,0.));
#1294 = VECTOR('',#1295,1.);
#1295 = DIRECTION('',(-1.,1.110223024625E-16,0.));
#1296 = ORIENTED_EDGE('',*,*,#1297,.T.);
#1297 = EDGE_CURVE('',#1290,#1298,#1300,.T.);
#1298 = VERTEX_POINT('',#1299);
#1299 = CARTESIAN_POINT('',(-11.,-30.9,0.));
#1300 = LINE('',#1301,#1302);
#1301 = CARTESIAN_POINT('',(-11.,-34.7,0.));
#1302 = VECTOR('',#1303,1.);
#1303 = DIRECTION('',(-1.110223024625E-16,-1.,0.));
#1304 = ORIENTED_EDGE('',*,*,#1305,.F.);
#1305 = EDGE_CURVE('',#1250,#1298,#1306,.T.);
#1306 = LINE('',#1307,#1308);
#1307 = CARTESIAN_POINT('',(-23.35,-30.9,0.));
#1308 = VECTOR('',#1309,1.);
#1309 = DIRECTION('',(-1.,1.110223024625E-16,0.));
#1310 = FACE_BOUND('',#1311,.T.);
#1311 = EDGE_LOOP('',(#1312,#1322,#1330,#1338,#1346,#1354,#1362,#1370));
#1312 = ORIENTED_EDGE('',*,*,#1313,.T.);
#1313 = EDGE_CURVE('',#1314,#1316,#1318,.T.);
#1314 = VERTEX_POINT('',#1315);
#1315 = CARTESIAN_POINT('',(-33.1,-1.,0.));
#1316 = VERTEX_POINT('',#1317);
#1317 = CARTESIAN_POINT('',(-33.9,-1.,-1.249000902703E-15));
#1318 = LINE('',#1319,#1320);
#1319 = CARTESIAN_POINT('',(-35.2,-1.,0.));
#1320 = VECTOR('',#1321,1.);
#1321 = DIRECTION('',(-1.,0.,0.));
#1322 = ORIENTED_EDGE('',*,*,#1323,.T.);
#1323 = EDGE_CURVE('',#1316,#1324,#1326,.T.);
#1324 = VERTEX_POINT('',#1325);
#1325 = CARTESIAN_POINT('',(-33.9,1.,-1.249000902703E-15));
#1326 = LINE('',#1327,#1328);
#1327 = CARTESIAN_POINT('',(-33.9,-2.,0.));
#1328 = VECTOR('',#1329,1.);
#1329 = DIRECTION('',(0.,1.,0.));
#1330 = ORIENTED_EDGE('',*,*,#1331,.F.);
#1331 = EDGE_CURVE('',#1332,#1324,#1334,.T.);
#1332 = VERTEX_POINT('',#1333);
#1333 = CARTESIAN_POINT('',(-33.1,1.,0.));
#1334 = LINE('',#1335,#1336);
#1335 = CARTESIAN_POINT('',(-35.2,1.,0.));
#1336 = VECTOR('',#1337,1.);
#1337 = DIRECTION('',(-1.,0.,0.));
#1338 = ORIENTED_EDGE('',*,*,#1339,.T.);
#1339 = EDGE_CURVE('',#1332,#1340,#1342,.T.);
#1340 = VERTEX_POINT('',#1341);
#1341 = CARTESIAN_POINT('',(-33.1,1.8,-1.387778780781E-16));
#1342 = LINE('',#1343,#1344);
#1343 = CARTESIAN_POINT('',(-33.1,-18.75,0.));
#1344 = VECTOR('',#1345,1.);
#1345 = DIRECTION('',(0.,1.,0.));
#1346 = ORIENTED_EDGE('',*,*,#1347,.T.);
#1347 = EDGE_CURVE('',#1340,#1348,#1350,.T.);
#1348 = VERTEX_POINT('',#1349);
#1349 = CARTESIAN_POINT('',(-32.1,1.8,-1.387778780781E-16));
#1350 = LINE('',#1351,#1352);
#1351 = CARTESIAN_POINT('',(-34.1,1.8,0.));
#1352 = VECTOR('',#1353,1.);
#1353 = DIRECTION('',(1.,0.,0.));
#1354 = ORIENTED_EDGE('',*,*,#1355,.F.);
#1355 = EDGE_CURVE('',#1356,#1348,#1358,.T.);
#1356 = VERTEX_POINT('',#1357);
#1357 = CARTESIAN_POINT('',(-32.1,-1.8,-1.387778780781E-16));
#1358 = LINE('',#1359,#1360);
#1359 = CARTESIAN_POINT('',(-32.1,-18.75,0.));
#1360 = VECTOR('',#1361,1.);
#1361 = DIRECTION('',(0.,1.,0.));
#1362 = ORIENTED_EDGE('',*,*,#1363,.F.);
#1363 = EDGE_CURVE('',#1364,#1356,#1366,.T.);
#1364 = VERTEX_POINT('',#1365);
#1365 = CARTESIAN_POINT('',(-33.1,-1.8,-1.387778780781E-16));
#1366 = LINE('',#1367,#1368);
#1367 = CARTESIAN_POINT('',(-34.1,-1.8,0.));
#1368 = VECTOR('',#1369,1.);
#1369 = DIRECTION('',(1.,0.,0.));
#1370 = ORIENTED_EDGE('',*,*,#1371,.T.);
#1371 = EDGE_CURVE('',#1364,#1314,#1372,.T.);
#1372 = LINE('',#1373,#1374);
#1373 = CARTESIAN_POINT('',(-33.1,-20.15,0.));
#1374 = VECTOR('',#1375,1.);
#1375 = DIRECTION('',(0.,1.,0.));
#1376 = FACE_BOUND('',#1377,.T.);
#1377 = EDGE_LOOP('',(#1378,#1388,#1396,#1404,#1412,#1420,#1428,#1436));
#1378 = ORIENTED_EDGE('',*,*,#1379,.F.);
#1379 = EDGE_CURVE('',#1380,#1382,#1384,.T.);
#1380 = VERTEX_POINT('',#1381);
#1381 = CARTESIAN_POINT('',(-29.9,-1.8,-1.387778780781E-16));
#1382 = VERTEX_POINT('',#1383);
#1383 = CARTESIAN_POINT('',(-28.9,-1.8,-1.387778780781E-16));
#1384 = LINE('',#1385,#1386);
#1385 = CARTESIAN_POINT('',(-30.9,-1.8,0.));
#1386 = VECTOR('',#1387,1.);
#1387 = DIRECTION('',(1.,0.,0.));
#1388 = ORIENTED_EDGE('',*,*,#1389,.T.);
#1389 = EDGE_CURVE('',#1380,#1390,#1392,.T.);
#1390 = VERTEX_POINT('',#1391);
#1391 = CARTESIAN_POINT('',(-29.9,1.8,-1.387778780781E-16));
#1392 = LINE('',#1393,#1394);
#1393 = CARTESIAN_POINT('',(-29.9,-20.15,0.));
#1394 = VECTOR('',#1395,1.);
#1395 = DIRECTION('',(0.,1.,0.));
#1396 = ORIENTED_EDGE('',*,*,#1397,.T.);
#1397 = EDGE_CURVE('',#1390,#1398,#1400,.T.);
#1398 = VERTEX_POINT('',#1399);
#1399 = CARTESIAN_POINT('',(-28.9,1.8,-1.387778780781E-16));
#1400 = LINE('',#1401,#1402);
#1401 = CARTESIAN_POINT('',(-30.9,1.8,0.));
#1402 = VECTOR('',#1403,1.);
#1403 = DIRECTION('',(1.,0.,0.));
#1404 = ORIENTED_EDGE('',*,*,#1405,.F.);
#1405 = EDGE_CURVE('',#1406,#1398,#1408,.T.);
#1406 = VERTEX_POINT('',#1407);
#1407 = CARTESIAN_POINT('',(-28.9,1.,0.));
#1408 = LINE('',#1409,#1410);
#1409 = CARTESIAN_POINT('',(-28.9,-18.75,0.));
#1410 = VECTOR('',#1411,1.);
#1411 = DIRECTION('',(0.,1.,0.));
#1412 = ORIENTED_EDGE('',*,*,#1413,.F.);
#1413 = EDGE_CURVE('',#1414,#1406,#1416,.T.);
#1414 = VERTEX_POINT('',#1415);
#1415 = CARTESIAN_POINT('',(-28.1,1.,-1.249000902703E-15));
#1416 = LINE('',#1417,#1418);
#1417 = CARTESIAN_POINT('',(-32.7,1.,0.));
#1418 = VECTOR('',#1419,1.);
#1419 = DIRECTION('',(-1.,0.,0.));
#1420 = ORIENTED_EDGE('',*,*,#1421,.F.);
#1421 = EDGE_CURVE('',#1422,#1414,#1424,.T.);
#1422 = VERTEX_POINT('',#1423);
#1423 = CARTESIAN_POINT('',(-28.1,-1.,-1.249000902703E-15));
#1424 = LINE('',#1425,#1426);
#1425 = CARTESIAN_POINT('',(-28.1,-2.,0.));
#1426 = VECTOR('',#1427,1.);
#1427 = DIRECTION('',(0.,1.,0.));
#1428 = ORIENTED_EDGE('',*,*,#1429,.T.);
#1429 = EDGE_CURVE('',#1422,#1430,#1432,.T.);
#1430 = VERTEX_POINT('',#1431);
#1431 = CARTESIAN_POINT('',(-28.9,-1.,0.));
#1432 = LINE('',#1433,#1434);
#1433 = CARTESIAN_POINT('',(-32.7,-1.,0.));
#1434 = VECTOR('',#1435,1.);
#1435 = DIRECTION('',(-1.,0.,0.));
#1436 = ORIENTED_EDGE('',*,*,#1437,.F.);
#1437 = EDGE_CURVE('',#1382,#1430,#1438,.T.);
#1438 = LINE('',#1439,#1440);
#1439 = CARTESIAN_POINT('',(-28.9,-20.15,0.));
#1440 = VECTOR('',#1441,1.);
#1441 = DIRECTION('',(0.,1.,0.));
#1442 = FACE_BOUND('',#1443,.T.);
#1443 = EDGE_LOOP('',(#1444));
#1444 = ORIENTED_EDGE('',*,*,#1445,.F.);
#1445 = EDGE_CURVE('',#1446,#1446,#1448,.T.);
#1446 = VERTEX_POINT('',#1447);
#1447 = CARTESIAN_POINT('',(-6.35,-12.7,0.));
#1448 = CIRCLE('',#1449,2.54);
#1449 = AXIS2_PLACEMENT_3D('',#1450,#1451,#1452);
#1450 = CARTESIAN_POINT('',(-8.89,-12.7,0.));
#1451 = DIRECTION('',(0.,0.,1.));
#1452 = DIRECTION('',(1.,0.,0.));
#1453 = FACE_BOUND('',#1454,.T.);
#1454 = EDGE_LOOP('',(#1455,#1465,#1473,#1481));
#1455 = ORIENTED_EDGE('',*,*,#1456,.T.);
#1456 = EDGE_CURVE('',#1457,#1459,#1461,.T.);
#1457 = VERTEX_POINT('',#1458);
#1458 = CARTESIAN_POINT('',(-11.53,-10.,0.));
#1459 = VERTEX_POINT('',#1460);
#1460 = CARTESIAN_POINT('',(-15.03,-10.,-1.746346123266E-14));
#1461 = LINE('',#1462,#1463);
#1462 = CARTESIAN_POINT('',(-25.015,-10.,0.));
#1463 = VECTOR('',#1464,1.);
#1464 = DIRECTION('',(-1.,0.,0.));
#1465 = ORIENTED_EDGE('',*,*,#1466,.T.);
#1466 = EDGE_CURVE('',#1459,#1467,#1469,.T.);
#1467 = VERTEX_POINT('',#1468);
#1468 = CARTESIAN_POINT('',(-15.03,-7.,-1.746346123266E-14));
#1469 = LINE('',#1470,#1471);
#1470 = CARTESIAN_POINT('',(-15.03,-11.,0.));
#1471 = VECTOR('',#1472,1.);
#1472 = DIRECTION('',(0.,1.,0.));
#1473 = ORIENTED_EDGE('',*,*,#1474,.F.);
#1474 = EDGE_CURVE('',#1475,#1467,#1477,.T.);
#1475 = VERTEX_POINT('',#1476);
#1476 = CARTESIAN_POINT('',(-11.53,-7.,0.));
#1477 = LINE('',#1478,#1479);
#1478 = CARTESIAN_POINT('',(-25.765,-7.,0.));
#1479 = VECTOR('',#1480,1.);
#1480 = DIRECTION('',(-1.,0.,0.));
#1481 = ORIENTED_EDGE('',*,*,#1482,.F.);
#1482 = EDGE_CURVE('',#1457,#1475,#1483,.T.);
#1483 = LINE('',#1484,#1485);
#1484 = CARTESIAN_POINT('',(-11.53,-24.25,0.));
#1485 = VECTOR('',#1486,1.);
#1486 = DIRECTION('',(0.,1.,0.));
#1487 = FACE_BOUND('',#1488,.T.);
#1488 = EDGE_LOOP('',(#1489,#1499,#1507,#1515,#1523,#1531,#1539,#1547));
#1489 = ORIENTED_EDGE('',*,*,#1490,.T.);
#1490 = EDGE_CURVE('',#1491,#1493,#1495,.T.);
#1491 = VERTEX_POINT('',#1492);
#1492 = CARTESIAN_POINT('',(13.,-35.1,0.));
#1493 = VERTEX_POINT('',#1494);
#1494 = CARTESIAN_POINT('',(13.,-35.9,-1.249000902703E-15));
#1495 = LINE('',#1496,#1497);
#1496 = CARTESIAN_POINT('',(13.,-37.2,0.));
#1497 = VECTOR('',#1498,1.);
#1498 = DIRECTION('',(-1.110223024625E-16,-1.,0.));
#1499 = ORIENTED_EDGE('',*,*,#1500,.T.);
#1500 = EDGE_CURVE('',#1493,#1501,#1503,.T.);
#1501 = VERTEX_POINT('',#1502);
#1502 = CARTESIAN_POINT('',(11.,-35.9,-1.249000902703E-15));
#1503 = LINE('',#1504,#1505);
#1504 = CARTESIAN_POINT('',(14.,-35.9,0.));
#1505 = VECTOR('',#1506,1.);
#1506 = DIRECTION('',(-1.,1.110223024625E-16,0.));
#1507 = ORIENTED_EDGE('',*,*,#1508,.F.);
#1508 = EDGE_CURVE('',#1509,#1501,#1511,.T.);
#1509 = VERTEX_POINT('',#1510);
#1510 = CARTESIAN_POINT('',(11.,-35.1,0.));
#1511 = LINE('',#1512,#1513);
#1512 = CARTESIAN_POINT('',(11.,-37.2,0.));
#1513 = VECTOR('',#1514,1.);
#1514 = DIRECTION('',(-1.110223024625E-16,-1.,0.));
#1515 = ORIENTED_EDGE('',*,*,#1516,.T.);
#1516 = EDGE_CURVE('',#1509,#1517,#1519,.T.);
#1517 = VERTEX_POINT('',#1518);
#1518 = CARTESIAN_POINT('',(10.2,-35.1,-1.387778780781E-16));
#1519 = LINE('',#1520,#1521);
#1520 = CARTESIAN_POINT('',(-12.75,-35.1,0.));
#1521 = VECTOR('',#1522,1.);
#1522 = DIRECTION('',(-1.,1.110223024625E-16,0.));
#1523 = ORIENTED_EDGE('',*,*,#1524,.T.);
#1524 = EDGE_CURVE('',#1517,#1525,#1527,.T.);
#1525 = VERTEX_POINT('',#1526);
#1526 = CARTESIAN_POINT('',(10.2,-34.1,-1.387778780781E-16));
#1527 = LINE('',#1528,#1529);
#1528 = CARTESIAN_POINT('',(10.2,-36.1,0.));
#1529 = VECTOR('',#1530,1.);
#1530 = DIRECTION('',(1.110223024625E-16,1.,0.));
#1531 = ORIENTED_EDGE('',*,*,#1532,.F.);
#1532 = EDGE_CURVE('',#1533,#1525,#1535,.T.);
#1533 = VERTEX_POINT('',#1534);
#1534 = CARTESIAN_POINT('',(13.8,-34.1,-1.387778780781E-16));
#1535 = LINE('',#1536,#1537);
#1536 = CARTESIAN_POINT('',(-12.75,-34.1,0.));
#1537 = VECTOR('',#1538,1.);
#1538 = DIRECTION('',(-1.,1.110223024625E-16,0.));
#1539 = ORIENTED_EDGE('',*,*,#1540,.F.);
#1540 = EDGE_CURVE('',#1541,#1533,#1543,.T.);
#1541 = VERTEX_POINT('',#1542);
#1542 = CARTESIAN_POINT('',(13.8,-35.1,-1.387778780781E-16));
#1543 = LINE('',#1544,#1545);
#1544 = CARTESIAN_POINT('',(13.8,-36.1,0.));
#1545 = VECTOR('',#1546,1.);
#1546 = DIRECTION('',(1.110223024625E-16,1.,0.));
#1547 = ORIENTED_EDGE('',*,*,#1548,.T.);
#1548 = EDGE_CURVE('',#1541,#1491,#1549,.T.);
#1549 = LINE('',#1550,#1551);
#1550 = CARTESIAN_POINT('',(-11.35,-35.1,0.));
#1551 = VECTOR('',#1552,1.);
#1552 = DIRECTION('',(-1.,1.110223024625E-16,0.));
#1553 = FACE_BOUND('',#1554,.T.);
#1554 = EDGE_LOOP('',(#1555,#1565,#1573,#1581,#1589,#1597,#1605,#1613));
#1555 = ORIENTED_EDGE('',*,*,#1556,.F.);
#1556 = EDGE_CURVE('',#1557,#1559,#1561,.T.);
#1557 = VERTEX_POINT('',#1558);
#1558 = CARTESIAN_POINT('',(13.8,-31.9,-1.387778780781E-16));
#1559 = VERTEX_POINT('',#1560);
#1560 = CARTESIAN_POINT('',(13.8,-30.9,-1.387778780781E-16));
#1561 = LINE('',#1562,#1563);
#1562 = CARTESIAN_POINT('',(13.8,-32.9,0.));
#1563 = VECTOR('',#1564,1.);
#1564 = DIRECTION('',(1.110223024625E-16,1.,0.));
#1565 = ORIENTED_EDGE('',*,*,#1566,.T.);
#1566 = EDGE_CURVE('',#1557,#1567,#1569,.T.);
#1567 = VERTEX_POINT('',#1568);
#1568 = CARTESIAN_POINT('',(10.2,-31.9,-1.387778780781E-16));
#1569 = LINE('',#1570,#1571);
#1570 = CARTESIAN_POINT('',(-11.35,-31.9,0.));
#1571 = VECTOR('',#1572,1.);
#1572 = DIRECTION('',(-1.,1.110223024625E-16,0.));
#1573 = ORIENTED_EDGE('',*,*,#1574,.T.);
#1574 = EDGE_CURVE('',#1567,#1575,#1577,.T.);
#1575 = VERTEX_POINT('',#1576);
#1576 = CARTESIAN_POINT('',(10.2,-30.9,-1.387778780781E-16));
#1577 = LINE('',#1578,#1579);
#1578 = CARTESIAN_POINT('',(10.2,-32.9,0.));
#1579 = VECTOR('',#1580,1.);
#1580 = DIRECTION('',(1.110223024625E-16,1.,0.));
#1581 = ORIENTED_EDGE('',*,*,#1582,.F.);
#1582 = EDGE_CURVE('',#1583,#1575,#1585,.T.);
#1583 = VERTEX_POINT('',#1584);
#1584 = CARTESIAN_POINT('',(11.,-30.9,0.));
#1585 = LINE('',#1586,#1587);
#1586 = CARTESIAN_POINT('',(-12.75,-30.9,0.));
#1587 = VECTOR('',#1588,1.);
#1588 = DIRECTION('',(-1.,1.110223024625E-16,0.));
#1589 = ORIENTED_EDGE('',*,*,#1590,.F.);
#1590 = EDGE_CURVE('',#1591,#1583,#1593,.T.);
#1591 = VERTEX_POINT('',#1592);
#1592 = CARTESIAN_POINT('',(11.,-30.1,-1.249000902703E-15));
#1593 = LINE('',#1594,#1595);
#1594 = CARTESIAN_POINT('',(11.,-34.7,0.));
#1595 = VECTOR('',#1596,1.);
#1596 = DIRECTION('',(-1.110223024625E-16,-1.,0.));
#1597 = ORIENTED_EDGE('',*,*,#1598,.F.);
#1598 = EDGE_CURVE('',#1599,#1591,#1601,.T.);
#1599 = VERTEX_POINT('',#1600);
#1600 = CARTESIAN_POINT('',(13.,-30.1,-1.249000902703E-15));
#1601 = LINE('',#1602,#1603);
#1602 = CARTESIAN_POINT('',(14.,-30.1,0.));
#1603 = VECTOR('',#1604,1.);
#1604 = DIRECTION('',(-1.,1.110223024625E-16,0.));
#1605 = ORIENTED_EDGE('',*,*,#1606,.T.);
#1606 = EDGE_CURVE('',#1599,#1607,#1609,.T.);
#1607 = VERTEX_POINT('',#1608);
#1608 = CARTESIAN_POINT('',(13.,-30.9,0.));
#1609 = LINE('',#1610,#1611);
#1610 = CARTESIAN_POINT('',(13.,-34.7,0.));
#1611 = VECTOR('',#1612,1.);
#1612 = DIRECTION('',(-1.110223024625E-16,-1.,0.));
#1613 = ORIENTED_EDGE('',*,*,#1614,.F.);
#1614 = EDGE_CURVE('',#1559,#1607,#1615,.T.);
#1615 = LINE('',#1616,#1617);
#1616 = CARTESIAN_POINT('',(-11.35,-30.9,0.));
#1617 = VECTOR('',#1618,1.);
#1618 = DIRECTION('',(-1.,1.110223024625E-16,0.));
#1619 = FACE_BOUND('',#1620,.T.);
#1620 = EDGE_LOOP('',(#1621,#1631,#1639,#1647,#1655,#1663,#1671,#1679));
#1621 = ORIENTED_EDGE('',*,*,#1622,.T.);
#1622 = EDGE_CURVE('',#1623,#1625,#1627,.T.);
#1623 = VERTEX_POINT('',#1624);
#1624 = CARTESIAN_POINT('',(28.9,-21.,0.));
#1625 = VERTEX_POINT('',#1626);
#1626 = CARTESIAN_POINT('',(28.1,-21.,-1.249000902703E-15));
#1627 = LINE('',#1628,#1629);
#1628 = CARTESIAN_POINT('',(-4.2,-21.,0.));
#1629 = VECTOR('',#1630,1.);
#1630 = DIRECTION('',(-1.,0.,0.));
#1631 = ORIENTED_EDGE('',*,*,#1632,.T.);
#1632 = EDGE_CURVE('',#1625,#1633,#1635,.T.);
#1633 = VERTEX_POINT('',#1634);
#1634 = CARTESIAN_POINT('',(28.1,-19.,-1.249000902703E-15));
#1635 = LINE('',#1636,#1637);
#1636 = CARTESIAN_POINT('',(28.1,-22.,0.));
#1637 = VECTOR('',#1638,1.);
#1638 = DIRECTION('',(0.,1.,0.));
#1639 = ORIENTED_EDGE('',*,*,#1640,.F.);
#1640 = EDGE_CURVE('',#1641,#1633,#1643,.T.);
#1641 = VERTEX_POINT('',#1642);
#1642 = CARTESIAN_POINT('',(28.9,-19.,0.));
#1643 = LINE('',#1644,#1645);
#1644 = CARTESIAN_POINT('',(-4.2,-19.,0.));
#1645 = VECTOR('',#1646,1.);
#1646 = DIRECTION('',(-1.,0.,0.));
#1647 = ORIENTED_EDGE('',*,*,#1648,.T.);
#1648 = EDGE_CURVE('',#1641,#1649,#1651,.T.);
#1649 = VERTEX_POINT('',#1650);
#1650 = CARTESIAN_POINT('',(28.9,-18.2,-1.387778780781E-16));
#1651 = LINE('',#1652,#1653);
#1652 = CARTESIAN_POINT('',(28.9,-28.75,0.));
#1653 = VECTOR('',#1654,1.);
#1654 = DIRECTION('',(0.,1.,0.));
#1655 = ORIENTED_EDGE('',*,*,#1656,.T.);
#1656 = EDGE_CURVE('',#1649,#1657,#1659,.T.);
#1657 = VERTEX_POINT('',#1658);
#1658 = CARTESIAN_POINT('',(29.9,-18.2,-1.387778780781E-16));
#1659 = LINE('',#1660,#1661);
#1660 = CARTESIAN_POINT('',(27.9,-18.2,0.));
#1661 = VECTOR('',#1662,1.);
#1662 = DIRECTION('',(1.,0.,0.));
#1663 = ORIENTED_EDGE('',*,*,#1664,.F.);
#1664 = EDGE_CURVE('',#1665,#1657,#1667,.T.);
#1665 = VERTEX_POINT('',#1666);
#1666 = CARTESIAN_POINT('',(29.9,-21.8,-1.387778780781E-16));
#1667 = LINE('',#1668,#1669);
#1668 = CARTESIAN_POINT('',(29.9,-28.75,0.));
#1669 = VECTOR('',#1670,1.);
#1670 = DIRECTION('',(0.,1.,0.));
#1671 = ORIENTED_EDGE('',*,*,#1672,.F.);
#1672 = EDGE_CURVE('',#1673,#1665,#1675,.T.);
#1673 = VERTEX_POINT('',#1674);
#1674 = CARTESIAN_POINT('',(28.9,-21.8,-1.387778780781E-16));
#1675 = LINE('',#1676,#1677);
#1676 = CARTESIAN_POINT('',(27.9,-21.8,0.));
#1677 = VECTOR('',#1678,1.);
#1678 = DIRECTION('',(1.,0.,0.));
#1679 = ORIENTED_EDGE('',*,*,#1680,.T.);
#1680 = EDGE_CURVE('',#1673,#1623,#1681,.T.);
#1681 = LINE('',#1682,#1683);
#1682 = CARTESIAN_POINT('',(28.9,-30.15,0.));
#1683 = VECTOR('',#1684,1.);
#1684 = DIRECTION('',(0.,1.,0.));
#1685 = FACE_BOUND('',#1686,.T.);
#1686 = EDGE_LOOP('',(#1687,#1697,#1705,#1713,#1721,#1729,#1737,#1745));
#1687 = ORIENTED_EDGE('',*,*,#1688,.F.);
#1688 = EDGE_CURVE('',#1689,#1691,#1693,.T.);
#1689 = VERTEX_POINT('',#1690);
#1690 = CARTESIAN_POINT('',(32.1,-21.8,-1.387778780781E-16));
#1691 = VERTEX_POINT('',#1692);
#1692 = CARTESIAN_POINT('',(33.1,-21.8,-1.387778780781E-16));
#1693 = LINE('',#1694,#1695);
#1694 = CARTESIAN_POINT('',(31.1,-21.8,0.));
#1695 = VECTOR('',#1696,1.);
#1696 = DIRECTION('',(1.,0.,0.));
#1697 = ORIENTED_EDGE('',*,*,#1698,.T.);
#1698 = EDGE_CURVE('',#1689,#1699,#1701,.T.);
#1699 = VERTEX_POINT('',#1700);
#1700 = CARTESIAN_POINT('',(32.1,-18.2,-1.387778780781E-16));
#1701 = LINE('',#1702,#1703);
#1702 = CARTESIAN_POINT('',(32.1,-30.15,0.));
#1703 = VECTOR('',#1704,1.);
#1704 = DIRECTION('',(0.,1.,0.));
#1705 = ORIENTED_EDGE('',*,*,#1706,.T.);
#1706 = EDGE_CURVE('',#1699,#1707,#1709,.T.);
#1707 = VERTEX_POINT('',#1708);
#1708 = CARTESIAN_POINT('',(33.1,-18.2,-1.387778780781E-16));
#1709 = LINE('',#1710,#1711);
#1710 = CARTESIAN_POINT('',(31.1,-18.2,0.));
#1711 = VECTOR('',#1712,1.);
#1712 = DIRECTION('',(1.,0.,0.));
#1713 = ORIENTED_EDGE('',*,*,#1714,.F.);
#1714 = EDGE_CURVE('',#1715,#1707,#1717,.T.);
#1715 = VERTEX_POINT('',#1716);
#1716 = CARTESIAN_POINT('',(33.1,-19.,0.));
#1717 = LINE('',#1718,#1719);
#1718 = CARTESIAN_POINT('',(33.1,-28.75,0.));
#1719 = VECTOR('',#1720,1.);
#1720 = DIRECTION('',(0.,1.,0.));
#1721 = ORIENTED_EDGE('',*,*,#1722,.F.);
#1722 = EDGE_CURVE('',#1723,#1715,#1725,.T.);
#1723 = VERTEX_POINT('',#1724);
#1724 = CARTESIAN_POINT('',(33.9,-19.,-1.249000902703E-15));
#1725 = LINE('',#1726,#1727);
#1726 = CARTESIAN_POINT('',(-1.7,-19.,0.));
#1727 = VECTOR('',#1728,1.);
#1728 = DIRECTION('',(-1.,0.,0.));
#1729 = ORIENTED_EDGE('',*,*,#1730,.F.);
#1730 = EDGE_CURVE('',#1731,#1723,#1733,.T.);
#1731 = VERTEX_POINT('',#1732);
#1732 = CARTESIAN_POINT('',(33.9,-21.,-1.249000902703E-15));
#1733 = LINE('',#1734,#1735);
#1734 = CARTESIAN_POINT('',(33.9,-22.,0.));
#1735 = VECTOR('',#1736,1.);
#1736 = DIRECTION('',(0.,1.,0.));
#1737 = ORIENTED_EDGE('',*,*,#1738,.T.);
#1738 = EDGE_CURVE('',#1731,#1739,#1741,.T.);
#1739 = VERTEX_POINT('',#1740);
#1740 = CARTESIAN_POINT('',(33.1,-21.,0.));
#1741 = LINE('',#1742,#1743);
#1742 = CARTESIAN_POINT('',(-1.7,-21.,0.));
#1743 = VECTOR('',#1744,1.);
#1744 = DIRECTION('',(-1.,0.,0.));
#1745 = ORIENTED_EDGE('',*,*,#1746,.F.);
#1746 = EDGE_CURVE('',#1691,#1739,#1747,.T.);
#1747 = LINE('',#1748,#1749);
#1748 = CARTESIAN_POINT('',(33.1,-30.15,0.));
#1749 = VECTOR('',#1750,1.);
#1750 = DIRECTION('',(0.,1.,0.));
#1751 = FACE_BOUND('',#1752,.T.);
#1752 = EDGE_LOOP('',(#1753));
#1753 = ORIENTED_EDGE('',*,*,#1754,.F.);
#1754 = EDGE_CURVE('',#1755,#1755,#1757,.T.);
#1755 = VERTEX_POINT('',#1756);
#1756 = CARTESIAN_POINT('',(11.43,-12.7,0.));
#1757 = CIRCLE('',#1758,2.54);
#1758 = AXIS2_PLACEMENT_3D('',#1759,#1760,#1761);
#1759 = CARTESIAN_POINT('',(8.89,-12.7,0.));
#1760 = DIRECTION('',(0.,0.,1.));
#1761 = DIRECTION('',(1.,0.,0.));
#1762 = FACE_BOUND('',#1763,.T.);
#1763 = EDGE_LOOP('',(#1764,#1774,#1782,#1790));
#1764 = ORIENTED_EDGE('',*,*,#1765,.F.);
#1765 = EDGE_CURVE('',#1766,#1768,#1770,.T.);
#1766 = VERTEX_POINT('',#1767);
#1767 = CARTESIAN_POINT('',(15.03,-10.,-1.746346123266E-14));
#1768 = VERTEX_POINT('',#1769);
#1769 = CARTESIAN_POINT('',(15.03,-7.,-1.746346123266E-14));
#1770 = LINE('',#1771,#1772);
#1771 = CARTESIAN_POINT('',(15.03,-11.,0.));
#1772 = VECTOR('',#1773,1.);
#1773 = DIRECTION('',(0.,1.,0.));
#1774 = ORIENTED_EDGE('',*,*,#1775,.T.);
#1775 = EDGE_CURVE('',#1766,#1776,#1778,.T.);
#1776 = VERTEX_POINT('',#1777);
#1777 = CARTESIAN_POINT('',(11.53,-10.,0.));
#1778 = LINE('',#1779,#1780);
#1779 = CARTESIAN_POINT('',(-11.485,-10.,0.));
#1780 = VECTOR('',#1781,1.);
#1781 = DIRECTION('',(-1.,0.,0.));
#1782 = ORIENTED_EDGE('',*,*,#1783,.T.);
#1783 = EDGE_CURVE('',#1776,#1784,#1786,.T.);
#1784 = VERTEX_POINT('',#1785);
#1785 = CARTESIAN_POINT('',(11.53,-7.,0.));
#1786 = LINE('',#1787,#1788);
#1787 = CARTESIAN_POINT('',(11.53,-24.25,0.));
#1788 = VECTOR('',#1789,1.);
#1789 = DIRECTION('',(0.,1.,0.));
#1790 = ORIENTED_EDGE('',*,*,#1791,.F.);
#1791 = EDGE_CURVE('',#1768,#1784,#1792,.T.);
#1792 = LINE('',#1793,#1794);
#1793 = CARTESIAN_POINT('',(-12.485,-7.,0.));
#1794 = VECTOR('',#1795,1.);
#1795 = DIRECTION('',(-1.,0.,0.));
#1796 = FACE_BOUND('',#1797,.T.);
#1797 = EDGE_LOOP('',(#1798));
#1798 = ORIENTED_EDGE('',*,*,#1799,.F.);
#1799 = EDGE_CURVE('',#1800,#1800,#1802,.T.);
#1800 = VERTEX_POINT('',#1801);
#1801 = CARTESIAN_POINT('',(28.15,-17.5,0.));
#1802 = CIRCLE('',#1803,5.65);
#1803 = AXIS2_PLACEMENT_3D('',#1804,#1805,#1806);
#1804 = CARTESIAN_POINT('',(22.5,-17.5,0.));
#1805 = DIRECTION('',(0.,0.,1.));
#1806 = DIRECTION('',(1.,0.,0.));
#1807 = FACE_BOUND('',#1808,.T.);
#1808 = EDGE_LOOP('',(#1809,#1819,#1827,#1835,#1843,#1851,#1859,#1867));
#1809 = ORIENTED_EDGE('',*,*,#1810,.T.);
#1810 = EDGE_CURVE('',#1811,#1813,#1815,.T.);
#1811 = VERTEX_POINT('',#1812);
#1812 = CARTESIAN_POINT('',(28.9,-1.,0.));
#1813 = VERTEX_POINT('',#1814);
#1814 = CARTESIAN_POINT('',(28.1,-1.,-1.249000902703E-15));
#1815 = LINE('',#1816,#1817);
#1816 = CARTESIAN_POINT('',(-4.2,-1.,0.));
#1817 = VECTOR('',#1818,1.);
#1818 = DIRECTION('',(-1.,0.,0.));
#1819 = ORIENTED_EDGE('',*,*,#1820,.T.);
#1820 = EDGE_CURVE('',#1813,#1821,#1823,.T.);
#1821 = VERTEX_POINT('',#1822);
#1822 = CARTESIAN_POINT('',(28.1,1.,-1.249000902703E-15));
#1823 = LINE('',#1824,#1825);
#1824 = CARTESIAN_POINT('',(28.1,-2.,0.));
#1825 = VECTOR('',#1826,1.);
#1826 = DIRECTION('',(0.,1.,0.));
#1827 = ORIENTED_EDGE('',*,*,#1828,.F.);
#1828 = EDGE_CURVE('',#1829,#1821,#1831,.T.);
#1829 = VERTEX_POINT('',#1830);
#1830 = CARTESIAN_POINT('',(28.9,1.,0.));
#1831 = LINE('',#1832,#1833);
#1832 = CARTESIAN_POINT('',(-4.2,1.,0.));
#1833 = VECTOR('',#1834,1.);
#1834 = DIRECTION('',(-1.,0.,0.));
#1835 = ORIENTED_EDGE('',*,*,#1836,.T.);
#1836 = EDGE_CURVE('',#1829,#1837,#1839,.T.);
#1837 = VERTEX_POINT('',#1838);
#1838 = CARTESIAN_POINT('',(28.9,1.8,-1.387778780781E-16));
#1839 = LINE('',#1840,#1841);
#1840 = CARTESIAN_POINT('',(28.9,-18.75,0.));
#1841 = VECTOR('',#1842,1.);
#1842 = DIRECTION('',(0.,1.,0.));
#1843 = ORIENTED_EDGE('',*,*,#1844,.T.);
#1844 = EDGE_CURVE('',#1837,#1845,#1847,.T.);
#1845 = VERTEX_POINT('',#1846);
#1846 = CARTESIAN_POINT('',(29.9,1.8,-1.387778780781E-16));
#1847 = LINE('',#1848,#1849);
#1848 = CARTESIAN_POINT('',(27.9,1.8,0.));
#1849 = VECTOR('',#1850,1.);
#1850 = DIRECTION('',(1.,0.,0.));
#1851 = ORIENTED_EDGE('',*,*,#1852,.F.);
#1852 = EDGE_CURVE('',#1853,#1845,#1855,.T.);
#1853 = VERTEX_POINT('',#1854);
#1854 = CARTESIAN_POINT('',(29.9,-1.8,-1.387778780781E-16));
#1855 = LINE('',#1856,#1857);
#1856 = CARTESIAN_POINT('',(29.9,-18.75,0.));
#1857 = VECTOR('',#1858,1.);
#1858 = DIRECTION('',(0.,1.,0.));
#1859 = ORIENTED_EDGE('',*,*,#1860,.F.);
#1860 = EDGE_CURVE('',#1861,#1853,#1863,.T.);
#1861 = VERTEX_POINT('',#1862);
#1862 = CARTESIAN_POINT('',(28.9,-1.8,-1.387778780781E-16));
#1863 = LINE('',#1864,#1865);
#1864 = CARTESIAN_POINT('',(27.9,-1.8,0.));
#1865 = VECTOR('',#1866,1.);
#1866 = DIRECTION('',(1.,0.,0.));
#1867 = ORIENTED_EDGE('',*,*,#1868,.T.);
#1868 = EDGE_CURVE('',#1861,#1811,#1869,.T.);
#1869 = LINE('',#1870,#1871);
#1870 = CARTESIAN_POINT('',(28.9,-20.15,0.));
#1871 = VECTOR('',#1872,1.);
#1872 = DIRECTION('',(0.,1.,0.));
#1873 = FACE_BOUND('',#1874,.T.);
#1874 = EDGE_LOOP('',(#1875,#1885,#1893,#1901,#1909,#1917,#1925,#1933));
#1875 = ORIENTED_EDGE('',*,*,#1876,.F.);
#1876 = EDGE_CURVE('',#1877,#1879,#1881,.T.);
#1877 = VERTEX_POINT('',#1878);
#1878 = CARTESIAN_POINT('',(32.1,-1.8,-1.387778780781E-16));
#1879 = VERTEX_POINT('',#1880);
#1880 = CARTESIAN_POINT('',(33.1,-1.8,-1.387778780781E-16));
#1881 = LINE('',#1882,#1883);
#1882 = CARTESIAN_POINT('',(31.1,-1.8,0.));
#1883 = VECTOR('',#1884,1.);
#1884 = DIRECTION('',(1.,0.,0.));
#1885 = ORIENTED_EDGE('',*,*,#1886,.T.);
#1886 = EDGE_CURVE('',#1877,#1887,#1889,.T.);
#1887 = VERTEX_POINT('',#1888);
#1888 = CARTESIAN_POINT('',(32.1,1.8,-1.387778780781E-16));
#1889 = LINE('',#1890,#1891);
#1890 = CARTESIAN_POINT('',(32.1,-20.15,0.));
#1891 = VECTOR('',#1892,1.);
#1892 = DIRECTION('',(0.,1.,0.));
#1893 = ORIENTED_EDGE('',*,*,#1894,.T.);
#1894 = EDGE_CURVE('',#1887,#1895,#1897,.T.);
#1895 = VERTEX_POINT('',#1896);
#1896 = CARTESIAN_POINT('',(33.1,1.8,-1.387778780781E-16));
#1897 = LINE('',#1898,#1899);
#1898 = CARTESIAN_POINT('',(31.1,1.8,0.));
#1899 = VECTOR('',#1900,1.);
#1900 = DIRECTION('',(1.,0.,0.));
#1901 = ORIENTED_EDGE('',*,*,#1902,.F.);
#1902 = EDGE_CURVE('',#1903,#1895,#1905,.T.);
#1903 = VERTEX_POINT('',#1904);
#1904 = CARTESIAN_POINT('',(33.1,1.,0.));
#1905 = LINE('',#1906,#1907);
#1906 = CARTESIAN_POINT('',(33.1,-18.75,0.));
#1907 = VECTOR('',#1908,1.);
#1908 = DIRECTION('',(0.,1.,0.));
#1909 = ORIENTED_EDGE('',*,*,#1910,.F.);
#1910 = EDGE_CURVE('',#1911,#1903,#1913,.T.);
#1911 = VERTEX_POINT('',#1912);
#1912 = CARTESIAN_POINT('',(33.9,1.,-1.249000902703E-15));
#1913 = LINE('',#1914,#1915);
#1914 = CARTESIAN_POINT('',(-1.7,1.,0.));
#1915 = VECTOR('',#1916,1.);
#1916 = DIRECTION('',(-1.,0.,0.));
#1917 = ORIENTED_EDGE('',*,*,#1918,.F.);
#1918 = EDGE_CURVE('',#1919,#1911,#1921,.T.);
#1919 = VERTEX_POINT('',#1920);
#1920 = CARTESIAN_POINT('',(33.9,-1.,-1.249000902703E-15));
#1921 = LINE('',#1922,#1923);
#1922 = CARTESIAN_POINT('',(33.9,-2.,0.));
#1923 = VECTOR('',#1924,1.);
#1924 = DIRECTION('',(0.,1.,0.));
#1925 = ORIENTED_EDGE('',*,*,#1926,.T.);
#1926 = EDGE_CURVE('',#1919,#1927,#1929,.T.);
#1927 = VERTEX_POINT('',#1928);
#1928 = CARTESIAN_POINT('',(33.1,-1.,0.));
#1929 = LINE('',#1930,#1931);
#1930 = CARTESIAN_POINT('',(-1.7,-1.,0.));
#1931 = VECTOR('',#1932,1.);
#1932 = DIRECTION('',(-1.,0.,0.));
#1933 = ORIENTED_EDGE('',*,*,#1934,.F.);
#1934 = EDGE_CURVE('',#1879,#1927,#1935,.T.);
#1935 = LINE('',#1936,#1937);
#1936 = CARTESIAN_POINT('',(33.1,-20.15,0.));
#1937 = VECTOR('',#1938,1.);
#1938 = DIRECTION('',(0.,1.,0.));
#1939 = FACE_BOUND('',#1940,.T.);
#1940 = EDGE_LOOP('',(#1941));
#1941 = ORIENTED_EDGE('',*,*,#1942,.F.);
#1942 = EDGE_CURVE('',#1943,#1943,#1945,.T.);
#1943 = VERTEX_POINT('',#1944);
#1944 = CARTESIAN_POINT('',(-16.85,17.5,0.));
#1945 = CIRCLE('',#1946,5.65);
#1946 = AXIS2_PLACEMENT_3D('',#1947,#1948,#1949);
#1947 = CARTESIAN_POINT('',(-22.5,17.5,0.));
#1948 = DIRECTION('',(0.,0.,1.));
#1949 = DIRECTION('',(1.,0.,0.));
#1950 = FACE_BOUND('',#1951,.T.);
#1951 = EDGE_LOOP('',(#1952,#1962,#1970,#1978));
#1952 = ORIENTED_EDGE('',*,*,#1953,.T.);
#1953 = EDGE_CURVE('',#1954,#1956,#1958,.T.);
#1954 = VERTEX_POINT('',#1955);
#1955 = CARTESIAN_POINT('',(-11.53,7.,0.));
#1956 = VERTEX_POINT('',#1957);
#1957 = CARTESIAN_POINT('',(-15.03,7.,-1.746346123266E-14));
#1958 = LINE('',#1959,#1960);
#1959 = CARTESIAN_POINT('',(-25.015,7.,0.));
#1960 = VECTOR('',#1961,1.);
#1961 = DIRECTION('',(-1.,0.,0.));
#1962 = ORIENTED_EDGE('',*,*,#1963,.T.);
#1963 = EDGE_CURVE('',#1956,#1964,#1966,.T.);
#1964 = VERTEX_POINT('',#1965);
#1965 = CARTESIAN_POINT('',(-15.03,10.,-1.746346123266E-14));
#1966 = LINE('',#1967,#1968);
#1967 = CARTESIAN_POINT('',(-15.03,6.,0.));
#1968 = VECTOR('',#1969,1.);
#1969 = DIRECTION('',(0.,1.,0.));
#1970 = ORIENTED_EDGE('',*,*,#1971,.F.);
#1971 = EDGE_CURVE('',#1972,#1964,#1974,.T.);
#1972 = VERTEX_POINT('',#1973);
#1973 = CARTESIAN_POINT('',(-11.53,10.,0.));
#1974 = LINE('',#1975,#1976);
#1975 = CARTESIAN_POINT('',(-25.765,10.,0.));
#1976 = VECTOR('',#1977,1.);
#1977 = DIRECTION('',(-1.,0.,0.));
#1978 = ORIENTED_EDGE('',*,*,#1979,.F.);
#1979 = EDGE_CURVE('',#1954,#1972,#1980,.T.);
#1980 = LINE('',#1981,#1982);
#1981 = CARTESIAN_POINT('',(-11.53,-15.75,0.));
#1982 = VECTOR('',#1983,1.);
#1983 = DIRECTION('',(0.,1.,0.));
#1984 = FACE_BOUND('',#1985,.T.);
#1985 = EDGE_LOOP('',(#1986));
#1986 = ORIENTED_EDGE('',*,*,#1987,.F.);
#1987 = EDGE_CURVE('',#1988,#1988,#1990,.T.);
#1988 = VERTEX_POINT('',#1989);
#1989 = CARTESIAN_POINT('',(-6.35,12.7,0.));
#1990 = CIRCLE('',#1991,2.54);
#1991 = AXIS2_PLACEMENT_3D('',#1992,#1993,#1994);
#1992 = CARTESIAN_POINT('',(-8.89,12.7,0.));
#1993 = DIRECTION('',(0.,0.,1.));
#1994 = DIRECTION('',(1.,0.,0.));
#1995 = FACE_BOUND('',#1996,.T.);
#1996 = EDGE_LOOP('',(#1997,#2007,#2015,#2023,#2031,#2039,#2047,#2055));
#1997 = ORIENTED_EDGE('',*,*,#1998,.T.);
#1998 = EDGE_CURVE('',#1999,#2001,#2003,.T.);
#1999 = VERTEX_POINT('',#2000);
#2000 = CARTESIAN_POINT('',(-33.1,19.,0.));
#2001 = VERTEX_POINT('',#2002);
#2002 = CARTESIAN_POINT('',(-33.9,19.,-1.249000902703E-15));
#2003 = LINE('',#2004,#2005);
#2004 = CARTESIAN_POINT('',(-35.2,19.,0.));
#2005 = VECTOR('',#2006,1.);
#2006 = DIRECTION('',(-1.,0.,0.));
#2007 = ORIENTED_EDGE('',*,*,#2008,.T.);
#2008 = EDGE_CURVE('',#2001,#2009,#2011,.T.);
#2009 = VERTEX_POINT('',#2010);
#2010 = CARTESIAN_POINT('',(-33.9,21.,-1.249000902703E-15));
#2011 = LINE('',#2012,#2013);
#2012 = CARTESIAN_POINT('',(-33.9,18.,0.));
#2013 = VECTOR('',#2014,1.);
#2014 = DIRECTION('',(0.,1.,0.));
#2015 = ORIENTED_EDGE('',*,*,#2016,.F.);
#2016 = EDGE_CURVE('',#2017,#2009,#2019,.T.);
#2017 = VERTEX_POINT('',#2018);
#2018 = CARTESIAN_POINT('',(-33.1,21.,0.));
#2019 = LINE('',#2020,#2021);
#2020 = CARTESIAN_POINT('',(-35.2,21.,0.));
#2021 = VECTOR('',#2022,1.);
#2022 = DIRECTION('',(-1.,0.,0.));
#2023 = ORIENTED_EDGE('',*,*,#2024,.T.);
#2024 = EDGE_CURVE('',#2017,#2025,#2027,.T.);
#2025 = VERTEX_POINT('',#2026);
#2026 = CARTESIAN_POINT('',(-33.1,21.8,-1.387778780781E-16));
#2027 = LINE('',#2028,#2029);
#2028 = CARTESIAN_POINT('',(-33.1,-8.75,0.));
#2029 = VECTOR('',#2030,1.);
#2030 = DIRECTION('',(0.,1.,0.));
#2031 = ORIENTED_EDGE('',*,*,#2032,.T.);
#2032 = EDGE_CURVE('',#2025,#2033,#2035,.T.);
#2033 = VERTEX_POINT('',#2034);
#2034 = CARTESIAN_POINT('',(-32.1,21.8,-1.387778780781E-16));
#2035 = LINE('',#2036,#2037);
#2036 = CARTESIAN_POINT('',(-34.1,21.8,0.));
#2037 = VECTOR('',#2038,1.);
#2038 = DIRECTION('',(1.,0.,0.));
#2039 = ORIENTED_EDGE('',*,*,#2040,.F.);
#2040 = EDGE_CURVE('',#2041,#2033,#2043,.T.);
#2041 = VERTEX_POINT('',#2042);
#2042 = CARTESIAN_POINT('',(-32.1,18.2,-1.387778780781E-16));
#2043 = LINE('',#2044,#2045);
#2044 = CARTESIAN_POINT('',(-32.1,-8.75,0.));
#2045 = VECTOR('',#2046,1.);
#2046 = DIRECTION('',(0.,1.,0.));
#2047 = ORIENTED_EDGE('',*,*,#2048,.F.);
#2048 = EDGE_CURVE('',#2049,#2041,#2051,.T.);
#2049 = VERTEX_POINT('',#2050);
#2050 = CARTESIAN_POINT('',(-33.1,18.2,-1.387778780781E-16));
#2051 = LINE('',#2052,#2053);
#2052 = CARTESIAN_POINT('',(-34.1,18.2,0.));
#2053 = VECTOR('',#2054,1.);
#2054 = DIRECTION('',(1.,0.,0.));
#2055 = ORIENTED_EDGE('',*,*,#2056,.T.);
#2056 = EDGE_CURVE('',#2049,#1999,#2057,.T.);
#2057 = LINE('',#2058,#2059);
#2058 = CARTESIAN_POINT('',(-33.1,-10.15,0.));
#2059 = VECTOR('',#2060,1.);
#2060 = DIRECTION('',(0.,1.,0.));
#2061 = FACE_BOUND('',#2062,.T.);
#2062 = EDGE_LOOP('',(#2063,#2073,#2081,#2089,#2097,#2105,#2113,#2121));
#2063 = ORIENTED_EDGE('',*,*,#2064,.F.);
#2064 = EDGE_CURVE('',#2065,#2067,#2069,.T.);
#2065 = VERTEX_POINT('',#2066);
#2066 = CARTESIAN_POINT('',(-29.9,18.2,-1.387778780781E-16));
#2067 = VERTEX_POINT('',#2068);
#2068 = CARTESIAN_POINT('',(-28.9,18.2,-1.387778780781E-16));
#2069 = LINE('',#2070,#2071);
#2070 = CARTESIAN_POINT('',(-30.9,18.2,0.));
#2071 = VECTOR('',#2072,1.);
#2072 = DIRECTION('',(1.,0.,0.));
#2073 = ORIENTED_EDGE('',*,*,#2074,.T.);
#2074 = EDGE_CURVE('',#2065,#2075,#2077,.T.);
#2075 = VERTEX_POINT('',#2076);
#2076 = CARTESIAN_POINT('',(-29.9,21.8,-1.387778780781E-16));
#2077 = LINE('',#2078,#2079);
#2078 = CARTESIAN_POINT('',(-29.9,-10.15,0.));
#2079 = VECTOR('',#2080,1.);
#2080 = DIRECTION('',(0.,1.,0.));
#2081 = ORIENTED_EDGE('',*,*,#2082,.T.);
#2082 = EDGE_CURVE('',#2075,#2083,#2085,.T.);
#2083 = VERTEX_POINT('',#2084);
#2084 = CARTESIAN_POINT('',(-28.9,21.8,-1.387778780781E-16));
#2085 = LINE('',#2086,#2087);
#2086 = CARTESIAN_POINT('',(-30.9,21.8,0.));
#2087 = VECTOR('',#2088,1.);
#2088 = DIRECTION('',(1.,0.,0.));
#2089 = ORIENTED_EDGE('',*,*,#2090,.F.);
#2090 = EDGE_CURVE('',#2091,#2083,#2093,.T.);
#2091 = VERTEX_POINT('',#2092);
#2092 = CARTESIAN_POINT('',(-28.9,21.,0.));
#2093 = LINE('',#2094,#2095);
#2094 = CARTESIAN_POINT('',(-28.9,-8.75,0.));
#2095 = VECTOR('',#2096,1.);
#2096 = DIRECTION('',(0.,1.,0.));
#2097 = ORIENTED_EDGE('',*,*,#2098,.F.);
#2098 = EDGE_CURVE('',#2099,#2091,#2101,.T.);
#2099 = VERTEX_POINT('',#2100);
#2100 = CARTESIAN_POINT('',(-28.1,21.,-1.249000902703E-15));
#2101 = LINE('',#2102,#2103);
#2102 = CARTESIAN_POINT('',(-32.7,21.,0.));
#2103 = VECTOR('',#2104,1.);
#2104 = DIRECTION('',(-1.,0.,0.));
#2105 = ORIENTED_EDGE('',*,*,#2106,.F.);
#2106 = EDGE_CURVE('',#2107,#2099,#2109,.T.);
#2107 = VERTEX_POINT('',#2108);
#2108 = CARTESIAN_POINT('',(-28.1,19.,-1.249000902703E-15));
#2109 = LINE('',#2110,#2111);
#2110 = CARTESIAN_POINT('',(-28.1,18.,0.));
#2111 = VECTOR('',#2112,1.);
#2112 = DIRECTION('',(0.,1.,0.));
#2113 = ORIENTED_EDGE('',*,*,#2114,.T.);
#2114 = EDGE_CURVE('',#2107,#2115,#2117,.T.);
#2115 = VERTEX_POINT('',#2116);
#2116 = CARTESIAN_POINT('',(-28.9,19.,0.));
#2117 = LINE('',#2118,#2119);
#2118 = CARTESIAN_POINT('',(-32.7,19.,0.));
#2119 = VECTOR('',#2120,1.);
#2120 = DIRECTION('',(-1.,0.,0.));
#2121 = ORIENTED_EDGE('',*,*,#2122,.F.);
#2122 = EDGE_CURVE('',#2067,#2115,#2123,.T.);
#2123 = LINE('',#2124,#2125);
#2124 = CARTESIAN_POINT('',(-28.9,-10.15,0.));
#2125 = VECTOR('',#2126,1.);
#2126 = DIRECTION('',(0.,1.,0.));
#2127 = FACE_BOUND('',#2128,.T.);
#2128 = EDGE_LOOP('',(#2129,#2139,#2147,#2155,#2163,#2171,#2179,#2187));
#2129 = ORIENTED_EDGE('',*,*,#2130,.T.);
#2130 = EDGE_CURVE('',#2131,#2133,#2135,.T.);
#2131 = VERTEX_POINT('',#2132);
#2132 = CARTESIAN_POINT('',(-11.,30.9,0.));
#2133 = VERTEX_POINT('',#2134);
#2134 = CARTESIAN_POINT('',(-11.,30.1,-1.249000902703E-15));
#2135 = LINE('',#2136,#2137);
#2136 = CARTESIAN_POINT('',(-11.,-4.2,0.));
#2137 = VECTOR('',#2138,1.);
#2138 = DIRECTION('',(-1.110223024625E-16,-1.,0.));
#2139 = ORIENTED_EDGE('',*,*,#2140,.T.);
#2140 = EDGE_CURVE('',#2133,#2141,#2143,.T.);
#2141 = VERTEX_POINT('',#2142);
#2142 = CARTESIAN_POINT('',(-13.,30.1,-1.249000902703E-15));
#2143 = LINE('',#2144,#2145);
#2144 = CARTESIAN_POINT('',(-10.,30.1,0.));
#2145 = VECTOR('',#2146,1.);
#2146 = DIRECTION('',(-1.,1.110223024625E-16,0.));
#2147 = ORIENTED_EDGE('',*,*,#2148,.F.);
#2148 = EDGE_CURVE('',#2149,#2141,#2151,.T.);
#2149 = VERTEX_POINT('',#2150);
#2150 = CARTESIAN_POINT('',(-13.,30.9,0.));
#2151 = LINE('',#2152,#2153);
#2152 = CARTESIAN_POINT('',(-13.,-4.2,0.));
#2153 = VECTOR('',#2154,1.);
#2154 = DIRECTION('',(-1.110223024625E-16,-1.,0.));
#2155 = ORIENTED_EDGE('',*,*,#2156,.T.);
#2156 = EDGE_CURVE('',#2149,#2157,#2159,.T.);
#2157 = VERTEX_POINT('',#2158);
#2158 = CARTESIAN_POINT('',(-13.8,30.9,-1.387778780781E-16));
#2159 = LINE('',#2160,#2161);
#2160 = CARTESIAN_POINT('',(-24.75,30.9,0.));
#2161 = VECTOR('',#2162,1.);
#2162 = DIRECTION('',(-1.,1.110223024625E-16,0.));
#2163 = ORIENTED_EDGE('',*,*,#2164,.T.);
#2164 = EDGE_CURVE('',#2157,#2165,#2167,.T.);
#2165 = VERTEX_POINT('',#2166);
#2166 = CARTESIAN_POINT('',(-13.8,31.9,-1.387778780781E-16));
#2167 = LINE('',#2168,#2169);
#2168 = CARTESIAN_POINT('',(-13.8,29.9,0.));
#2169 = VECTOR('',#2170,1.);
#2170 = DIRECTION('',(1.110223024625E-16,1.,0.));
#2171 = ORIENTED_EDGE('',*,*,#2172,.F.);
#2172 = EDGE_CURVE('',#2173,#2165,#2175,.T.);
#2173 = VERTEX_POINT('',#2174);
#2174 = CARTESIAN_POINT('',(-10.2,31.9,-1.387778780781E-16));
#2175 = LINE('',#2176,#2177);
#2176 = CARTESIAN_POINT('',(-24.75,31.9,0.));
#2177 = VECTOR('',#2178,1.);
#2178 = DIRECTION('',(-1.,1.110223024625E-16,0.));
#2179 = ORIENTED_EDGE('',*,*,#2180,.F.);
#2180 = EDGE_CURVE('',#2181,#2173,#2183,.T.);
#2181 = VERTEX_POINT('',#2182);
#2182 = CARTESIAN_POINT('',(-10.2,30.9,-1.387778780781E-16));
#2183 = LINE('',#2184,#2185);
#2184 = CARTESIAN_POINT('',(-10.2,29.9,0.));
#2185 = VECTOR('',#2186,1.);
#2186 = DIRECTION('',(1.110223024625E-16,1.,0.));
#2187 = ORIENTED_EDGE('',*,*,#2188,.T.);
#2188 = EDGE_CURVE('',#2181,#2131,#2189,.T.);
#2189 = LINE('',#2190,#2191);
#2190 = CARTESIAN_POINT('',(-23.35,30.9,0.));
#2191 = VECTOR('',#2192,1.);
#2192 = DIRECTION('',(-1.,1.110223024625E-16,0.));
#2193 = FACE_BOUND('',#2194,.T.);
#2194 = EDGE_LOOP('',(#2195,#2205,#2213,#2221,#2229,#2237,#2245,#2253));
#2195 = ORIENTED_EDGE('',*,*,#2196,.F.);
#2196 = EDGE_CURVE('',#2197,#2199,#2201,.T.);
#2197 = VERTEX_POINT('',#2198);
#2198 = CARTESIAN_POINT('',(-10.2,34.1,-1.387778780781E-16));
#2199 = VERTEX_POINT('',#2200);
#2200 = CARTESIAN_POINT('',(-10.2,35.1,-1.387778780781E-16));
#2201 = LINE('',#2202,#2203);
#2202 = CARTESIAN_POINT('',(-10.2,33.1,0.));
#2203 = VECTOR('',#2204,1.);
#2204 = DIRECTION('',(1.110223024625E-16,1.,0.));
#2205 = ORIENTED_EDGE('',*,*,#2206,.T.);
#2206 = EDGE_CURVE('',#2197,#2207,#2209,.T.);
#2207 = VERTEX_POINT('',#2208);
#2208 = CARTESIAN_POINT('',(-13.8,34.1,-1.387778780781E-16));
#2209 = LINE('',#2210,#2211);
#2210 = CARTESIAN_POINT('',(-23.35,34.1,0.));
#2211 = VECTOR('',#2212,1.);
#2212 = DIRECTION('',(-1.,1.110223024625E-16,0.));
#2213 = ORIENTED_EDGE('',*,*,#2214,.T.);
#2214 = EDGE_CURVE('',#2207,#2215,#2217,.T.);
#2215 = VERTEX_POINT('',#2216);
#2216 = CARTESIAN_POINT('',(-13.8,35.1,-1.387778780781E-16));
#2217 = LINE('',#2218,#2219);
#2218 = CARTESIAN_POINT('',(-13.8,33.1,0.));
#2219 = VECTOR('',#2220,1.);
#2220 = DIRECTION('',(1.110223024625E-16,1.,0.));
#2221 = ORIENTED_EDGE('',*,*,#2222,.F.);
#2222 = EDGE_CURVE('',#2223,#2215,#2225,.T.);
#2223 = VERTEX_POINT('',#2224);
#2224 = CARTESIAN_POINT('',(-13.,35.1,0.));
#2225 = LINE('',#2226,#2227);
#2226 = CARTESIAN_POINT('',(-24.75,35.1,0.));
#2227 = VECTOR('',#2228,1.);
#2228 = DIRECTION('',(-1.,1.110223024625E-16,0.));
#2229 = ORIENTED_EDGE('',*,*,#2230,.F.);
#2230 = EDGE_CURVE('',#2231,#2223,#2233,.T.);
#2231 = VERTEX_POINT('',#2232);
#2232 = CARTESIAN_POINT('',(-13.,35.9,-1.249000902703E-15));
#2233 = LINE('',#2234,#2235);
#2234 = CARTESIAN_POINT('',(-13.,-1.7,0.));
#2235 = VECTOR('',#2236,1.);
#2236 = DIRECTION('',(-1.110223024625E-16,-1.,0.));
#2237 = ORIENTED_EDGE('',*,*,#2238,.F.);
#2238 = EDGE_CURVE('',#2239,#2231,#2241,.T.);
#2239 = VERTEX_POINT('',#2240);
#2240 = CARTESIAN_POINT('',(-11.,35.9,-1.249000902703E-15));
#2241 = LINE('',#2242,#2243);
#2242 = CARTESIAN_POINT('',(-10.,35.9,0.));
#2243 = VECTOR('',#2244,1.);
#2244 = DIRECTION('',(-1.,1.110223024625E-16,0.));
#2245 = ORIENTED_EDGE('',*,*,#2246,.T.);
#2246 = EDGE_CURVE('',#2239,#2247,#2249,.T.);
#2247 = VERTEX_POINT('',#2248);
#2248 = CARTESIAN_POINT('',(-11.,35.1,0.));
#2249 = LINE('',#2250,#2251);
#2250 = CARTESIAN_POINT('',(-11.,-1.7,0.));
#2251 = VECTOR('',#2252,1.);
#2252 = DIRECTION('',(-1.110223024625E-16,-1.,0.));
#2253 = ORIENTED_EDGE('',*,*,#2254,.F.);
#2254 = EDGE_CURVE('',#2199,#2247,#2255,.T.);
#2255 = LINE('',#2256,#2257);
#2256 = CARTESIAN_POINT('',(-23.35,35.1,0.));
#2257 = VECTOR('',#2258,1.);
#2258 = DIRECTION('',(-1.,1.110223024625E-16,0.));
#2259 = FACE_BOUND('',#2260,.T.);
#2260 = EDGE_LOOP('',(#2261,#2271,#2279,#2287,#2295,#2303,#2311,#2319));
#2261 = ORIENTED_EDGE('',*,*,#2262,.T.);
#2262 = EDGE_CURVE('',#2263,#2265,#2267,.T.);
#2263 = VERTEX_POINT('',#2264);
#2264 = CARTESIAN_POINT('',(1.,30.9,0.));
#2265 = VERTEX_POINT('',#2266);
#2266 = CARTESIAN_POINT('',(1.,30.1,-1.249000902703E-15));
#2267 = LINE('',#2268,#2269);
#2268 = CARTESIAN_POINT('',(1.,-4.2,0.));
#2269 = VECTOR('',#2270,1.);
#2270 = DIRECTION('',(-1.110223024625E-16,-1.,0.));
#2271 = ORIENTED_EDGE('',*,*,#2272,.T.);
#2272 = EDGE_CURVE('',#2265,#2273,#2275,.T.);
#2273 = VERTEX_POINT('',#2274);
#2274 = CARTESIAN_POINT('',(-1.,30.1,-1.249000902703E-15));
#2275 = LINE('',#2276,#2277);
#2276 = CARTESIAN_POINT('',(2.,30.1,0.));
#2277 = VECTOR('',#2278,1.);
#2278 = DIRECTION('',(-1.,1.110223024625E-16,0.));
#2279 = ORIENTED_EDGE('',*,*,#2280,.F.);
#2280 = EDGE_CURVE('',#2281,#2273,#2283,.T.);
#2281 = VERTEX_POINT('',#2282);
#2282 = CARTESIAN_POINT('',(-1.,30.9,0.));
#2283 = LINE('',#2284,#2285);
#2284 = CARTESIAN_POINT('',(-1.,-4.2,0.));
#2285 = VECTOR('',#2286,1.);
#2286 = DIRECTION('',(-1.110223024625E-16,-1.,0.));
#2287 = ORIENTED_EDGE('',*,*,#2288,.T.);
#2288 = EDGE_CURVE('',#2281,#2289,#2291,.T.);
#2289 = VERTEX_POINT('',#2290);
#2290 = CARTESIAN_POINT('',(-1.8,30.9,-1.387778780781E-16));
#2291 = LINE('',#2292,#2293);
#2292 = CARTESIAN_POINT('',(-18.75,30.9,0.));
#2293 = VECTOR('',#2294,1.);
#2294 = DIRECTION('',(-1.,1.110223024625E-16,0.));
#2295 = ORIENTED_EDGE('',*,*,#2296,.T.);
#2296 = EDGE_CURVE('',#2289,#2297,#2299,.T.);
#2297 = VERTEX_POINT('',#2298);
#2298 = CARTESIAN_POINT('',(-1.8,31.9,-1.387778780781E-16));
#2299 = LINE('',#2300,#2301);
#2300 = CARTESIAN_POINT('',(-1.8,29.9,0.));
#2301 = VECTOR('',#2302,1.);
#2302 = DIRECTION('',(1.110223024625E-16,1.,0.));
#2303 = ORIENTED_EDGE('',*,*,#2304,.F.);
#2304 = EDGE_CURVE('',#2305,#2297,#2307,.T.);
#2305 = VERTEX_POINT('',#2306);
#2306 = CARTESIAN_POINT('',(1.8,31.9,-1.387778780781E-16));
#2307 = LINE('',#2308,#2309);
#2308 = CARTESIAN_POINT('',(-18.75,31.9,0.));
#2309 = VECTOR('',#2310,1.);
#2310 = DIRECTION('',(-1.,1.110223024625E-16,0.));
#2311 = ORIENTED_EDGE('',*,*,#2312,.F.);
#2312 = EDGE_CURVE('',#2313,#2305,#2315,.T.);
#2313 = VERTEX_POINT('',#2314);
#2314 = CARTESIAN_POINT('',(1.8,30.9,-1.387778780781E-16));
#2315 = LINE('',#2316,#2317);
#2316 = CARTESIAN_POINT('',(1.8,29.9,0.));
#2317 = VECTOR('',#2318,1.);
#2318 = DIRECTION('',(1.110223024625E-16,1.,0.));
#2319 = ORIENTED_EDGE('',*,*,#2320,.T.);
#2320 = EDGE_CURVE('',#2313,#2263,#2321,.T.);
#2321 = LINE('',#2322,#2323);
#2322 = CARTESIAN_POINT('',(-17.35,30.9,0.));
#2323 = VECTOR('',#2324,1.);
#2324 = DIRECTION('',(-1.,1.110223024625E-16,0.));
#2325 = FACE_BOUND('',#2326,.T.);
#2326 = EDGE_LOOP('',(#2327,#2337,#2345,#2353,#2361,#2369,#2377,#2385));
#2327 = ORIENTED_EDGE('',*,*,#2328,.F.);
#2328 = EDGE_CURVE('',#2329,#2331,#2333,.T.);
#2329 = VERTEX_POINT('',#2330);
#2330 = CARTESIAN_POINT('',(1.8,34.1,-1.387778780781E-16));
#2331 = VERTEX_POINT('',#2332);
#2332 = CARTESIAN_POINT('',(1.8,35.1,-1.387778780781E-16));
#2333 = LINE('',#2334,#2335);
#2334 = CARTESIAN_POINT('',(1.8,33.1,0.));
#2335 = VECTOR('',#2336,1.);
#2336 = DIRECTION('',(1.110223024625E-16,1.,0.));
#2337 = ORIENTED_EDGE('',*,*,#2338,.T.);
#2338 = EDGE_CURVE('',#2329,#2339,#2341,.T.);
#2339 = VERTEX_POINT('',#2340);
#2340 = CARTESIAN_POINT('',(-1.8,34.1,-1.387778780781E-16));
#2341 = LINE('',#2342,#2343);
#2342 = CARTESIAN_POINT('',(-17.35,34.1,0.));
#2343 = VECTOR('',#2344,1.);
#2344 = DIRECTION('',(-1.,1.110223024625E-16,0.));
#2345 = ORIENTED_EDGE('',*,*,#2346,.T.);
#2346 = EDGE_CURVE('',#2339,#2347,#2349,.T.);
#2347 = VERTEX_POINT('',#2348);
#2348 = CARTESIAN_POINT('',(-1.8,35.1,-1.387778780781E-16));
#2349 = LINE('',#2350,#2351);
#2350 = CARTESIAN_POINT('',(-1.8,33.1,0.));
#2351 = VECTOR('',#2352,1.);
#2352 = DIRECTION('',(1.110223024625E-16,1.,0.));
#2353 = ORIENTED_EDGE('',*,*,#2354,.F.);
#2354 = EDGE_CURVE('',#2355,#2347,#2357,.T.);
#2355 = VERTEX_POINT('',#2356);
#2356 = CARTESIAN_POINT('',(-1.,35.1,0.));
#2357 = LINE('',#2358,#2359);
#2358 = CARTESIAN_POINT('',(-18.75,35.1,0.));
#2359 = VECTOR('',#2360,1.);
#2360 = DIRECTION('',(-1.,1.110223024625E-16,0.));
#2361 = ORIENTED_EDGE('',*,*,#2362,.F.);
#2362 = EDGE_CURVE('',#2363,#2355,#2365,.T.);
#2363 = VERTEX_POINT('',#2364);
#2364 = CARTESIAN_POINT('',(-1.,35.9,-1.249000902703E-15));
#2365 = LINE('',#2366,#2367);
#2366 = CARTESIAN_POINT('',(-1.,-1.7,0.));
#2367 = VECTOR('',#2368,1.);
#2368 = DIRECTION('',(-1.110223024625E-16,-1.,0.));
#2369 = ORIENTED_EDGE('',*,*,#2370,.F.);
#2370 = EDGE_CURVE('',#2371,#2363,#2373,.T.);
#2371 = VERTEX_POINT('',#2372);
#2372 = CARTESIAN_POINT('',(1.,35.9,-1.249000902703E-15));
#2373 = LINE('',#2374,#2375);
#2374 = CARTESIAN_POINT('',(2.,35.9,0.));
#2375 = VECTOR('',#2376,1.);
#2376 = DIRECTION('',(-1.,1.110223024625E-16,0.));
#2377 = ORIENTED_EDGE('',*,*,#2378,.T.);
#2378 = EDGE_CURVE('',#2371,#2379,#2381,.T.);
#2379 = VERTEX_POINT('',#2380);
#2380 = CARTESIAN_POINT('',(1.,35.1,0.));
#2381 = LINE('',#2382,#2383);
#2382 = CARTESIAN_POINT('',(1.,-1.7,0.));
#2383 = VECTOR('',#2384,1.);
#2384 = DIRECTION('',(-1.110223024625E-16,-1.,0.));
#2385 = ORIENTED_EDGE('',*,*,#2386,.F.);
#2386 = EDGE_CURVE('',#2331,#2379,#2387,.T.);
#2387 = LINE('',#2388,#2389);
#2388 = CARTESIAN_POINT('',(-17.35,35.1,0.));
#2389 = VECTOR('',#2390,1.);
#2390 = DIRECTION('',(-1.,1.110223024625E-16,0.));
#2391 = FACE_BOUND('',#2392,.T.);
#2392 = EDGE_LOOP('',(#2393,#2403,#2411,#2419));
#2393 = ORIENTED_EDGE('',*,*,#2394,.F.);
#2394 = EDGE_CURVE('',#2395,#2397,#2399,.T.);
#2395 = VERTEX_POINT('',#2396);
#2396 = CARTESIAN_POINT('',(15.03,7.,-1.746346123266E-14));
#2397 = VERTEX_POINT('',#2398);
#2398 = CARTESIAN_POINT('',(15.03,10.,-1.746346123266E-14));
#2399 = LINE('',#2400,#2401);
#2400 = CARTESIAN_POINT('',(15.03,6.,0.));
#2401 = VECTOR('',#2402,1.);
#2402 = DIRECTION('',(0.,1.,0.));
#2403 = ORIENTED_EDGE('',*,*,#2404,.T.);
#2404 = EDGE_CURVE('',#2395,#2405,#2407,.T.);
#2405 = VERTEX_POINT('',#2406);
#2406 = CARTESIAN_POINT('',(11.53,7.,0.));
#2407 = LINE('',#2408,#2409);
#2408 = CARTESIAN_POINT('',(-11.485,7.,0.));
#2409 = VECTOR('',#2410,1.);
#2410 = DIRECTION('',(-1.,0.,0.));
#2411 = ORIENTED_EDGE('',*,*,#2412,.T.);
#2412 = EDGE_CURVE('',#2405,#2413,#2415,.T.);
#2413 = VERTEX_POINT('',#2414);
#2414 = CARTESIAN_POINT('',(11.53,10.,0.));
#2415 = LINE('',#2416,#2417);
#2416 = CARTESIAN_POINT('',(11.53,-15.75,0.));
#2417 = VECTOR('',#2418,1.);
#2418 = DIRECTION('',(0.,1.,0.));
#2419 = ORIENTED_EDGE('',*,*,#2420,.F.);
#2420 = EDGE_CURVE('',#2397,#2413,#2421,.T.);
#2421 = LINE('',#2422,#2423);
#2422 = CARTESIAN_POINT('',(-12.485,10.,0.));
#2423 = VECTOR('',#2424,1.);
#2424 = DIRECTION('',(-1.,0.,0.));
#2425 = FACE_BOUND('',#2426,.T.);
#2426 = EDGE_LOOP('',(#2427));
#2427 = ORIENTED_EDGE('',*,*,#2428,.F.);
#2428 = EDGE_CURVE('',#2429,#2429,#2431,.T.);
#2429 = VERTEX_POINT('',#2430);
#2430 = CARTESIAN_POINT('',(11.43,12.7,0.));
#2431 = CIRCLE('',#2432,2.54);
#2432 = AXIS2_PLACEMENT_3D('',#2433,#2434,#2435);
#2433 = CARTESIAN_POINT('',(8.89,12.7,0.));
#2434 = DIRECTION('',(0.,0.,1.));
#2435 = DIRECTION('',(1.,0.,0.));
#2436 = FACE_BOUND('',#2437,.T.);
#2437 = EDGE_LOOP('',(#2438,#2448,#2456,#2464,#2472,#2480,#2488,#2496));
#2438 = ORIENTED_EDGE('',*,*,#2439,.T.);
#2439 = EDGE_CURVE('',#2440,#2442,#2444,.T.);
#2440 = VERTEX_POINT('',#2441);
#2441 = CARTESIAN_POINT('',(28.9,19.,0.));
#2442 = VERTEX_POINT('',#2443);
#2443 = CARTESIAN_POINT('',(28.1,19.,-1.249000902703E-15));
#2444 = LINE('',#2445,#2446);
#2445 = CARTESIAN_POINT('',(-4.2,19.,0.));
#2446 = VECTOR('',#2447,1.);
#2447 = DIRECTION('',(-1.,0.,0.));
#2448 = ORIENTED_EDGE('',*,*,#2449,.T.);
#2449 = EDGE_CURVE('',#2442,#2450,#2452,.T.);
#2450 = VERTEX_POINT('',#2451);
#2451 = CARTESIAN_POINT('',(28.1,21.,-1.249000902703E-15));
#2452 = LINE('',#2453,#2454);
#2453 = CARTESIAN_POINT('',(28.1,18.,0.));
#2454 = VECTOR('',#2455,1.);
#2455 = DIRECTION('',(0.,1.,0.));
#2456 = ORIENTED_EDGE('',*,*,#2457,.F.);
#2457 = EDGE_CURVE('',#2458,#2450,#2460,.T.);
#2458 = VERTEX_POINT('',#2459);
#2459 = CARTESIAN_POINT('',(28.9,21.,0.));
#2460 = LINE('',#2461,#2462);
#2461 = CARTESIAN_POINT('',(-4.2,21.,0.));
#2462 = VECTOR('',#2463,1.);
#2463 = DIRECTION('',(-1.,0.,0.));
#2464 = ORIENTED_EDGE('',*,*,#2465,.T.);
#2465 = EDGE_CURVE('',#2458,#2466,#2468,.T.);
#2466 = VERTEX_POINT('',#2467);
#2467 = CARTESIAN_POINT('',(28.9,21.8,-1.387778780781E-16));
#2468 = LINE('',#2469,#2470);
#2469 = CARTESIAN_POINT('',(28.9,-8.75,0.));
#2470 = VECTOR('',#2471,1.);
#2471 = DIRECTION('',(0.,1.,0.));
#2472 = ORIENTED_EDGE('',*,*,#2473,.T.);
#2473 = EDGE_CURVE('',#2466,#2474,#2476,.T.);
#2474 = VERTEX_POINT('',#2475);
#2475 = CARTESIAN_POINT('',(29.9,21.8,-1.387778780781E-16));
#2476 = LINE('',#2477,#2478);
#2477 = CARTESIAN_POINT('',(27.9,21.8,0.));
#2478 = VECTOR('',#2479,1.);
#2479 = DIRECTION('',(1.,0.,0.));
#2480 = ORIENTED_EDGE('',*,*,#2481,.F.);
#2481 = EDGE_CURVE('',#2482,#2474,#2484,.T.);
#2482 = VERTEX_POINT('',#2483);
#2483 = CARTESIAN_POINT('',(29.9,18.2,-1.387778780781E-16));
#2484 = LINE('',#2485,#2486);
#2485 = CARTESIAN_POINT('',(29.9,-8.75,0.));
#2486 = VECTOR('',#2487,1.);
#2487 = DIRECTION('',(0.,1.,0.));
#2488 = ORIENTED_EDGE('',*,*,#2489,.F.);
#2489 = EDGE_CURVE('',#2490,#2482,#2492,.T.);
#2490 = VERTEX_POINT('',#2491);
#2491 = CARTESIAN_POINT('',(28.9,18.2,-1.387778780781E-16));
#2492 = LINE('',#2493,#2494);
#2493 = CARTESIAN_POINT('',(27.9,18.2,0.));
#2494 = VECTOR('',#2495,1.);
#2495 = DIRECTION('',(1.,0.,0.));
#2496 = ORIENTED_EDGE('',*,*,#2497,.T.);
#2497 = EDGE_CURVE('',#2490,#2440,#2498,.T.);
#2498 = LINE('',#2499,#2500);
#2499 = CARTESIAN_POINT('',(28.9,-10.15,0.));
#2500 = VECTOR('',#2501,1.);
#2501 = DIRECTION('',(0.,1.,0.));
#2502 = FACE_BOUND('',#2503,.T.);
#2503 = EDGE_LOOP('',(#2504,#2514,#2522,#2530,#2538,#2546,#2554,#2562));
#2504 = ORIENTED_EDGE('',*,*,#2505,.F.);
#2505 = EDGE_CURVE('',#2506,#2508,#2510,.T.);
#2506 = VERTEX_POINT('',#2507);
#2507 = CARTESIAN_POINT('',(32.1,18.2,-1.387778780781E-16));
#2508 = VERTEX_POINT('',#2509);
#2509 = CARTESIAN_POINT('',(33.1,18.2,-1.387778780781E-16));
#2510 = LINE('',#2511,#2512);
#2511 = CARTESIAN_POINT('',(31.1,18.2,0.));
#2512 = VECTOR('',#2513,1.);
#2513 = DIRECTION('',(1.,0.,0.));
#2514 = ORIENTED_EDGE('',*,*,#2515,.T.);
#2515 = EDGE_CURVE('',#2506,#2516,#2518,.T.);
#2516 = VERTEX_POINT('',#2517);
#2517 = CARTESIAN_POINT('',(32.1,21.8,-1.387778780781E-16));
#2518 = LINE('',#2519,#2520);
#2519 = CARTESIAN_POINT('',(32.1,-10.15,0.));
#2520 = VECTOR('',#2521,1.);
#2521 = DIRECTION('',(0.,1.,0.));
#2522 = ORIENTED_EDGE('',*,*,#2523,.T.);
#2523 = EDGE_CURVE('',#2516,#2524,#2526,.T.);
#2524 = VERTEX_POINT('',#2525);
#2525 = CARTESIAN_POINT('',(33.1,21.8,-1.387778780781E-16));
#2526 = LINE('',#2527,#2528);
#2527 = CARTESIAN_POINT('',(31.1,21.8,0.));
#2528 = VECTOR('',#2529,1.);
#2529 = DIRECTION('',(1.,0.,0.));
#2530 = ORIENTED_EDGE('',*,*,#2531,.F.);
#2531 = EDGE_CURVE('',#2532,#2524,#2534,.T.);
#2532 = VERTEX_POINT('',#2533);
#2533 = CARTESIAN_POINT('',(33.1,21.,0.));
#2534 = LINE('',#2535,#2536);
#2535 = CARTESIAN_POINT('',(33.1,-8.75,0.));
#2536 = VECTOR('',#2537,1.);
#2537 = DIRECTION('',(0.,1.,0.));
#2538 = ORIENTED_EDGE('',*,*,#2539,.F.);
#2539 = EDGE_CURVE('',#2540,#2532,#2542,.T.);
#2540 = VERTEX_POINT('',#2541);
#2541 = CARTESIAN_POINT('',(33.9,21.,-1.249000902703E-15));
#2542 = LINE('',#2543,#2544);
#2543 = CARTESIAN_POINT('',(-1.7,21.,0.));
#2544 = VECTOR('',#2545,1.);
#2545 = DIRECTION('',(-1.,0.,0.));
#2546 = ORIENTED_EDGE('',*,*,#2547,.F.);
#2547 = EDGE_CURVE('',#2548,#2540,#2550,.T.);
#2548 = VERTEX_POINT('',#2549);
#2549 = CARTESIAN_POINT('',(33.9,19.,-1.249000902703E-15));
#2550 = LINE('',#2551,#2552);
#2551 = CARTESIAN_POINT('',(33.9,18.,0.));
#2552 = VECTOR('',#2553,1.);
#2553 = DIRECTION('',(0.,1.,0.));
#2554 = ORIENTED_EDGE('',*,*,#2555,.T.);
#2555 = EDGE_CURVE('',#2548,#2556,#2558,.T.);
#2556 = VERTEX_POINT('',#2557);
#2557 = CARTESIAN_POINT('',(33.1,19.,0.));
#2558 = LINE('',#2559,#2560);
#2559 = CARTESIAN_POINT('',(-1.7,19.,0.));
#2560 = VECTOR('',#2561,1.);
#2561 = DIRECTION('',(-1.,0.,0.));
#2562 = ORIENTED_EDGE('',*,*,#2563,.F.);
#2563 = EDGE_CURVE('',#2508,#2556,#2564,.T.);
#2564 = LINE('',#2565,#2566);
#2565 = CARTESIAN_POINT('',(33.1,-10.15,0.));
#2566 = VECTOR('',#2567,1.);
#2567 = DIRECTION('',(0.,1.,0.));
#2568 = PLANE('',#2569);
#2569 = AXIS2_PLACEMENT_3D('',#2570,#2571,#2572);
#2570 = CARTESIAN_POINT('',(-36.5,-38.5,0.));
#2571 = DIRECTION('',(0.,0.,1.));
#2572 = DIRECTION('',(1.,0.,0.));
#2573 = ADVANCED_FACE('',(#2574),#2601,.T.);
#2574 = FACE_BOUND('',#2575,.T.);
#2575 = EDGE_LOOP('',(#2576,#2586,#2592,#2593,#2594,#2595));
#2576 = ORIENTED_EDGE('',*,*,#2577,.T.);
#2577 = EDGE_CURVE('',#2578,#2580,#2582,.T.);
#2578 = VERTEX_POINT('',#2579);
#2579 = CARTESIAN_POINT('',(-36.5,25.,2.4));
#2580 = VERTEX_POINT('',#2581);
#2581 = CARTESIAN_POINT('',(-36.5,-25.,2.4));
#2582 = LINE('',#2583,#2584);
#2583 = CARTESIAN_POINT('',(-36.5,-38.8,2.4));
#2584 = VECTOR('',#2585,1.);
#2585 = DIRECTION('',(0.,-1.,0.));
#2586 = ORIENTED_EDGE('',*,*,#2587,.F.);
#2587 = EDGE_CURVE('',#224,#2580,#2588,.T.);
#2588 = LINE('',#2589,#2590);
#2589 = CARTESIAN_POINT('',(-36.5,-25.,0.));
#2590 = VECTOR('',#2591,1.);
#2591 = DIRECTION('',(0.,0.,1.));
#2592 = ORIENTED_EDGE('',*,*,#231,.F.);
#2593 = ORIENTED_EDGE('',*,*,#909,.T.);
#2594 = ORIENTED_EDGE('',*,*,#303,.T.);
#2595 = ORIENTED_EDGE('',*,*,#2596,.T.);
#2596 = EDGE_CURVE('',#296,#2578,#2597,.T.);
#2597 = LINE('',#2598,#2599);
#2598 = CARTESIAN_POINT('',(-36.5,25.,0.));
#2599 = VECTOR('',#2600,1.);
#2600 = DIRECTION('',(0.,0.,1.));
#2601 = PLANE('',#2602);
#2602 = AXIS2_PLACEMENT_3D('',#2603,#2604,#2605);
#2603 = CARTESIAN_POINT('',(-36.5,-38.5,0.));
#2604 = DIRECTION('',(1.,0.,0.));
#2605 = DIRECTION('',(0.,0.,1.));
#2606 = ADVANCED_FACE('',(#2607),#2626,.F.);
#2607 = FACE_BOUND('',#2608,.F.);
#2608 = EDGE_LOOP('',(#2609,#2610,#2611,#2619));
#2609 = ORIENTED_EDGE('',*,*,#223,.F.);
#2610 = ORIENTED_EDGE('',*,*,#262,.T.);
#2611 = ORIENTED_EDGE('',*,*,#2612,.T.);
#2612 = EDGE_CURVE('',#263,#2613,#2615,.T.);
#2613 = VERTEX_POINT('',#2614);
#2614 = CARTESIAN_POINT('',(-23.,-38.5,0.6));
#2615 = LINE('',#2616,#2617);
#2616 = CARTESIAN_POINT('',(-23.,-40.,0.6));
#2617 = VECTOR('',#2618,1.);
#2618 = DIRECTION('',(0.,1.,0.));
#2619 = ORIENTED_EDGE('',*,*,#2620,.F.);
#2620 = EDGE_CURVE('',#224,#2613,#2621,.T.);
#2621 = CIRCLE('',#2622,13.5);
#2622 = AXIS2_PLACEMENT_3D('',#2623,#2624,#2625);
#2623 = CARTESIAN_POINT('',(-23.,-25.,0.6));
#2624 = DIRECTION('',(0.,0.,1.));
#2625 = DIRECTION('',(-1.,0.,0.));
#2626 = PLANE('',#2627);
#2627 = AXIS2_PLACEMENT_3D('',#2628,#2629,#2630);
#2628 = CARTESIAN_POINT('',(-38.,-40.,0.6));
#2629 = DIRECTION('',(0.,0.,1.));
#2630 = DIRECTION('',(1.,0.,0.));
#2631 = ADVANCED_FACE('',(#2632),#2643,.T.);
#2632 = FACE_BOUND('',#2633,.T.);
#2633 = EDGE_LOOP('',(#2634,#2640,#2641,#2642));
#2634 = ORIENTED_EDGE('',*,*,#2635,.F.);
#2635 = EDGE_CURVE('',#484,#1032,#2636,.T.);
#2636 = LINE('',#2637,#2638);
#2637 = CARTESIAN_POINT('',(-23.,32.5,-3.5));
#2638 = VECTOR('',#2639,1.);
#2639 = DIRECTION('',(0.,0.,1.));
#2640 = ORIENTED_EDGE('',*,*,#491,.T.);
#2641 = ORIENTED_EDGE('',*,*,#319,.T.);
#2642 = ORIENTED_EDGE('',*,*,#1039,.F.);
#2643 = CYLINDRICAL_SURFACE('',#2644,7.5);
#2644 = AXIS2_PLACEMENT_3D('',#2645,#2646,#2647);
#2645 = CARTESIAN_POINT('',(-23.,25.,-3.5));
#2646 = DIRECTION('',(0.,0.,1.));
#2647 = DIRECTION('',(1.,0.,0.));
#2648 = ADVANCED_FACE('',(#2649),#2668,.F.);
#2649 = FACE_BOUND('',#2650,.F.);
#2650 = EDGE_LOOP('',(#2651,#2659,#2660,#2661));
#2651 = ORIENTED_EDGE('',*,*,#2652,.T.);
#2652 = EDGE_CURVE('',#2653,#335,#2655,.T.);
#2653 = VERTEX_POINT('',#2654);
#2654 = CARTESIAN_POINT('',(-23.,38.5,0.6));
#2655 = LINE('',#2656,#2657);
#2656 = CARTESIAN_POINT('',(-23.,25.,0.6));
#2657 = VECTOR('',#2658,1.);
#2658 = DIRECTION('',(0.,1.,0.));
#2659 = ORIENTED_EDGE('',*,*,#334,.T.);
#2660 = ORIENTED_EDGE('',*,*,#295,.T.);
#2661 = ORIENTED_EDGE('',*,*,#2662,.F.);
#2662 = EDGE_CURVE('',#2653,#296,#2663,.T.);
#2663 = CIRCLE('',#2664,13.5);
#2664 = AXIS2_PLACEMENT_3D('',#2665,#2666,#2667);
#2665 = CARTESIAN_POINT('',(-23.,25.,0.6));
#2666 = DIRECTION('',(0.,0.,1.));
#2667 = DIRECTION('',(-1.,0.,0.));
#2668 = PLANE('',#2669);
#2669 = AXIS2_PLACEMENT_3D('',#2670,#2671,#2672);
#2670 = CARTESIAN_POINT('',(-38.,25.,0.6));
#2671 = DIRECTION('',(0.,0.,1.));
#2672 = DIRECTION('',(1.,0.,0.));
#2673 = ADVANCED_FACE('',(#2674),#2687,.F.);
#2674 = FACE_BOUND('',#2675,.F.);
#2675 = EDGE_LOOP('',(#2676,#2677,#2678,#2679,#2680,#2681));
#2676 = ORIENTED_EDGE('',*,*,#2612,.F.);
#2677 = ORIENTED_EDGE('',*,*,#530,.F.);
#2678 = ORIENTED_EDGE('',*,*,#369,.T.);
#2679 = ORIENTED_EDGE('',*,*,#886,.T.);
#2680 = ORIENTED_EDGE('',*,*,#917,.F.);
#2681 = ORIENTED_EDGE('',*,*,#2682,.T.);
#2682 = EDGE_CURVE('',#918,#2613,#2683,.T.);
#2683 = LINE('',#2684,#2685);
#2684 = CARTESIAN_POINT('',(-23.,-38.5,0.));
#2685 = VECTOR('',#2686,1.);
#2686 = DIRECTION('',(0.,0.,1.));
#2687 = PLANE('',#2688);
#2688 = AXIS2_PLACEMENT_3D('',#2689,#2690,#2691);
#2689 = CARTESIAN_POINT('',(-23.,-40.,-2.5));
#2690 = DIRECTION('',(1.,0.,0.));
#2691 = DIRECTION('',(0.,0.,1.));
#2692 = ADVANCED_FACE('',(#2693),#2706,.F.);
#2693 = FACE_BOUND('',#2694,.F.);
#2694 = EDGE_LOOP('',(#2695,#2696,#2702,#2703,#2704,#2705));
#2695 = ORIENTED_EDGE('',*,*,#2652,.F.);
#2696 = ORIENTED_EDGE('',*,*,#2697,.F.);
#2697 = EDGE_CURVE('',#1024,#2653,#2698,.T.);
#2698 = LINE('',#2699,#2700);
#2699 = CARTESIAN_POINT('',(-23.,38.5,0.));
#2700 = VECTOR('',#2701,1.);
#2701 = DIRECTION('',(0.,0.,1.));
#2702 = ORIENTED_EDGE('',*,*,#1031,.F.);
#2703 = ORIENTED_EDGE('',*,*,#2635,.F.);
#2704 = ORIENTED_EDGE('',*,*,#483,.T.);
#2705 = ORIENTED_EDGE('',*,*,#561,.T.);
#2706 = PLANE('',#2707);
#2707 = AXIS2_PLACEMENT_3D('',#2708,#2709,#2710);
#2708 = CARTESIAN_POINT('',(-23.,25.,-2.5));
#2709 = DIRECTION('',(1.,0.,0.));
#2710 = DIRECTION('',(0.,0.,1.));
#2711 = ADVANCED_FACE('',(#2712),#2737,.T.);
#2712 = FACE_BOUND('',#2713,.T.);
#2713 = EDGE_LOOP('',(#2714,#2722,#2723,#2724,#2730,#2731));
#2714 = ORIENTED_EDGE('',*,*,#2715,.F.);
#2715 = EDGE_CURVE('',#539,#2716,#2718,.T.);
#2716 = VERTEX_POINT('',#2717);
#2717 = CARTESIAN_POINT('',(23.,-38.5,0.6));
#2718 = LINE('',#2719,#2720);
#2719 = CARTESIAN_POINT('',(23.,-40.,0.6));
#2720 = VECTOR('',#2721,1.);
#2721 = DIRECTION('',(0.,1.,0.));
#2722 = ORIENTED_EDGE('',*,*,#546,.F.);
#2723 = ORIENTED_EDGE('',*,*,#385,.T.);
#2724 = ORIENTED_EDGE('',*,*,#2725,.T.);
#2725 = EDGE_CURVE('',#386,#934,#2726,.T.);
#2726 = LINE('',#2727,#2728);
#2727 = CARTESIAN_POINT('',(23.,-32.5,-3.5));
#2728 = VECTOR('',#2729,1.);
#2729 = DIRECTION('',(0.,0.,1.));
#2730 = ORIENTED_EDGE('',*,*,#933,.F.);
#2731 = ORIENTED_EDGE('',*,*,#2732,.T.);
#2732 = EDGE_CURVE('',#926,#2716,#2733,.T.);
#2733 = LINE('',#2734,#2735);
#2734 = CARTESIAN_POINT('',(23.,-38.5,0.));
#2735 = VECTOR('',#2736,1.);
#2736 = DIRECTION('',(0.,0.,1.));
#2737 = PLANE('',#2738);
#2738 = AXIS2_PLACEMENT_3D('',#2739,#2740,#2741);
#2739 = CARTESIAN_POINT('',(23.,-40.,-2.5));
#2740 = DIRECTION('',(1.,0.,0.));
#2741 = DIRECTION('',(0.,0.,1.));
#2742 = ADVANCED_FACE('',(#2743),#2768,.T.);
#2743 = FACE_BOUND('',#2744,.T.);
#2744 = EDGE_LOOP('',(#2745,#2751,#2752,#2753,#2761,#2767));
#2745 = ORIENTED_EDGE('',*,*,#2746,.F.);
#2746 = EDGE_CURVE('',#460,#1008,#2747,.T.);
#2747 = LINE('',#2748,#2749);
#2748 = CARTESIAN_POINT('',(5.35,31.5,-2.5));
#2749 = VECTOR('',#2750,1.);
#2750 = DIRECTION('',(0.,0.,1.));
#2751 = ORIENTED_EDGE('',*,*,#467,.T.);
#2752 = ORIENTED_EDGE('',*,*,#600,.F.);
#2753 = ORIENTED_EDGE('',*,*,#2754,.F.);
#2754 = EDGE_CURVE('',#2755,#593,#2757,.T.);
#2755 = VERTEX_POINT('',#2756);
#2756 = CARTESIAN_POINT('',(5.35,38.5,1.4));
#2757 = LINE('',#2758,#2759);
#2758 = CARTESIAN_POINT('',(5.35,31.5,1.4));
#2759 = VECTOR('',#2760,1.);
#2760 = DIRECTION('',(0.,1.,0.));
#2761 = ORIENTED_EDGE('',*,*,#2762,.T.);
#2762 = EDGE_CURVE('',#2755,#1016,#2763,.T.);
#2763 = LINE('',#2764,#2765);
#2764 = CARTESIAN_POINT('',(5.35,38.5,-1.25));
#2765 = VECTOR('',#2766,1.);
#2766 = DIRECTION('',(0.,0.,-1.));
#2767 = ORIENTED_EDGE('',*,*,#1015,.F.);
#2768 = PLANE('',#2769);
#2769 = AXIS2_PLACEMENT_3D('',#2770,#2771,#2772);
#2770 = CARTESIAN_POINT('',(5.35,31.5,-2.5));
#2771 = DIRECTION('',(1.,0.,0.));
#2772 = DIRECTION('',(0.,0.,1.));
#2773 = ADVANCED_FACE('',(#2774),#2785,.T.);
#2774 = FACE_BOUND('',#2775,.T.);
#2775 = EDGE_LOOP('',(#2776,#2777,#2783,#2784));
#2776 = ORIENTED_EDGE('',*,*,#393,.T.);
#2777 = ORIENTED_EDGE('',*,*,#2778,.T.);
#2778 = EDGE_CURVE('',#394,#942,#2779,.T.);
#2779 = LINE('',#2780,#2781);
#2780 = CARTESIAN_POINT('',(30.5,-25.,-3.5));
#2781 = VECTOR('',#2782,1.);
#2782 = DIRECTION('',(0.,0.,1.));
#2783 = ORIENTED_EDGE('',*,*,#941,.F.);
#2784 = ORIENTED_EDGE('',*,*,#2725,.F.);
#2785 = CYLINDRICAL_SURFACE('',#2786,7.5);
#2786 = AXIS2_PLACEMENT_3D('',#2787,#2788,#2789);
#2787 = CARTESIAN_POINT('',(23.,-25.,-3.5));
#2788 = DIRECTION('',(0.,0.,1.));
#2789 = DIRECTION('',(1.,0.,0.));
#2790 = ADVANCED_FACE('',(#2791),#2802,.T.);
#2791 = FACE_BOUND('',#2792,.T.);
#2792 = EDGE_LOOP('',(#2793,#2799,#2800,#2801));
#2793 = ORIENTED_EDGE('',*,*,#2794,.F.);
#2794 = EDGE_CURVE('',#452,#1000,#2795,.T.);
#2795 = LINE('',#2796,#2797);
#2796 = CARTESIAN_POINT('',(21.85,31.5,-2.5));
#2797 = VECTOR('',#2798,1.);
#2798 = DIRECTION('',(0.,0.,1.));
#2799 = ORIENTED_EDGE('',*,*,#459,.T.);
#2800 = ORIENTED_EDGE('',*,*,#2746,.T.);
#2801 = ORIENTED_EDGE('',*,*,#1007,.F.);
#2802 = PLANE('',#2803);
#2803 = AXIS2_PLACEMENT_3D('',#2804,#2805,#2806);
#2804 = CARTESIAN_POINT('',(5.35,31.5,-2.5));
#2805 = DIRECTION('',(0.,1.,0.));
#2806 = DIRECTION('',(0.,0.,1.));
#2807 = ADVANCED_FACE('',(#2808),#2828,.F.);
#2808 = FACE_BOUND('',#2809,.F.);
#2809 = EDGE_LOOP('',(#2810,#2811,#2812,#2813,#2821,#2827));
#2810 = ORIENTED_EDGE('',*,*,#402,.T.);
#2811 = ORIENTED_EDGE('',*,*,#2778,.T.);
#2812 = ORIENTED_EDGE('',*,*,#950,.F.);
#2813 = ORIENTED_EDGE('',*,*,#2814,.T.);
#2814 = EDGE_CURVE('',#951,#2815,#2817,.T.);
#2815 = VERTEX_POINT('',#2816);
#2816 = CARTESIAN_POINT('',(36.5,-25.,0.6));
#2817 = LINE('',#2818,#2819);
#2818 = CARTESIAN_POINT('',(36.5,-25.,0.));
#2819 = VECTOR('',#2820,1.);
#2820 = DIRECTION('',(0.,0.,1.));
#2821 = ORIENTED_EDGE('',*,*,#2822,.T.);
#2822 = EDGE_CURVE('',#2815,#615,#2823,.T.);
#2823 = LINE('',#2824,#2825);
#2824 = CARTESIAN_POINT('',(23.,-25.,0.6));
#2825 = VECTOR('',#2826,1.);
#2826 = DIRECTION('',(1.,0.,0.));
#2827 = ORIENTED_EDGE('',*,*,#666,.F.);
#2828 = PLANE('',#2829);
#2829 = AXIS2_PLACEMENT_3D('',#2830,#2831,#2832);
#2830 = CARTESIAN_POINT('',(23.,-25.,-2.5));
#2831 = DIRECTION('',(0.,1.,0.));
#2832 = DIRECTION('',(0.,0.,1.));
#2833 = ADVANCED_FACE('',(#2834),#2854,.F.);
#2834 = FACE_BOUND('',#2835,.F.);
#2835 = EDGE_LOOP('',(#2836,#2837,#2838,#2839,#2847,#2853));
#2836 = ORIENTED_EDGE('',*,*,#2794,.F.);
#2837 = ORIENTED_EDGE('',*,*,#451,.T.);
#2838 = ORIENTED_EDGE('',*,*,#584,.F.);
#2839 = ORIENTED_EDGE('',*,*,#2840,.F.);
#2840 = EDGE_CURVE('',#2841,#585,#2843,.T.);
#2841 = VERTEX_POINT('',#2842);
#2842 = CARTESIAN_POINT('',(21.85,38.5,1.4));
#2843 = LINE('',#2844,#2845);
#2844 = CARTESIAN_POINT('',(21.85,31.5,1.4));
#2845 = VECTOR('',#2846,1.);
#2846 = DIRECTION('',(0.,1.,0.));
#2847 = ORIENTED_EDGE('',*,*,#2848,.T.);
#2848 = EDGE_CURVE('',#2841,#992,#2849,.T.);
#2849 = LINE('',#2850,#2851);
#2850 = CARTESIAN_POINT('',(21.85,38.5,-1.25));
#2851 = VECTOR('',#2852,1.);
#2852 = DIRECTION('',(0.,0.,-1.));
#2853 = ORIENTED_EDGE('',*,*,#999,.F.);
#2854 = PLANE('',#2855);
#2855 = AXIS2_PLACEMENT_3D('',#2856,#2857,#2858);
#2856 = CARTESIAN_POINT('',(21.85,31.5,-2.5));
#2857 = DIRECTION('',(1.,0.,0.));
#2858 = DIRECTION('',(0.,0.,1.));
#2859 = ADVANCED_FACE('',(#2860),#2885,.T.);
#2860 = FACE_BOUND('',#2861,.T.);
#2861 = EDGE_LOOP('',(#2862,#2863,#2869,#2870,#2878,#2884));
#2862 = ORIENTED_EDGE('',*,*,#418,.T.);
#2863 = ORIENTED_EDGE('',*,*,#2864,.T.);
#2864 = EDGE_CURVE('',#419,#967,#2865,.T.);
#2865 = LINE('',#2866,#2867);
#2866 = CARTESIAN_POINT('',(30.5,25.,-3.5));
#2867 = VECTOR('',#2868,1.);
#2868 = DIRECTION('',(0.,0.,1.));
#2869 = ORIENTED_EDGE('',*,*,#966,.F.);
#2870 = ORIENTED_EDGE('',*,*,#2871,.T.);
#2871 = EDGE_CURVE('',#959,#2872,#2874,.T.);
#2872 = VERTEX_POINT('',#2873);
#2873 = CARTESIAN_POINT('',(36.5,25.,0.6));
#2874 = LINE('',#2875,#2876);
#2875 = CARTESIAN_POINT('',(36.5,25.,0.));
#2876 = VECTOR('',#2877,1.);
#2877 = DIRECTION('',(0.,0.,1.));
#2878 = ORIENTED_EDGE('',*,*,#2879,.T.);
#2879 = EDGE_CURVE('',#2872,#640,#2880,.T.);
#2880 = LINE('',#2881,#2882);
#2881 = CARTESIAN_POINT('',(23.,25.,0.6));
#2882 = VECTOR('',#2883,1.);
#2883 = DIRECTION('',(1.,0.,0.));
#2884 = ORIENTED_EDGE('',*,*,#673,.F.);
#2885 = PLANE('',#2886);
#2886 = AXIS2_PLACEMENT_3D('',#2887,#2888,#2889);
#2887 = CARTESIAN_POINT('',(23.,25.,-2.5));
#2888 = DIRECTION('',(0.,1.,0.));
#2889 = DIRECTION('',(0.,0.,1.));
#2890 = ADVANCED_FACE('',(#2891),#2916,.T.);
#2891 = FACE_BOUND('',#2892,.T.);
#2892 = EDGE_LOOP('',(#2893,#2901,#2907,#2908,#2914,#2915));
#2893 = ORIENTED_EDGE('',*,*,#2894,.F.);
#2894 = EDGE_CURVE('',#2895,#570,#2897,.T.);
#2895 = VERTEX_POINT('',#2896);
#2896 = CARTESIAN_POINT('',(23.,38.5,0.6));
#2897 = LINE('',#2898,#2899);
#2898 = CARTESIAN_POINT('',(23.,25.,0.6));
#2899 = VECTOR('',#2900,1.);
#2900 = DIRECTION('',(0.,1.,0.));
#2901 = ORIENTED_EDGE('',*,*,#2902,.F.);
#2902 = EDGE_CURVE('',#984,#2895,#2903,.T.);
#2903 = LINE('',#2904,#2905);
#2904 = CARTESIAN_POINT('',(23.,38.5,0.));
#2905 = VECTOR('',#2906,1.);
#2906 = DIRECTION('',(0.,0.,1.));
#2907 = ORIENTED_EDGE('',*,*,#983,.F.);
#2908 = ORIENTED_EDGE('',*,*,#2909,.F.);
#2909 = EDGE_CURVE('',#427,#975,#2910,.T.);
#2910 = LINE('',#2911,#2912);
#2911 = CARTESIAN_POINT('',(23.,32.5,-3.5));
#2912 = VECTOR('',#2913,1.);
#2913 = DIRECTION('',(0.,0.,1.));
#2914 = ORIENTED_EDGE('',*,*,#435,.T.);
#2915 = ORIENTED_EDGE('',*,*,#577,.T.);
#2916 = PLANE('',#2917);
#2917 = AXIS2_PLACEMENT_3D('',#2918,#2919,#2920);
#2918 = CARTESIAN_POINT('',(23.,25.,-2.5));
#2919 = DIRECTION('',(1.,0.,0.));
#2920 = DIRECTION('',(0.,0.,1.));
#2921 = ADVANCED_FACE('',(#2922),#2928,.T.);
#2922 = FACE_BOUND('',#2923,.T.);
#2923 = EDGE_LOOP('',(#2924,#2925,#2926,#2927));
#2924 = ORIENTED_EDGE('',*,*,#974,.F.);
#2925 = ORIENTED_EDGE('',*,*,#2864,.F.);
#2926 = ORIENTED_EDGE('',*,*,#426,.T.);
#2927 = ORIENTED_EDGE('',*,*,#2909,.T.);
#2928 = CYLINDRICAL_SURFACE('',#2929,7.5);
#2929 = AXIS2_PLACEMENT_3D('',#2930,#2931,#2932);
#2930 = CARTESIAN_POINT('',(23.,25.,-3.5));
#2931 = DIRECTION('',(0.,0.,1.));
#2932 = DIRECTION('',(1.,0.,0.));
#2933 = ADVANCED_FACE('',(#2934),#2953,.F.);
#2934 = FACE_BOUND('',#2935,.F.);
#2935 = EDGE_LOOP('',(#2936,#2945,#2951,#2952));
#2936 = ORIENTED_EDGE('',*,*,#2937,.F.);
#2937 = EDGE_CURVE('',#2938,#2938,#2940,.T.);
#2938 = VERTEX_POINT('',#2939);
#2939 = CARTESIAN_POINT('',(24.4,-17.5,0.));
#2940 = CIRCLE('',#2941,1.9);
#2941 = AXIS2_PLACEMENT_3D('',#2942,#2943,#2944);
#2942 = CARTESIAN_POINT('',(22.5,-17.5,0.));
#2943 = DIRECTION('',(0.,0.,1.));
#2944 = DIRECTION('',(1.,0.,0.));
#2945 = ORIENTED_EDGE('',*,*,#2946,.F.);
#2946 = EDGE_CURVE('',#502,#2938,#2947,.T.);
#2947 = LINE('',#2948,#2949);
#2948 = CARTESIAN_POINT('',(24.4,-17.5,-2.5));
#2949 = VECTOR('',#2950,1.);
#2950 = DIRECTION('',(0.,0.,1.));
#2951 = ORIENTED_EDGE('',*,*,#501,.T.);
#2952 = ORIENTED_EDGE('',*,*,#2946,.T.);
#2953 = CYLINDRICAL_SURFACE('',#2954,1.9);
#2954 = AXIS2_PLACEMENT_3D('',#2955,#2956,#2957);
#2955 = CARTESIAN_POINT('',(22.5,-17.5,-2.5));
#2956 = DIRECTION('',(0.,0.,1.));
#2957 = DIRECTION('',(1.,0.,0.));
#2958 = ADVANCED_FACE('',(#2959),#2978,.F.);
#2959 = FACE_BOUND('',#2960,.F.);
#2960 = EDGE_LOOP('',(#2961,#2970,#2976,#2977));
#2961 = ORIENTED_EDGE('',*,*,#2962,.F.);
#2962 = EDGE_CURVE('',#2963,#2963,#2965,.T.);
#2963 = VERTEX_POINT('',#2964);
#2964 = CARTESIAN_POINT('',(-20.6,17.5,0.));
#2965 = CIRCLE('',#2966,1.9);
#2966 = AXIS2_PLACEMENT_3D('',#2967,#2968,#2969);
#2967 = CARTESIAN_POINT('',(-22.5,17.5,0.));
#2968 = DIRECTION('',(0.,0.,1.));
#2969 = DIRECTION('',(1.,0.,0.));
#2970 = ORIENTED_EDGE('',*,*,#2971,.F.);
#2971 = EDGE_CURVE('',#513,#2963,#2972,.T.);
#2972 = LINE('',#2973,#2974);
#2973 = CARTESIAN_POINT('',(-20.6,17.5,-2.5));
#2974 = VECTOR('',#2975,1.);
#2975 = DIRECTION('',(0.,0.,1.));
#2976 = ORIENTED_EDGE('',*,*,#512,.T.);
#2977 = ORIENTED_EDGE('',*,*,#2971,.T.);
#2978 = CYLINDRICAL_SURFACE('',#2979,1.9);
#2979 = AXIS2_PLACEMENT_3D('',#2980,#2981,#2982);
#2980 = CARTESIAN_POINT('',(-22.5,17.5,-2.5));
#2981 = DIRECTION('',(0.,0.,1.));
#2982 = DIRECTION('',(1.,0.,0.));
#2983 = ADVANCED_FACE('',(#2984),#2995,.F.);
#2984 = FACE_BOUND('',#2985,.F.);
#2985 = EDGE_LOOP('',(#2986,#2987,#2993,#2994));
#2986 = ORIENTED_EDGE('',*,*,#2754,.F.);
#2987 = ORIENTED_EDGE('',*,*,#2988,.T.);
#2988 = EDGE_CURVE('',#2755,#2841,#2989,.T.);
#2989 = LINE('',#2990,#2991);
#2990 = CARTESIAN_POINT('',(-15.575,38.5,1.4));
#2991 = VECTOR('',#2992,1.);
#2992 = DIRECTION('',(1.,0.,0.));
#2993 = ORIENTED_EDGE('',*,*,#2840,.T.);
#2994 = ORIENTED_EDGE('',*,*,#592,.F.);
#2995 = PLANE('',#2996);
#2996 = AXIS2_PLACEMENT_3D('',#2997,#2998,#2999);
#2997 = CARTESIAN_POINT('',(5.35,31.5,1.4));
#2998 = DIRECTION('',(0.,0.,1.));
#2999 = DIRECTION('',(1.,0.,0.));
#3000 = ADVANCED_FACE('',(#3001),#3013,.F.);
#3001 = FACE_BOUND('',#3002,.F.);
#3002 = EDGE_LOOP('',(#3003,#3004,#3005,#3006));
#3003 = ORIENTED_EDGE('',*,*,#2715,.F.);
#3004 = ORIENTED_EDGE('',*,*,#622,.T.);
#3005 = ORIENTED_EDGE('',*,*,#2822,.F.);
#3006 = ORIENTED_EDGE('',*,*,#3007,.F.);
#3007 = EDGE_CURVE('',#2716,#2815,#3008,.T.);
#3008 = CIRCLE('',#3009,13.5);
#3009 = AXIS2_PLACEMENT_3D('',#3010,#3011,#3012);
#3010 = CARTESIAN_POINT('',(23.,-25.,0.6));
#3011 = DIRECTION('',(0.,0.,1.));
#3012 = DIRECTION('',(1.,0.,0.));
#3013 = PLANE('',#3014);
#3014 = AXIS2_PLACEMENT_3D('',#3015,#3016,#3017);
#3015 = CARTESIAN_POINT('',(23.,-40.,0.6));
#3016 = DIRECTION('',(0.,0.,1.));
#3017 = DIRECTION('',(1.,0.,0.));
#3018 = ADVANCED_FACE('',(#3019),#3031,.F.);
#3019 = FACE_BOUND('',#3020,.F.);
#3020 = EDGE_LOOP('',(#3021,#3022,#3029,#3030));
#3021 = ORIENTED_EDGE('',*,*,#2894,.F.);
#3022 = ORIENTED_EDGE('',*,*,#3023,.F.);
#3023 = EDGE_CURVE('',#2872,#2895,#3024,.T.);
#3024 = CIRCLE('',#3025,13.5);
#3025 = AXIS2_PLACEMENT_3D('',#3026,#3027,#3028);
#3026 = CARTESIAN_POINT('',(23.,25.,0.6));
#3027 = DIRECTION('',(0.,0.,1.));
#3028 = DIRECTION('',(1.,0.,0.));
#3029 = ORIENTED_EDGE('',*,*,#2879,.T.);
#3030 = ORIENTED_EDGE('',*,*,#647,.T.);
#3031 = PLANE('',#3032);
#3032 = AXIS2_PLACEMENT_3D('',#3033,#3034,#3035);
#3033 = CARTESIAN_POINT('',(23.,25.,0.6));
#3034 = DIRECTION('',(0.,0.,1.));
#3035 = DIRECTION('',(1.,0.,0.));
#3036 = ADVANCED_FACE('',(#3037,#3047),#3108,.T.);
#3037 = FACE_BOUND('',#3038,.T.);
#3038 = EDGE_LOOP('',(#3039,#3040,#3041,#3042,#3043,#3044,#3045,#3046));
#3039 = ORIENTED_EDGE('',*,*,#869,.F.);
#3040 = ORIENTED_EDGE('',*,*,#696,.T.);
#3041 = ORIENTED_EDGE('',*,*,#720,.T.);
#3042 = ORIENTED_EDGE('',*,*,#752,.F.);
#3043 = ORIENTED_EDGE('',*,*,#771,.T.);
#3044 = ORIENTED_EDGE('',*,*,#794,.T.);
#3045 = ORIENTED_EDGE('',*,*,#818,.F.);
#3046 = ORIENTED_EDGE('',*,*,#850,.F.);
#3047 = FACE_BOUND('',#3048,.T.);
#3048 = EDGE_LOOP('',(#3049,#3058,#3059,#3068,#3076,#3085,#3093,#3102));
#3049 = ORIENTED_EDGE('',*,*,#3050,.F.);
#3050 = EDGE_CURVE('',#2580,#3051,#3053,.T.);
#3051 = VERTEX_POINT('',#3052);
#3052 = CARTESIAN_POINT('',(-23.,-38.5,2.4));
#3053 = CIRCLE('',#3054,13.5);
#3054 = AXIS2_PLACEMENT_3D('',#3055,#3056,#3057);
#3055 = CARTESIAN_POINT('',(-23.,-25.,2.4));
#3056 = DIRECTION('',(0.,0.,1.));
#3057 = DIRECTION('',(-1.,0.,0.));
#3058 = ORIENTED_EDGE('',*,*,#2577,.F.);
#3059 = ORIENTED_EDGE('',*,*,#3060,.F.);
#3060 = EDGE_CURVE('',#3061,#2578,#3063,.T.);
#3061 = VERTEX_POINT('',#3062);
#3062 = CARTESIAN_POINT('',(-23.,38.5,2.4));
#3063 = CIRCLE('',#3064,13.5);
#3064 = AXIS2_PLACEMENT_3D('',#3065,#3066,#3067);
#3065 = CARTESIAN_POINT('',(-23.,25.,2.4));
#3066 = DIRECTION('',(0.,0.,1.));
#3067 = DIRECTION('',(-1.,0.,0.));
#3068 = ORIENTED_EDGE('',*,*,#3069,.T.);
#3069 = EDGE_CURVE('',#3061,#3070,#3072,.T.);
#3070 = VERTEX_POINT('',#3071);
#3071 = CARTESIAN_POINT('',(23.,38.5,2.4));
#3072 = LINE('',#3073,#3074);
#3073 = CARTESIAN_POINT('',(-36.8,38.5,2.4));
#3074 = VECTOR('',#3075,1.);
#3075 = DIRECTION('',(1.,0.,0.));
#3076 = ORIENTED_EDGE('',*,*,#3077,.F.);
#3077 = EDGE_CURVE('',#3078,#3070,#3080,.T.);
#3078 = VERTEX_POINT('',#3079);
#3079 = CARTESIAN_POINT('',(36.5,25.,2.4));
#3080 = CIRCLE('',#3081,13.5);
#3081 = AXIS2_PLACEMENT_3D('',#3082,#3083,#3084);
#3082 = CARTESIAN_POINT('',(23.,25.,2.4));
#3083 = DIRECTION('',(0.,0.,1.));
#3084 = DIRECTION('',(1.,0.,0.));
#3085 = ORIENTED_EDGE('',*,*,#3086,.T.);
#3086 = EDGE_CURVE('',#3078,#3087,#3089,.T.);
#3087 = VERTEX_POINT('',#3088);
#3088 = CARTESIAN_POINT('',(36.5,-25.,2.4));
#3089 = LINE('',#3090,#3091);
#3090 = CARTESIAN_POINT('',(36.5,-38.8,2.4));
#3091 = VECTOR('',#3092,1.);
#3092 = DIRECTION('',(0.,-1.,0.));
#3093 = ORIENTED_EDGE('',*,*,#3094,.F.);
#3094 = EDGE_CURVE('',#3095,#3087,#3097,.T.);
#3095 = VERTEX_POINT('',#3096);
#3096 = CARTESIAN_POINT('',(23.,-38.5,2.4));
#3097 = CIRCLE('',#3098,13.5);
#3098 = AXIS2_PLACEMENT_3D('',#3099,#3100,#3101);
#3099 = CARTESIAN_POINT('',(23.,-25.,2.4));
#3100 = DIRECTION('',(0.,0.,1.));
#3101 = DIRECTION('',(1.,0.,0.));
#3102 = ORIENTED_EDGE('',*,*,#3103,.F.);
#3103 = EDGE_CURVE('',#3051,#3095,#3104,.T.);
#3104 = LINE('',#3105,#3106);
#3105 = CARTESIAN_POINT('',(-36.8,-38.5,2.4));
#3106 = VECTOR('',#3107,1.);
#3107 = DIRECTION('',(1.,0.,0.));
#3108 = PLANE('',#3109);
#3109 = AXIS2_PLACEMENT_3D('',#3110,#3111,#3112);
#3110 = CARTESIAN_POINT('',(-37.1,-39.1,2.4));
#3111 = DIRECTION('',(0.,0.,1.));
#3112 = DIRECTION('',(1.,0.,0.));
#3113 = ADVANCED_FACE('',(#3114),#3132,.T.);
#3114 = FACE_BOUND('',#3115,.T.);
#3115 = EDGE_LOOP('',(#3116,#3117,#3118,#3124,#3125,#3131));
#3116 = ORIENTED_EDGE('',*,*,#925,.F.);
#3117 = ORIENTED_EDGE('',*,*,#2682,.T.);
#3118 = ORIENTED_EDGE('',*,*,#3119,.T.);
#3119 = EDGE_CURVE('',#2613,#3051,#3120,.T.);
#3120 = LINE('',#3121,#3122);
#3121 = CARTESIAN_POINT('',(-23.,-38.5,0.));
#3122 = VECTOR('',#3123,1.);
#3123 = DIRECTION('',(0.,0.,1.));
#3124 = ORIENTED_EDGE('',*,*,#3103,.T.);
#3125 = ORIENTED_EDGE('',*,*,#3126,.F.);
#3126 = EDGE_CURVE('',#2716,#3095,#3127,.T.);
#3127 = LINE('',#3128,#3129);
#3128 = CARTESIAN_POINT('',(23.,-38.5,0.));
#3129 = VECTOR('',#3130,1.);
#3130 = DIRECTION('',(0.,0.,1.));
#3131 = ORIENTED_EDGE('',*,*,#2732,.F.);
#3132 = PLANE('',#3133);
#3133 = AXIS2_PLACEMENT_3D('',#3134,#3135,#3136);
#3134 = CARTESIAN_POINT('',(-36.5,-38.5,0.));
#3135 = DIRECTION('',(0.,1.,0.));
#3136 = DIRECTION('',(0.,0.,1.));
#3137 = ADVANCED_FACE('',(#3138),#3160,.F.);
#3138 = FACE_BOUND('',#3139,.F.);
#3139 = EDGE_LOOP('',(#3140,#3141,#3142,#3148,#3149,#3155,#3156,#3157,
    #3158,#3159));
#3140 = ORIENTED_EDGE('',*,*,#1023,.F.);
#3141 = ORIENTED_EDGE('',*,*,#2697,.T.);
#3142 = ORIENTED_EDGE('',*,*,#3143,.T.);
#3143 = EDGE_CURVE('',#2653,#3061,#3144,.T.);
#3144 = LINE('',#3145,#3146);
#3145 = CARTESIAN_POINT('',(-23.,38.5,0.));
#3146 = VECTOR('',#3147,1.);
#3147 = DIRECTION('',(0.,0.,1.));
#3148 = ORIENTED_EDGE('',*,*,#3069,.T.);
#3149 = ORIENTED_EDGE('',*,*,#3150,.F.);
#3150 = EDGE_CURVE('',#2895,#3070,#3151,.T.);
#3151 = LINE('',#3152,#3153);
#3152 = CARTESIAN_POINT('',(23.,38.5,0.));
#3153 = VECTOR('',#3154,1.);
#3154 = DIRECTION('',(0.,0.,1.));
#3155 = ORIENTED_EDGE('',*,*,#2902,.F.);
#3156 = ORIENTED_EDGE('',*,*,#991,.F.);
#3157 = ORIENTED_EDGE('',*,*,#2848,.F.);
#3158 = ORIENTED_EDGE('',*,*,#2988,.F.);
#3159 = ORIENTED_EDGE('',*,*,#2762,.T.);
#3160 = PLANE('',#3161);
#3161 = AXIS2_PLACEMENT_3D('',#3162,#3163,#3164);
#3162 = CARTESIAN_POINT('',(-36.5,38.5,0.));
#3163 = DIRECTION('',(0.,1.,0.));
#3164 = DIRECTION('',(0.,0.,1.));
#3165 = ADVANCED_FACE('',(#3166),#3184,.F.);
#3166 = FACE_BOUND('',#3167,.F.);
#3167 = EDGE_LOOP('',(#3168,#3169,#3175,#3176,#3177,#3178));
#3168 = ORIENTED_EDGE('',*,*,#3086,.T.);
#3169 = ORIENTED_EDGE('',*,*,#3170,.F.);
#3170 = EDGE_CURVE('',#2815,#3087,#3171,.T.);
#3171 = LINE('',#3172,#3173);
#3172 = CARTESIAN_POINT('',(36.5,-25.,0.));
#3173 = VECTOR('',#3174,1.);
#3174 = DIRECTION('',(0.,0.,1.));
#3175 = ORIENTED_EDGE('',*,*,#2814,.F.);
#3176 = ORIENTED_EDGE('',*,*,#958,.T.);
#3177 = ORIENTED_EDGE('',*,*,#2871,.T.);
#3178 = ORIENTED_EDGE('',*,*,#3179,.T.);
#3179 = EDGE_CURVE('',#2872,#3078,#3180,.T.);
#3180 = LINE('',#3181,#3182);
#3181 = CARTESIAN_POINT('',(36.5,25.,0.));
#3182 = VECTOR('',#3183,1.);
#3183 = DIRECTION('',(0.,0.,1.));
#3184 = PLANE('',#3185);
#3185 = AXIS2_PLACEMENT_3D('',#3186,#3187,#3188);
#3186 = CARTESIAN_POINT('',(36.5,-38.5,0.));
#3187 = DIRECTION('',(1.,0.,0.));
#3188 = DIRECTION('',(0.,0.,1.));
#3189 = ADVANCED_FACE('',(#3190),#3208,.F.);
#3190 = FACE_BOUND('',#3191,.F.);
#3191 = EDGE_LOOP('',(#3192,#3200,#3201));
#3192 = ORIENTED_EDGE('',*,*,#3193,.F.);
#3193 = EDGE_CURVE('',#1050,#3194,#3196,.T.);
#3194 = VERTEX_POINT('',#3195);
#3195 = CARTESIAN_POINT('',(-33.1,-21.,0.8));
#3196 = LINE('',#3197,#3198);
#3197 = CARTESIAN_POINT('',(-33.1,-21.,-1.E-02));
#3198 = VECTOR('',#3199,1.);
#3199 = DIRECTION('',(0.,0.,1.));
#3200 = ORIENTED_EDGE('',*,*,#1049,.T.);
#3201 = ORIENTED_EDGE('',*,*,#3202,.F.);
#3202 = EDGE_CURVE('',#3194,#1052,#3203,.T.);
#3203 = CIRCLE('',#3204,0.8);
#3204 = AXIS2_PLACEMENT_3D('',#3205,#3206,#3207);
#3205 = CARTESIAN_POINT('',(-33.9,-21.,0.8));
#3206 = DIRECTION('',(0.,1.,0.));
#3207 = DIRECTION('',(0.,0.,1.));
#3208 = PLANE('',#3209);
#3209 = AXIS2_PLACEMENT_3D('',#3210,#3211,#3212);
#3210 = CARTESIAN_POINT('',(-33.9,-21.,-1.E-02));
#3211 = DIRECTION('',(0.,1.,0.));
#3212 = DIRECTION('',(0.,0.,1.));
#3213 = ADVANCED_FACE('',(#3214),#3225,.F.);
#3214 = FACE_BOUND('',#3215,.F.);
#3215 = EDGE_LOOP('',(#3216,#3223,#3224));
#3216 = ORIENTED_EDGE('',*,*,#3217,.F.);
#3217 = EDGE_CURVE('',#1100,#3194,#3218,.T.);
#3218 = CIRCLE('',#3219,0.8);
#3219 = AXIS2_PLACEMENT_3D('',#3220,#3221,#3222);
#3220 = CARTESIAN_POINT('',(-33.1,-21.8,0.8));
#3221 = DIRECTION('',(1.,0.,-0.));
#3222 = DIRECTION('',(0.,0.,1.));
#3223 = ORIENTED_EDGE('',*,*,#1107,.T.);
#3224 = ORIENTED_EDGE('',*,*,#3193,.T.);
#3225 = PLANE('',#3226);
#3226 = AXIS2_PLACEMENT_3D('',#3227,#3228,#3229);
#3227 = CARTESIAN_POINT('',(-33.1,-21.8,-1.E-02));
#3228 = DIRECTION('',(1.,0.,0.));
#3229 = DIRECTION('',(0.,0.,1.));
#3230 = ADVANCED_FACE('',(#3231),#3250,.F.);
#3231 = FACE_BOUND('',#3232,.F.);
#3232 = EDGE_LOOP('',(#3233,#3241,#3242,#3243));
#3233 = ORIENTED_EDGE('',*,*,#3234,.F.);
#3234 = EDGE_CURVE('',#3194,#3235,#3237,.T.);
#3235 = VERTEX_POINT('',#3236);
#3236 = CARTESIAN_POINT('',(-33.1,-19.,0.8));
#3237 = LINE('',#3238,#3239);
#3238 = CARTESIAN_POINT('',(-33.1,-21.,0.8));
#3239 = VECTOR('',#3240,1.);
#3240 = DIRECTION('',(0.,1.,0.));
#3241 = ORIENTED_EDGE('',*,*,#3202,.T.);
#3242 = ORIENTED_EDGE('',*,*,#1059,.T.);
#3243 = ORIENTED_EDGE('',*,*,#3244,.F.);
#3244 = EDGE_CURVE('',#3235,#1060,#3245,.T.);
#3245 = CIRCLE('',#3246,0.8);
#3246 = AXIS2_PLACEMENT_3D('',#3247,#3248,#3249);
#3247 = CARTESIAN_POINT('',(-33.9,-19.,0.8));
#3248 = DIRECTION('',(0.,1.,0.));
#3249 = DIRECTION('',(0.,0.,1.));
#3250 = CYLINDRICAL_SURFACE('',#3251,0.8);
#3251 = AXIS2_PLACEMENT_3D('',#3252,#3253,#3254);
#3252 = CARTESIAN_POINT('',(-33.9,-22.,0.8));
#3253 = DIRECTION('',(0.,1.,0.));
#3254 = DIRECTION('',(0.,0.,1.));
#3255 = ADVANCED_FACE('',(#3256),#3275,.F.);
#3256 = FACE_BOUND('',#3257,.F.);
#3257 = EDGE_LOOP('',(#3258,#3259,#3267,#3274));
#3258 = ORIENTED_EDGE('',*,*,#3217,.T.);
#3259 = ORIENTED_EDGE('',*,*,#3260,.T.);
#3260 = EDGE_CURVE('',#3194,#3261,#3263,.T.);
#3261 = VERTEX_POINT('',#3262);
#3262 = CARTESIAN_POINT('',(-32.1,-21.,0.8));
#3263 = LINE('',#3264,#3265);
#3264 = CARTESIAN_POINT('',(-33.1,-21.,0.8));
#3265 = VECTOR('',#3266,1.);
#3266 = DIRECTION('',(1.,0.,0.));
#3267 = ORIENTED_EDGE('',*,*,#3268,.F.);
#3268 = EDGE_CURVE('',#1092,#3261,#3269,.T.);
#3269 = CIRCLE('',#3270,0.8);
#3270 = AXIS2_PLACEMENT_3D('',#3271,#3272,#3273);
#3271 = CARTESIAN_POINT('',(-32.1,-21.8,0.8));
#3272 = DIRECTION('',(1.,0.,-0.));
#3273 = DIRECTION('',(0.,0.,1.));
#3274 = ORIENTED_EDGE('',*,*,#1099,.F.);
#3275 = CYLINDRICAL_SURFACE('',#3276,0.8);
#3276 = AXIS2_PLACEMENT_3D('',#3277,#3278,#3279);
#3277 = CARTESIAN_POINT('',(-34.1,-21.8,0.8));
#3278 = DIRECTION('',(1.,0.,0.));
#3279 = DIRECTION('',(0.,0.,1.));
#3280 = ADVANCED_FACE('',(#3281),#3291,.T.);
#3281 = FACE_BOUND('',#3282,.T.);
#3282 = EDGE_LOOP('',(#3283,#3289,#3290));
#3283 = ORIENTED_EDGE('',*,*,#3284,.F.);
#3284 = EDGE_CURVE('',#1068,#3235,#3285,.T.);
#3285 = LINE('',#3286,#3287);
#3286 = CARTESIAN_POINT('',(-33.1,-19.,-1.E-02));
#3287 = VECTOR('',#3288,1.);
#3288 = DIRECTION('',(0.,0.,1.));
#3289 = ORIENTED_EDGE('',*,*,#1067,.T.);
#3290 = ORIENTED_EDGE('',*,*,#3244,.F.);
#3291 = PLANE('',#3292);
#3292 = AXIS2_PLACEMENT_3D('',#3293,#3294,#3295);
#3293 = CARTESIAN_POINT('',(-33.9,-19.,-1.E-02));
#3294 = DIRECTION('',(0.,1.,0.));
#3295 = DIRECTION('',(0.,0.,1.));
#3296 = ADVANCED_FACE('',(#3297),#3308,.F.);
#3297 = FACE_BOUND('',#3298,.F.);
#3298 = EDGE_LOOP('',(#3299,#3300,#3301));
#3299 = ORIENTED_EDGE('',*,*,#3284,.F.);
#3300 = ORIENTED_EDGE('',*,*,#1075,.T.);
#3301 = ORIENTED_EDGE('',*,*,#3302,.F.);
#3302 = EDGE_CURVE('',#3235,#1076,#3303,.T.);
#3303 = CIRCLE('',#3304,0.8);
#3304 = AXIS2_PLACEMENT_3D('',#3305,#3306,#3307);
#3305 = CARTESIAN_POINT('',(-33.1,-18.2,0.8));
#3306 = DIRECTION('',(1.,0.,-0.));
#3307 = DIRECTION('',(0.,0.,1.));
#3308 = PLANE('',#3309);
#3309 = AXIS2_PLACEMENT_3D('',#3310,#3311,#3312);
#3310 = CARTESIAN_POINT('',(-33.1,-19.,-1.E-02));
#3311 = DIRECTION('',(1.,0.,0.));
#3312 = DIRECTION('',(0.,0.,1.));
#3313 = ADVANCED_FACE('',(#3314),#3333,.F.);
#3314 = FACE_BOUND('',#3315,.F.);
#3315 = EDGE_LOOP('',(#3316,#3324,#3325,#3326));
#3316 = ORIENTED_EDGE('',*,*,#3317,.F.);
#3317 = EDGE_CURVE('',#3235,#3318,#3320,.T.);
#3318 = VERTEX_POINT('',#3319);
#3319 = CARTESIAN_POINT('',(-32.1,-19.,0.8));
#3320 = LINE('',#3321,#3322);
#3321 = CARTESIAN_POINT('',(-33.1,-19.,0.8));
#3322 = VECTOR('',#3323,1.);
#3323 = DIRECTION('',(1.,0.,0.));
#3324 = ORIENTED_EDGE('',*,*,#3302,.T.);
#3325 = ORIENTED_EDGE('',*,*,#1083,.T.);
#3326 = ORIENTED_EDGE('',*,*,#3327,.F.);
#3327 = EDGE_CURVE('',#3318,#1084,#3328,.T.);
#3328 = CIRCLE('',#3329,0.8);
#3329 = AXIS2_PLACEMENT_3D('',#3330,#3331,#3332);
#3330 = CARTESIAN_POINT('',(-32.1,-18.2,0.8));
#3331 = DIRECTION('',(1.,0.,-0.));
#3332 = DIRECTION('',(0.,0.,1.));
#3333 = CYLINDRICAL_SURFACE('',#3334,0.8);
#3334 = AXIS2_PLACEMENT_3D('',#3335,#3336,#3337);
#3335 = CARTESIAN_POINT('',(-34.1,-18.2,0.8));
#3336 = DIRECTION('',(1.,0.,0.));
#3337 = DIRECTION('',(0.,0.,1.));
#3338 = ADVANCED_FACE('',(#3339),#3366,.F.);
#3339 = FACE_BOUND('',#3340,.F.);
#3340 = EDGE_LOOP('',(#3341,#3350,#3358,#3365));
#3341 = ORIENTED_EDGE('',*,*,#3342,.T.);
#3342 = EDGE_CURVE('',#1116,#3343,#3345,.T.);
#3343 = VERTEX_POINT('',#3344);
#3344 = CARTESIAN_POINT('',(-29.9,-21.,0.8));
#3345 = CIRCLE('',#3346,0.8);
#3346 = AXIS2_PLACEMENT_3D('',#3347,#3348,#3349);
#3347 = CARTESIAN_POINT('',(-29.9,-21.8,0.8));
#3348 = DIRECTION('',(1.,0.,-0.));
#3349 = DIRECTION('',(0.,0.,1.));
#3350 = ORIENTED_EDGE('',*,*,#3351,.T.);
#3351 = EDGE_CURVE('',#3343,#3352,#3354,.T.);
#3352 = VERTEX_POINT('',#3353);
#3353 = CARTESIAN_POINT('',(-28.9,-21.,0.8));
#3354 = LINE('',#3355,#3356);
#3355 = CARTESIAN_POINT('',(-29.9,-21.,0.8));
#3356 = VECTOR('',#3357,1.);
#3357 = DIRECTION('',(1.,0.,0.));
#3358 = ORIENTED_EDGE('',*,*,#3359,.F.);
#3359 = EDGE_CURVE('',#1118,#3352,#3360,.T.);
#3360 = CIRCLE('',#3361,0.8);
#3361 = AXIS2_PLACEMENT_3D('',#3362,#3363,#3364);
#3362 = CARTESIAN_POINT('',(-28.9,-21.8,0.8));
#3363 = DIRECTION('',(1.,0.,-0.));
#3364 = DIRECTION('',(0.,0.,1.));
#3365 = ORIENTED_EDGE('',*,*,#1115,.F.);
#3366 = CYLINDRICAL_SURFACE('',#3367,0.8);
#3367 = AXIS2_PLACEMENT_3D('',#3368,#3369,#3370);
#3368 = CARTESIAN_POINT('',(-30.9,-21.8,0.8));
#3369 = DIRECTION('',(1.,0.,0.));
#3370 = DIRECTION('',(0.,0.,1.));
#3371 = ADVANCED_FACE('',(#3372),#3382,.T.);
#3372 = FACE_BOUND('',#3373,.T.);
#3373 = EDGE_LOOP('',(#3374,#3375,#3376));
#3374 = ORIENTED_EDGE('',*,*,#3359,.F.);
#3375 = ORIENTED_EDGE('',*,*,#1173,.T.);
#3376 = ORIENTED_EDGE('',*,*,#3377,.T.);
#3377 = EDGE_CURVE('',#1166,#3352,#3378,.T.);
#3378 = LINE('',#3379,#3380);
#3379 = CARTESIAN_POINT('',(-28.9,-21.,-1.E-02));
#3380 = VECTOR('',#3381,1.);
#3381 = DIRECTION('',(0.,0.,1.));
#3382 = PLANE('',#3383);
#3383 = AXIS2_PLACEMENT_3D('',#3384,#3385,#3386);
#3384 = CARTESIAN_POINT('',(-28.9,-21.8,-1.E-02));
#3385 = DIRECTION('',(1.,0.,0.));
#3386 = DIRECTION('',(0.,0.,1.));
#3387 = ADVANCED_FACE('',(#3388),#3399,.F.);
#3388 = FACE_BOUND('',#3389,.F.);
#3389 = EDGE_LOOP('',(#3390,#3397,#3398));
#3390 = ORIENTED_EDGE('',*,*,#3391,.F.);
#3391 = EDGE_CURVE('',#1158,#3352,#3392,.T.);
#3392 = CIRCLE('',#3393,0.8);
#3393 = AXIS2_PLACEMENT_3D('',#3394,#3395,#3396);
#3394 = CARTESIAN_POINT('',(-28.1,-21.,0.8));
#3395 = DIRECTION('',(0.,1.,0.));
#3396 = DIRECTION('',(0.,0.,1.));
#3397 = ORIENTED_EDGE('',*,*,#1165,.T.);
#3398 = ORIENTED_EDGE('',*,*,#3377,.T.);
#3399 = PLANE('',#3400);
#3400 = AXIS2_PLACEMENT_3D('',#3401,#3402,#3403);
#3401 = CARTESIAN_POINT('',(-28.9,-21.,-1.E-02));
#3402 = DIRECTION('',(0.,1.,0.));
#3403 = DIRECTION('',(0.,0.,1.));
#3404 = ADVANCED_FACE('',(#3405),#3424,.F.);
#3405 = FACE_BOUND('',#3406,.F.);
#3406 = EDGE_LOOP('',(#3407,#3408,#3416,#3423));
#3407 = ORIENTED_EDGE('',*,*,#3391,.T.);
#3408 = ORIENTED_EDGE('',*,*,#3409,.T.);
#3409 = EDGE_CURVE('',#3352,#3410,#3412,.T.);
#3410 = VERTEX_POINT('',#3411);
#3411 = CARTESIAN_POINT('',(-28.9,-19.,0.8));
#3412 = LINE('',#3413,#3414);
#3413 = CARTESIAN_POINT('',(-28.9,-21.,0.8));
#3414 = VECTOR('',#3415,1.);
#3415 = DIRECTION('',(0.,1.,0.));
#3416 = ORIENTED_EDGE('',*,*,#3417,.F.);
#3417 = EDGE_CURVE('',#1150,#3410,#3418,.T.);
#3418 = CIRCLE('',#3419,0.8);
#3419 = AXIS2_PLACEMENT_3D('',#3420,#3421,#3422);
#3420 = CARTESIAN_POINT('',(-28.1,-19.,0.8));
#3421 = DIRECTION('',(0.,1.,0.));
#3422 = DIRECTION('',(0.,0.,1.));
#3423 = ORIENTED_EDGE('',*,*,#1157,.F.);
#3424 = CYLINDRICAL_SURFACE('',#3425,0.8);
#3425 = AXIS2_PLACEMENT_3D('',#3426,#3427,#3428);
#3426 = CARTESIAN_POINT('',(-28.1,-22.,0.8));
#3427 = DIRECTION('',(0.,1.,0.));
#3428 = DIRECTION('',(0.,0.,1.));
#3429 = ADVANCED_FACE('',(#3430),#3455,.F.);
#3430 = FACE_BOUND('',#3431,.F.);
#3431 = EDGE_LOOP('',(#3432,#3440,#3447,#3448));
#3432 = ORIENTED_EDGE('',*,*,#3433,.F.);
#3433 = EDGE_CURVE('',#3434,#3410,#3436,.T.);
#3434 = VERTEX_POINT('',#3435);
#3435 = CARTESIAN_POINT('',(-29.9,-19.,0.8));
#3436 = LINE('',#3437,#3438);
#3437 = CARTESIAN_POINT('',(-29.9,-19.,0.8));
#3438 = VECTOR('',#3439,1.);
#3439 = DIRECTION('',(1.,0.,0.));
#3440 = ORIENTED_EDGE('',*,*,#3441,.T.);
#3441 = EDGE_CURVE('',#3434,#1126,#3442,.T.);
#3442 = CIRCLE('',#3443,0.8);
#3443 = AXIS2_PLACEMENT_3D('',#3444,#3445,#3446);
#3444 = CARTESIAN_POINT('',(-29.9,-18.2,0.8));
#3445 = DIRECTION('',(1.,0.,-0.));
#3446 = DIRECTION('',(0.,0.,1.));
#3447 = ORIENTED_EDGE('',*,*,#1133,.T.);
#3448 = ORIENTED_EDGE('',*,*,#3449,.F.);
#3449 = EDGE_CURVE('',#3410,#1134,#3450,.T.);
#3450 = CIRCLE('',#3451,0.8);
#3451 = AXIS2_PLACEMENT_3D('',#3452,#3453,#3454);
#3452 = CARTESIAN_POINT('',(-28.9,-18.2,0.8));
#3453 = DIRECTION('',(1.,0.,-0.));
#3454 = DIRECTION('',(0.,0.,1.));
#3455 = CYLINDRICAL_SURFACE('',#3456,0.8);
#3456 = AXIS2_PLACEMENT_3D('',#3457,#3458,#3459);
#3457 = CARTESIAN_POINT('',(-30.9,-18.2,0.8));
#3458 = DIRECTION('',(1.,0.,0.));
#3459 = DIRECTION('',(0.,0.,1.));
#3460 = ADVANCED_FACE('',(#3461),#3471,.T.);
#3461 = FACE_BOUND('',#3462,.T.);
#3462 = EDGE_LOOP('',(#3463,#3464,#3465));
#3463 = ORIENTED_EDGE('',*,*,#3417,.F.);
#3464 = ORIENTED_EDGE('',*,*,#1149,.T.);
#3465 = ORIENTED_EDGE('',*,*,#3466,.T.);
#3466 = EDGE_CURVE('',#1142,#3410,#3467,.T.);
#3467 = LINE('',#3468,#3469);
#3468 = CARTESIAN_POINT('',(-28.9,-19.,-1.E-02));
#3469 = VECTOR('',#3470,1.);
#3470 = DIRECTION('',(0.,0.,1.));
#3471 = PLANE('',#3472);
#3472 = AXIS2_PLACEMENT_3D('',#3473,#3474,#3475);
#3473 = CARTESIAN_POINT('',(-28.9,-19.,-1.E-02));
#3474 = DIRECTION('',(0.,1.,0.));
#3475 = DIRECTION('',(0.,0.,1.));
#3476 = ADVANCED_FACE('',(#3477),#3482,.T.);
#3477 = FACE_BOUND('',#3478,.T.);
#3478 = EDGE_LOOP('',(#3479,#3480,#3481));
#3479 = ORIENTED_EDGE('',*,*,#3466,.F.);
#3480 = ORIENTED_EDGE('',*,*,#1141,.T.);
#3481 = ORIENTED_EDGE('',*,*,#3449,.F.);
#3482 = PLANE('',#3483);
#3483 = AXIS2_PLACEMENT_3D('',#3484,#3485,#3486);
#3484 = CARTESIAN_POINT('',(-28.9,-19.,-1.E-02));
#3485 = DIRECTION('',(1.,0.,0.));
#3486 = DIRECTION('',(0.,0.,1.));
#3487 = ADVANCED_FACE('',(#3488),#3506,.F.);
#3488 = FACE_BOUND('',#3489,.F.);
#3489 = EDGE_LOOP('',(#3490,#3498,#3499));
#3490 = ORIENTED_EDGE('',*,*,#3491,.F.);
#3491 = EDGE_CURVE('',#1182,#3492,#3494,.T.);
#3492 = VERTEX_POINT('',#3493);
#3493 = CARTESIAN_POINT('',(-11.,-35.1,0.8));
#3494 = LINE('',#3495,#3496);
#3495 = CARTESIAN_POINT('',(-11.,-35.1,-1.E-02));
#3496 = VECTOR('',#3497,1.);
#3497 = DIRECTION('',(0.,0.,1.));
#3498 = ORIENTED_EDGE('',*,*,#1181,.T.);
#3499 = ORIENTED_EDGE('',*,*,#3500,.F.);
#3500 = EDGE_CURVE('',#3492,#1184,#3501,.T.);
#3501 = CIRCLE('',#3502,0.8);
#3502 = AXIS2_PLACEMENT_3D('',#3503,#3504,#3505);
#3503 = CARTESIAN_POINT('',(-11.,-35.9,0.8));
#3504 = DIRECTION('',(-1.,1.110223024625E-16,0.));
#3505 = DIRECTION('',(0.,0.,1.));
#3506 = PLANE('',#3507);
#3507 = AXIS2_PLACEMENT_3D('',#3508,#3509,#3510);
#3508 = CARTESIAN_POINT('',(-11.,-35.9,-1.E-02));
#3509 = DIRECTION('',(-1.,1.110223024625E-16,0.));
#3510 = DIRECTION('',(0.,0.,1.));
#3511 = ADVANCED_FACE('',(#3512),#3523,.F.);
#3512 = FACE_BOUND('',#3513,.F.);
#3513 = EDGE_LOOP('',(#3514,#3521,#3522));
#3514 = ORIENTED_EDGE('',*,*,#3515,.F.);
#3515 = EDGE_CURVE('',#1232,#3492,#3516,.T.);
#3516 = CIRCLE('',#3517,0.8);
#3517 = AXIS2_PLACEMENT_3D('',#3518,#3519,#3520);
#3518 = CARTESIAN_POINT('',(-10.2,-35.1,0.8));
#3519 = DIRECTION('',(1.110223024625E-16,1.,-0.));
#3520 = DIRECTION('',(0.,0.,1.));
#3521 = ORIENTED_EDGE('',*,*,#1239,.T.);
#3522 = ORIENTED_EDGE('',*,*,#3491,.T.);
#3523 = PLANE('',#3524);
#3524 = AXIS2_PLACEMENT_3D('',#3525,#3526,#3527);
#3525 = CARTESIAN_POINT('',(-10.2,-35.1,-1.E-02));
#3526 = DIRECTION('',(1.110223024625E-16,1.,0.));
#3527 = DIRECTION('',(0.,0.,1.));
#3528 = ADVANCED_FACE('',(#3529),#3548,.F.);
#3529 = FACE_BOUND('',#3530,.F.);
#3530 = EDGE_LOOP('',(#3531,#3539,#3540,#3541));
#3531 = ORIENTED_EDGE('',*,*,#3532,.F.);
#3532 = EDGE_CURVE('',#3492,#3533,#3535,.T.);
#3533 = VERTEX_POINT('',#3534);
#3534 = CARTESIAN_POINT('',(-13.,-35.1,0.8));
#3535 = LINE('',#3536,#3537);
#3536 = CARTESIAN_POINT('',(-11.,-35.1,0.8));
#3537 = VECTOR('',#3538,1.);
#3538 = DIRECTION('',(-1.,1.110223024625E-16,0.));
#3539 = ORIENTED_EDGE('',*,*,#3500,.T.);
#3540 = ORIENTED_EDGE('',*,*,#1191,.T.);
#3541 = ORIENTED_EDGE('',*,*,#3542,.F.);
#3542 = EDGE_CURVE('',#3533,#1192,#3543,.T.);
#3543 = CIRCLE('',#3544,0.8);
#3544 = AXIS2_PLACEMENT_3D('',#3545,#3546,#3547);
#3545 = CARTESIAN_POINT('',(-13.,-35.9,0.8));
#3546 = DIRECTION('',(-1.,1.110223024625E-16,0.));
#3547 = DIRECTION('',(0.,0.,1.));
#3548 = CYLINDRICAL_SURFACE('',#3549,0.8);
#3549 = AXIS2_PLACEMENT_3D('',#3550,#3551,#3552);
#3550 = CARTESIAN_POINT('',(-10.,-35.9,0.8));
#3551 = DIRECTION('',(-1.,1.110223024625E-16,0.));
#3552 = DIRECTION('',(0.,0.,1.));
#3553 = ADVANCED_FACE('',(#3554),#3573,.F.);
#3554 = FACE_BOUND('',#3555,.F.);
#3555 = EDGE_LOOP('',(#3556,#3557,#3565,#3572));
#3556 = ORIENTED_EDGE('',*,*,#3515,.T.);
#3557 = ORIENTED_EDGE('',*,*,#3558,.T.);
#3558 = EDGE_CURVE('',#3492,#3559,#3561,.T.);
#3559 = VERTEX_POINT('',#3560);
#3560 = CARTESIAN_POINT('',(-11.,-34.1,0.8));
#3561 = LINE('',#3562,#3563);
#3562 = CARTESIAN_POINT('',(-11.,-35.1,0.8));
#3563 = VECTOR('',#3564,1.);
#3564 = DIRECTION('',(1.110223024625E-16,1.,0.));
#3565 = ORIENTED_EDGE('',*,*,#3566,.F.);
#3566 = EDGE_CURVE('',#1224,#3559,#3567,.T.);
#3567 = CIRCLE('',#3568,0.8);
#3568 = AXIS2_PLACEMENT_3D('',#3569,#3570,#3571);
#3569 = CARTESIAN_POINT('',(-10.2,-34.1,0.8));
#3570 = DIRECTION('',(1.110223024625E-16,1.,-0.));
#3571 = DIRECTION('',(0.,0.,1.));
#3572 = ORIENTED_EDGE('',*,*,#1231,.F.);
#3573 = CYLINDRICAL_SURFACE('',#3574,0.8);
#3574 = AXIS2_PLACEMENT_3D('',#3575,#3576,#3577);
#3575 = CARTESIAN_POINT('',(-10.2,-36.1,0.8));
#3576 = DIRECTION('',(1.110223024625E-16,1.,0.));
#3577 = DIRECTION('',(0.,0.,1.));
#3578 = ADVANCED_FACE('',(#3579),#3589,.T.);
#3579 = FACE_BOUND('',#3580,.T.);
#3580 = EDGE_LOOP('',(#3581,#3587,#3588));
#3581 = ORIENTED_EDGE('',*,*,#3582,.F.);
#3582 = EDGE_CURVE('',#1200,#3533,#3583,.T.);
#3583 = LINE('',#3584,#3585);
#3584 = CARTESIAN_POINT('',(-13.,-35.1,-1.E-02));
#3585 = VECTOR('',#3586,1.);
#3586 = DIRECTION('',(0.,0.,1.));
#3587 = ORIENTED_EDGE('',*,*,#1199,.T.);
#3588 = ORIENTED_EDGE('',*,*,#3542,.F.);
#3589 = PLANE('',#3590);
#3590 = AXIS2_PLACEMENT_3D('',#3591,#3592,#3593);
#3591 = CARTESIAN_POINT('',(-13.,-35.9,-1.E-02));
#3592 = DIRECTION('',(-1.,1.110223024625E-16,0.));
#3593 = DIRECTION('',(0.,0.,1.));
#3594 = ADVANCED_FACE('',(#3595),#3606,.F.);
#3595 = FACE_BOUND('',#3596,.F.);
#3596 = EDGE_LOOP('',(#3597,#3598,#3599));
#3597 = ORIENTED_EDGE('',*,*,#3582,.F.);
#3598 = ORIENTED_EDGE('',*,*,#1207,.T.);
#3599 = ORIENTED_EDGE('',*,*,#3600,.F.);
#3600 = EDGE_CURVE('',#3533,#1208,#3601,.T.);
#3601 = CIRCLE('',#3602,0.8);
#3602 = AXIS2_PLACEMENT_3D('',#3603,#3604,#3605);
#3603 = CARTESIAN_POINT('',(-13.8,-35.1,0.8));
#3604 = DIRECTION('',(1.110223024625E-16,1.,-0.));
#3605 = DIRECTION('',(0.,0.,1.));
#3606 = PLANE('',#3607);
#3607 = AXIS2_PLACEMENT_3D('',#3608,#3609,#3610);
#3608 = CARTESIAN_POINT('',(-13.,-35.1,-1.E-02));
#3609 = DIRECTION('',(1.110223024625E-16,1.,0.));
#3610 = DIRECTION('',(0.,0.,1.));
#3611 = ADVANCED_FACE('',(#3612),#3631,.F.);
#3612 = FACE_BOUND('',#3613,.F.);
#3613 = EDGE_LOOP('',(#3614,#3622,#3623,#3624));
#3614 = ORIENTED_EDGE('',*,*,#3615,.F.);
#3615 = EDGE_CURVE('',#3533,#3616,#3618,.T.);
#3616 = VERTEX_POINT('',#3617);
#3617 = CARTESIAN_POINT('',(-13.,-34.1,0.8));
#3618 = LINE('',#3619,#3620);
#3619 = CARTESIAN_POINT('',(-13.,-35.1,0.8));
#3620 = VECTOR('',#3621,1.);
#3621 = DIRECTION('',(1.110223024625E-16,1.,0.));
#3622 = ORIENTED_EDGE('',*,*,#3600,.T.);
#3623 = ORIENTED_EDGE('',*,*,#1215,.T.);
#3624 = ORIENTED_EDGE('',*,*,#3625,.F.);
#3625 = EDGE_CURVE('',#3616,#1216,#3626,.T.);
#3626 = CIRCLE('',#3627,0.8);
#3627 = AXIS2_PLACEMENT_3D('',#3628,#3629,#3630);
#3628 = CARTESIAN_POINT('',(-13.8,-34.1,0.8));
#3629 = DIRECTION('',(1.110223024625E-16,1.,-0.));
#3630 = DIRECTION('',(0.,0.,1.));
#3631 = CYLINDRICAL_SURFACE('',#3632,0.8);
#3632 = AXIS2_PLACEMENT_3D('',#3633,#3634,#3635);
#3633 = CARTESIAN_POINT('',(-13.8,-36.1,0.8));
#3634 = DIRECTION('',(1.110223024625E-16,1.,0.));
#3635 = DIRECTION('',(0.,0.,1.));
#3636 = ADVANCED_FACE('',(#3637),#3664,.F.);
#3637 = FACE_BOUND('',#3638,.F.);
#3638 = EDGE_LOOP('',(#3639,#3648,#3656,#3663));
#3639 = ORIENTED_EDGE('',*,*,#3640,.T.);
#3640 = EDGE_CURVE('',#1248,#3641,#3643,.T.);
#3641 = VERTEX_POINT('',#3642);
#3642 = CARTESIAN_POINT('',(-11.,-31.9,0.8));
#3643 = CIRCLE('',#3644,0.8);
#3644 = AXIS2_PLACEMENT_3D('',#3645,#3646,#3647);
#3645 = CARTESIAN_POINT('',(-10.2,-31.9,0.8));
#3646 = DIRECTION('',(1.110223024625E-16,1.,-0.));
#3647 = DIRECTION('',(0.,0.,1.));
#3648 = ORIENTED_EDGE('',*,*,#3649,.T.);
#3649 = EDGE_CURVE('',#3641,#3650,#3652,.T.);
#3650 = VERTEX_POINT('',#3651);
#3651 = CARTESIAN_POINT('',(-11.,-30.9,0.8));
#3652 = LINE('',#3653,#3654);
#3653 = CARTESIAN_POINT('',(-11.,-31.9,0.8));
#3654 = VECTOR('',#3655,1.);
#3655 = DIRECTION('',(1.110223024625E-16,1.,0.));
#3656 = ORIENTED_EDGE('',*,*,#3657,.F.);
#3657 = EDGE_CURVE('',#1250,#3650,#3658,.T.);
#3658 = CIRCLE('',#3659,0.8);
#3659 = AXIS2_PLACEMENT_3D('',#3660,#3661,#3662);
#3660 = CARTESIAN_POINT('',(-10.2,-30.9,0.8));
#3661 = DIRECTION('',(1.110223024625E-16,1.,-0.));
#3662 = DIRECTION('',(0.,0.,1.));
#3663 = ORIENTED_EDGE('',*,*,#1247,.F.);
#3664 = CYLINDRICAL_SURFACE('',#3665,0.8);
#3665 = AXIS2_PLACEMENT_3D('',#3666,#3667,#3668);
#3666 = CARTESIAN_POINT('',(-10.2,-32.9,0.8));
#3667 = DIRECTION('',(1.110223024625E-16,1.,0.));
#3668 = DIRECTION('',(0.,0.,1.));
#3669 = ADVANCED_FACE('',(#3670),#3680,.T.);
#3670 = FACE_BOUND('',#3671,.T.);
#3671 = EDGE_LOOP('',(#3672,#3673,#3674));
#3672 = ORIENTED_EDGE('',*,*,#3657,.F.);
#3673 = ORIENTED_EDGE('',*,*,#1305,.T.);
#3674 = ORIENTED_EDGE('',*,*,#3675,.T.);
#3675 = EDGE_CURVE('',#1298,#3650,#3676,.T.);
#3676 = LINE('',#3677,#3678);
#3677 = CARTESIAN_POINT('',(-11.,-30.9,-1.E-02));
#3678 = VECTOR('',#3679,1.);
#3679 = DIRECTION('',(0.,0.,1.));
#3680 = PLANE('',#3681);
#3681 = AXIS2_PLACEMENT_3D('',#3682,#3683,#3684);
#3682 = CARTESIAN_POINT('',(-10.2,-30.9,-1.E-02));
#3683 = DIRECTION('',(1.110223024625E-16,1.,0.));
#3684 = DIRECTION('',(0.,0.,1.));
#3685 = ADVANCED_FACE('',(#3686),#3697,.F.);
#3686 = FACE_BOUND('',#3687,.F.);
#3687 = EDGE_LOOP('',(#3688,#3695,#3696));
#3688 = ORIENTED_EDGE('',*,*,#3689,.F.);
#3689 = EDGE_CURVE('',#1290,#3650,#3690,.T.);
#3690 = CIRCLE('',#3691,0.8);
#3691 = AXIS2_PLACEMENT_3D('',#3692,#3693,#3694);
#3692 = CARTESIAN_POINT('',(-11.,-30.1,0.8));
#3693 = DIRECTION('',(-1.,1.110223024625E-16,0.));
#3694 = DIRECTION('',(0.,0.,1.));
#3695 = ORIENTED_EDGE('',*,*,#1297,.T.);
#3696 = ORIENTED_EDGE('',*,*,#3675,.T.);
#3697 = PLANE('',#3698);
#3698 = AXIS2_PLACEMENT_3D('',#3699,#3700,#3701);
#3699 = CARTESIAN_POINT('',(-11.,-30.9,-1.E-02));
#3700 = DIRECTION('',(-1.,1.110223024625E-16,0.));
#3701 = DIRECTION('',(0.,0.,1.));
#3702 = ADVANCED_FACE('',(#3703),#3722,.F.);
#3703 = FACE_BOUND('',#3704,.F.);
#3704 = EDGE_LOOP('',(#3705,#3706,#3714,#3721));
#3705 = ORIENTED_EDGE('',*,*,#3689,.T.);
#3706 = ORIENTED_EDGE('',*,*,#3707,.T.);
#3707 = EDGE_CURVE('',#3650,#3708,#3710,.T.);
#3708 = VERTEX_POINT('',#3709);
#3709 = CARTESIAN_POINT('',(-13.,-30.9,0.8));
#3710 = LINE('',#3711,#3712);
#3711 = CARTESIAN_POINT('',(-11.,-30.9,0.8));
#3712 = VECTOR('',#3713,1.);
#3713 = DIRECTION('',(-1.,1.110223024625E-16,0.));
#3714 = ORIENTED_EDGE('',*,*,#3715,.F.);
#3715 = EDGE_CURVE('',#1282,#3708,#3716,.T.);
#3716 = CIRCLE('',#3717,0.8);
#3717 = AXIS2_PLACEMENT_3D('',#3718,#3719,#3720);
#3718 = CARTESIAN_POINT('',(-13.,-30.1,0.8));
#3719 = DIRECTION('',(-1.,1.110223024625E-16,0.));
#3720 = DIRECTION('',(0.,0.,1.));
#3721 = ORIENTED_EDGE('',*,*,#1289,.F.);
#3722 = CYLINDRICAL_SURFACE('',#3723,0.8);
#3723 = AXIS2_PLACEMENT_3D('',#3724,#3725,#3726);
#3724 = CARTESIAN_POINT('',(-10.,-30.1,0.8));
#3725 = DIRECTION('',(-1.,1.110223024625E-16,0.));
#3726 = DIRECTION('',(0.,0.,1.));
#3727 = ADVANCED_FACE('',(#3728),#3753,.F.);
#3728 = FACE_BOUND('',#3729,.F.);
#3729 = EDGE_LOOP('',(#3730,#3738,#3745,#3746));
#3730 = ORIENTED_EDGE('',*,*,#3731,.F.);
#3731 = EDGE_CURVE('',#3732,#3708,#3734,.T.);
#3732 = VERTEX_POINT('',#3733);
#3733 = CARTESIAN_POINT('',(-13.,-31.9,0.8));
#3734 = LINE('',#3735,#3736);
#3735 = CARTESIAN_POINT('',(-13.,-31.9,0.8));
#3736 = VECTOR('',#3737,1.);
#3737 = DIRECTION('',(1.110223024625E-16,1.,0.));
#3738 = ORIENTED_EDGE('',*,*,#3739,.T.);
#3739 = EDGE_CURVE('',#3732,#1258,#3740,.T.);
#3740 = CIRCLE('',#3741,0.8);
#3741 = AXIS2_PLACEMENT_3D('',#3742,#3743,#3744);
#3742 = CARTESIAN_POINT('',(-13.8,-31.9,0.8));
#3743 = DIRECTION('',(1.110223024625E-16,1.,-0.));
#3744 = DIRECTION('',(0.,0.,1.));
#3745 = ORIENTED_EDGE('',*,*,#1265,.T.);
#3746 = ORIENTED_EDGE('',*,*,#3747,.F.);
#3747 = EDGE_CURVE('',#3708,#1266,#3748,.T.);
#3748 = CIRCLE('',#3749,0.8);
#3749 = AXIS2_PLACEMENT_3D('',#3750,#3751,#3752);
#3750 = CARTESIAN_POINT('',(-13.8,-30.9,0.8));
#3751 = DIRECTION('',(1.110223024625E-16,1.,-0.));
#3752 = DIRECTION('',(0.,0.,1.));
#3753 = CYLINDRICAL_SURFACE('',#3754,0.8);
#3754 = AXIS2_PLACEMENT_3D('',#3755,#3756,#3757);
#3755 = CARTESIAN_POINT('',(-13.8,-32.9,0.8));
#3756 = DIRECTION('',(1.110223024625E-16,1.,0.));
#3757 = DIRECTION('',(0.,0.,1.));
#3758 = ADVANCED_FACE('',(#3759),#3769,.T.);
#3759 = FACE_BOUND('',#3760,.T.);
#3760 = EDGE_LOOP('',(#3761,#3762,#3763));
#3761 = ORIENTED_EDGE('',*,*,#3715,.F.);
#3762 = ORIENTED_EDGE('',*,*,#1281,.T.);
#3763 = ORIENTED_EDGE('',*,*,#3764,.T.);
#3764 = EDGE_CURVE('',#1274,#3708,#3765,.T.);
#3765 = LINE('',#3766,#3767);
#3766 = CARTESIAN_POINT('',(-13.,-30.9,-1.E-02));
#3767 = VECTOR('',#3768,1.);
#3768 = DIRECTION('',(0.,0.,1.));
#3769 = PLANE('',#3770);
#3770 = AXIS2_PLACEMENT_3D('',#3771,#3772,#3773);
#3771 = CARTESIAN_POINT('',(-13.,-30.9,-1.E-02));
#3772 = DIRECTION('',(-1.,1.110223024625E-16,0.));
#3773 = DIRECTION('',(0.,0.,1.));
#3774 = ADVANCED_FACE('',(#3775),#3780,.T.);
#3775 = FACE_BOUND('',#3776,.T.);
#3776 = EDGE_LOOP('',(#3777,#3778,#3779));
#3777 = ORIENTED_EDGE('',*,*,#3764,.F.);
#3778 = ORIENTED_EDGE('',*,*,#1273,.T.);
#3779 = ORIENTED_EDGE('',*,*,#3747,.F.);
#3780 = PLANE('',#3781);
#3781 = AXIS2_PLACEMENT_3D('',#3782,#3783,#3784);
#3782 = CARTESIAN_POINT('',(-13.,-30.9,-1.E-02));
#3783 = DIRECTION('',(1.110223024625E-16,1.,0.));
#3784 = DIRECTION('',(0.,0.,1.));
#3785 = ADVANCED_FACE('',(#3786),#3804,.F.);
#3786 = FACE_BOUND('',#3787,.F.);
#3787 = EDGE_LOOP('',(#3788,#3796,#3797));
#3788 = ORIENTED_EDGE('',*,*,#3789,.F.);
#3789 = EDGE_CURVE('',#1314,#3790,#3792,.T.);
#3790 = VERTEX_POINT('',#3791);
#3791 = CARTESIAN_POINT('',(-33.1,-1.,0.8));
#3792 = LINE('',#3793,#3794);
#3793 = CARTESIAN_POINT('',(-33.1,-1.,-1.E-02));
#3794 = VECTOR('',#3795,1.);
#3795 = DIRECTION('',(0.,0.,1.));
#3796 = ORIENTED_EDGE('',*,*,#1313,.T.);
#3797 = ORIENTED_EDGE('',*,*,#3798,.F.);
#3798 = EDGE_CURVE('',#3790,#1316,#3799,.T.);
#3799 = CIRCLE('',#3800,0.8);
#3800 = AXIS2_PLACEMENT_3D('',#3801,#3802,#3803);
#3801 = CARTESIAN_POINT('',(-33.9,-1.,0.8));
#3802 = DIRECTION('',(0.,1.,0.));
#3803 = DIRECTION('',(0.,0.,1.));
#3804 = PLANE('',#3805);
#3805 = AXIS2_PLACEMENT_3D('',#3806,#3807,#3808);
#3806 = CARTESIAN_POINT('',(-33.9,-1.,-1.E-02));
#3807 = DIRECTION('',(0.,1.,0.));
#3808 = DIRECTION('',(0.,0.,1.));
#3809 = ADVANCED_FACE('',(#3810),#3821,.F.);
#3810 = FACE_BOUND('',#3811,.F.);
#3811 = EDGE_LOOP('',(#3812,#3819,#3820));
#3812 = ORIENTED_EDGE('',*,*,#3813,.F.);
#3813 = EDGE_CURVE('',#1364,#3790,#3814,.T.);
#3814 = CIRCLE('',#3815,0.8);
#3815 = AXIS2_PLACEMENT_3D('',#3816,#3817,#3818);
#3816 = CARTESIAN_POINT('',(-33.1,-1.8,0.8));
#3817 = DIRECTION('',(1.,0.,-0.));
#3818 = DIRECTION('',(0.,0.,1.));
#3819 = ORIENTED_EDGE('',*,*,#1371,.T.);
#3820 = ORIENTED_EDGE('',*,*,#3789,.T.);
#3821 = PLANE('',#3822);
#3822 = AXIS2_PLACEMENT_3D('',#3823,#3824,#3825);
#3823 = CARTESIAN_POINT('',(-33.1,-1.8,-1.E-02));
#3824 = DIRECTION('',(1.,0.,0.));
#3825 = DIRECTION('',(0.,0.,1.));
#3826 = ADVANCED_FACE('',(#3827),#3846,.F.);
#3827 = FACE_BOUND('',#3828,.F.);
#3828 = EDGE_LOOP('',(#3829,#3837,#3838,#3839));
#3829 = ORIENTED_EDGE('',*,*,#3830,.F.);
#3830 = EDGE_CURVE('',#3790,#3831,#3833,.T.);
#3831 = VERTEX_POINT('',#3832);
#3832 = CARTESIAN_POINT('',(-33.1,1.,0.8));
#3833 = LINE('',#3834,#3835);
#3834 = CARTESIAN_POINT('',(-33.1,-1.,0.8));
#3835 = VECTOR('',#3836,1.);
#3836 = DIRECTION('',(0.,1.,0.));
#3837 = ORIENTED_EDGE('',*,*,#3798,.T.);
#3838 = ORIENTED_EDGE('',*,*,#1323,.T.);
#3839 = ORIENTED_EDGE('',*,*,#3840,.F.);
#3840 = EDGE_CURVE('',#3831,#1324,#3841,.T.);
#3841 = CIRCLE('',#3842,0.8);
#3842 = AXIS2_PLACEMENT_3D('',#3843,#3844,#3845);
#3843 = CARTESIAN_POINT('',(-33.9,1.,0.8));
#3844 = DIRECTION('',(0.,1.,0.));
#3845 = DIRECTION('',(0.,0.,1.));
#3846 = CYLINDRICAL_SURFACE('',#3847,0.8);
#3847 = AXIS2_PLACEMENT_3D('',#3848,#3849,#3850);
#3848 = CARTESIAN_POINT('',(-33.9,-2.,0.8));
#3849 = DIRECTION('',(0.,1.,0.));
#3850 = DIRECTION('',(0.,0.,1.));
#3851 = ADVANCED_FACE('',(#3852),#3871,.F.);
#3852 = FACE_BOUND('',#3853,.F.);
#3853 = EDGE_LOOP('',(#3854,#3855,#3863,#3870));
#3854 = ORIENTED_EDGE('',*,*,#3813,.T.);
#3855 = ORIENTED_EDGE('',*,*,#3856,.T.);
#3856 = EDGE_CURVE('',#3790,#3857,#3859,.T.);
#3857 = VERTEX_POINT('',#3858);
#3858 = CARTESIAN_POINT('',(-32.1,-1.,0.8));
#3859 = LINE('',#3860,#3861);
#3860 = CARTESIAN_POINT('',(-33.1,-1.,0.8));
#3861 = VECTOR('',#3862,1.);
#3862 = DIRECTION('',(1.,0.,0.));
#3863 = ORIENTED_EDGE('',*,*,#3864,.F.);
#3864 = EDGE_CURVE('',#1356,#3857,#3865,.T.);
#3865 = CIRCLE('',#3866,0.8);
#3866 = AXIS2_PLACEMENT_3D('',#3867,#3868,#3869);
#3867 = CARTESIAN_POINT('',(-32.1,-1.8,0.8));
#3868 = DIRECTION('',(1.,0.,-0.));
#3869 = DIRECTION('',(0.,0.,1.));
#3870 = ORIENTED_EDGE('',*,*,#1363,.F.);
#3871 = CYLINDRICAL_SURFACE('',#3872,0.8);
#3872 = AXIS2_PLACEMENT_3D('',#3873,#3874,#3875);
#3873 = CARTESIAN_POINT('',(-34.1,-1.8,0.8));
#3874 = DIRECTION('',(1.,0.,0.));
#3875 = DIRECTION('',(0.,0.,1.));
#3876 = ADVANCED_FACE('',(#3877),#3887,.T.);
#3877 = FACE_BOUND('',#3878,.T.);
#3878 = EDGE_LOOP('',(#3879,#3885,#3886));
#3879 = ORIENTED_EDGE('',*,*,#3880,.F.);
#3880 = EDGE_CURVE('',#1332,#3831,#3881,.T.);
#3881 = LINE('',#3882,#3883);
#3882 = CARTESIAN_POINT('',(-33.1,1.,-1.E-02));
#3883 = VECTOR('',#3884,1.);
#3884 = DIRECTION('',(0.,0.,1.));
#3885 = ORIENTED_EDGE('',*,*,#1331,.T.);
#3886 = ORIENTED_EDGE('',*,*,#3840,.F.);
#3887 = PLANE('',#3888);
#3888 = AXIS2_PLACEMENT_3D('',#3889,#3890,#3891);
#3889 = CARTESIAN_POINT('',(-33.9,1.,-1.E-02));
#3890 = DIRECTION('',(0.,1.,0.));
#3891 = DIRECTION('',(0.,0.,1.));
#3892 = ADVANCED_FACE('',(#3893),#3904,.F.);
#3893 = FACE_BOUND('',#3894,.F.);
#3894 = EDGE_LOOP('',(#3895,#3896,#3897));
#3895 = ORIENTED_EDGE('',*,*,#3880,.F.);
#3896 = ORIENTED_EDGE('',*,*,#1339,.T.);
#3897 = ORIENTED_EDGE('',*,*,#3898,.F.);
#3898 = EDGE_CURVE('',#3831,#1340,#3899,.T.);
#3899 = CIRCLE('',#3900,0.8);
#3900 = AXIS2_PLACEMENT_3D('',#3901,#3902,#3903);
#3901 = CARTESIAN_POINT('',(-33.1,1.8,0.8));
#3902 = DIRECTION('',(1.,0.,-0.));
#3903 = DIRECTION('',(0.,0.,1.));
#3904 = PLANE('',#3905);
#3905 = AXIS2_PLACEMENT_3D('',#3906,#3907,#3908);
#3906 = CARTESIAN_POINT('',(-33.1,1.,-1.E-02));
#3907 = DIRECTION('',(1.,0.,0.));
#3908 = DIRECTION('',(0.,0.,1.));
#3909 = ADVANCED_FACE('',(#3910),#3929,.F.);
#3910 = FACE_BOUND('',#3911,.F.);
#3911 = EDGE_LOOP('',(#3912,#3920,#3921,#3922));
#3912 = ORIENTED_EDGE('',*,*,#3913,.F.);
#3913 = EDGE_CURVE('',#3831,#3914,#3916,.T.);
#3914 = VERTEX_POINT('',#3915);
#3915 = CARTESIAN_POINT('',(-32.1,1.,0.8));
#3916 = LINE('',#3917,#3918);
#3917 = CARTESIAN_POINT('',(-33.1,1.,0.8));
#3918 = VECTOR('',#3919,1.);
#3919 = DIRECTION('',(1.,0.,0.));
#3920 = ORIENTED_EDGE('',*,*,#3898,.T.);
#3921 = ORIENTED_EDGE('',*,*,#1347,.T.);
#3922 = ORIENTED_EDGE('',*,*,#3923,.F.);
#3923 = EDGE_CURVE('',#3914,#1348,#3924,.T.);
#3924 = CIRCLE('',#3925,0.8);
#3925 = AXIS2_PLACEMENT_3D('',#3926,#3927,#3928);
#3926 = CARTESIAN_POINT('',(-32.1,1.8,0.8));
#3927 = DIRECTION('',(1.,0.,-0.));
#3928 = DIRECTION('',(0.,0.,1.));
#3929 = CYLINDRICAL_SURFACE('',#3930,0.8);
#3930 = AXIS2_PLACEMENT_3D('',#3931,#3932,#3933);
#3931 = CARTESIAN_POINT('',(-34.1,1.8,0.8));
#3932 = DIRECTION('',(1.,0.,0.));
#3933 = DIRECTION('',(0.,0.,1.));
#3934 = ADVANCED_FACE('',(#3935),#3962,.F.);
#3935 = FACE_BOUND('',#3936,.F.);
#3936 = EDGE_LOOP('',(#3937,#3946,#3954,#3961));
#3937 = ORIENTED_EDGE('',*,*,#3938,.T.);
#3938 = EDGE_CURVE('',#1380,#3939,#3941,.T.);
#3939 = VERTEX_POINT('',#3940);
#3940 = CARTESIAN_POINT('',(-29.9,-1.,0.8));
#3941 = CIRCLE('',#3942,0.8);
#3942 = AXIS2_PLACEMENT_3D('',#3943,#3944,#3945);
#3943 = CARTESIAN_POINT('',(-29.9,-1.8,0.8));
#3944 = DIRECTION('',(1.,0.,-0.));
#3945 = DIRECTION('',(0.,0.,1.));
#3946 = ORIENTED_EDGE('',*,*,#3947,.T.);
#3947 = EDGE_CURVE('',#3939,#3948,#3950,.T.);
#3948 = VERTEX_POINT('',#3949);
#3949 = CARTESIAN_POINT('',(-28.9,-1.,0.8));
#3950 = LINE('',#3951,#3952);
#3951 = CARTESIAN_POINT('',(-29.9,-1.,0.8));
#3952 = VECTOR('',#3953,1.);
#3953 = DIRECTION('',(1.,0.,0.));
#3954 = ORIENTED_EDGE('',*,*,#3955,.F.);
#3955 = EDGE_CURVE('',#1382,#3948,#3956,.T.);
#3956 = CIRCLE('',#3957,0.8);
#3957 = AXIS2_PLACEMENT_3D('',#3958,#3959,#3960);
#3958 = CARTESIAN_POINT('',(-28.9,-1.8,0.8));
#3959 = DIRECTION('',(1.,0.,-0.));
#3960 = DIRECTION('',(0.,0.,1.));
#3961 = ORIENTED_EDGE('',*,*,#1379,.F.);
#3962 = CYLINDRICAL_SURFACE('',#3963,0.8);
#3963 = AXIS2_PLACEMENT_3D('',#3964,#3965,#3966);
#3964 = CARTESIAN_POINT('',(-30.9,-1.8,0.8));
#3965 = DIRECTION('',(1.,0.,0.));
#3966 = DIRECTION('',(0.,0.,1.));
#3967 = ADVANCED_FACE('',(#3968),#3978,.T.);
#3968 = FACE_BOUND('',#3969,.T.);
#3969 = EDGE_LOOP('',(#3970,#3971,#3972));
#3970 = ORIENTED_EDGE('',*,*,#3955,.F.);
#3971 = ORIENTED_EDGE('',*,*,#1437,.T.);
#3972 = ORIENTED_EDGE('',*,*,#3973,.T.);
#3973 = EDGE_CURVE('',#1430,#3948,#3974,.T.);
#3974 = LINE('',#3975,#3976);
#3975 = CARTESIAN_POINT('',(-28.9,-1.,-1.E-02));
#3976 = VECTOR('',#3977,1.);
#3977 = DIRECTION('',(0.,0.,1.));
#3978 = PLANE('',#3979);
#3979 = AXIS2_PLACEMENT_3D('',#3980,#3981,#3982);
#3980 = CARTESIAN_POINT('',(-28.9,-1.8,-1.E-02));
#3981 = DIRECTION('',(1.,0.,0.));
#3982 = DIRECTION('',(0.,0.,1.));
#3983 = ADVANCED_FACE('',(#3984),#3995,.F.);
#3984 = FACE_BOUND('',#3985,.F.);
#3985 = EDGE_LOOP('',(#3986,#3993,#3994));
#3986 = ORIENTED_EDGE('',*,*,#3987,.F.);
#3987 = EDGE_CURVE('',#1422,#3948,#3988,.T.);
#3988 = CIRCLE('',#3989,0.8);
#3989 = AXIS2_PLACEMENT_3D('',#3990,#3991,#3992);
#3990 = CARTESIAN_POINT('',(-28.1,-1.,0.8));
#3991 = DIRECTION('',(0.,1.,0.));
#3992 = DIRECTION('',(0.,0.,1.));
#3993 = ORIENTED_EDGE('',*,*,#1429,.T.);
#3994 = ORIENTED_EDGE('',*,*,#3973,.T.);
#3995 = PLANE('',#3996);
#3996 = AXIS2_PLACEMENT_3D('',#3997,#3998,#3999);
#3997 = CARTESIAN_POINT('',(-28.9,-1.,-1.E-02));
#3998 = DIRECTION('',(0.,1.,0.));
#3999 = DIRECTION('',(0.,0.,1.));
#4000 = ADVANCED_FACE('',(#4001),#4020,.F.);
#4001 = FACE_BOUND('',#4002,.F.);
#4002 = EDGE_LOOP('',(#4003,#4004,#4012,#4019));
#4003 = ORIENTED_EDGE('',*,*,#3987,.T.);
#4004 = ORIENTED_EDGE('',*,*,#4005,.T.);
#4005 = EDGE_CURVE('',#3948,#4006,#4008,.T.);
#4006 = VERTEX_POINT('',#4007);
#4007 = CARTESIAN_POINT('',(-28.9,1.,0.8));
#4008 = LINE('',#4009,#4010);
#4009 = CARTESIAN_POINT('',(-28.9,-1.,0.8));
#4010 = VECTOR('',#4011,1.);
#4011 = DIRECTION('',(0.,1.,0.));
#4012 = ORIENTED_EDGE('',*,*,#4013,.F.);
#4013 = EDGE_CURVE('',#1414,#4006,#4014,.T.);
#4014 = CIRCLE('',#4015,0.8);
#4015 = AXIS2_PLACEMENT_3D('',#4016,#4017,#4018);
#4016 = CARTESIAN_POINT('',(-28.1,1.,0.8));
#4017 = DIRECTION('',(0.,1.,0.));
#4018 = DIRECTION('',(0.,0.,1.));
#4019 = ORIENTED_EDGE('',*,*,#1421,.F.);
#4020 = CYLINDRICAL_SURFACE('',#4021,0.8);
#4021 = AXIS2_PLACEMENT_3D('',#4022,#4023,#4024);
#4022 = CARTESIAN_POINT('',(-28.1,-2.,0.8));
#4023 = DIRECTION('',(0.,1.,0.));
#4024 = DIRECTION('',(0.,0.,1.));
#4025 = ADVANCED_FACE('',(#4026),#4051,.F.);
#4026 = FACE_BOUND('',#4027,.F.);
#4027 = EDGE_LOOP('',(#4028,#4036,#4043,#4044));
#4028 = ORIENTED_EDGE('',*,*,#4029,.F.);
#4029 = EDGE_CURVE('',#4030,#4006,#4032,.T.);
#4030 = VERTEX_POINT('',#4031);
#4031 = CARTESIAN_POINT('',(-29.9,1.,0.8));
#4032 = LINE('',#4033,#4034);
#4033 = CARTESIAN_POINT('',(-29.9,1.,0.8));
#4034 = VECTOR('',#4035,1.);
#4035 = DIRECTION('',(1.,0.,0.));
#4036 = ORIENTED_EDGE('',*,*,#4037,.T.);
#4037 = EDGE_CURVE('',#4030,#1390,#4038,.T.);
#4038 = CIRCLE('',#4039,0.8);
#4039 = AXIS2_PLACEMENT_3D('',#4040,#4041,#4042);
#4040 = CARTESIAN_POINT('',(-29.9,1.8,0.8));
#4041 = DIRECTION('',(1.,0.,-0.));
#4042 = DIRECTION('',(0.,0.,1.));
#4043 = ORIENTED_EDGE('',*,*,#1397,.T.);
#4044 = ORIENTED_EDGE('',*,*,#4045,.F.);
#4045 = EDGE_CURVE('',#4006,#1398,#4046,.T.);
#4046 = CIRCLE('',#4047,0.8);
#4047 = AXIS2_PLACEMENT_3D('',#4048,#4049,#4050);
#4048 = CARTESIAN_POINT('',(-28.9,1.8,0.8));
#4049 = DIRECTION('',(1.,0.,-0.));
#4050 = DIRECTION('',(0.,0.,1.));
#4051 = CYLINDRICAL_SURFACE('',#4052,0.8);
#4052 = AXIS2_PLACEMENT_3D('',#4053,#4054,#4055);
#4053 = CARTESIAN_POINT('',(-30.9,1.8,0.8));
#4054 = DIRECTION('',(1.,0.,0.));
#4055 = DIRECTION('',(0.,0.,1.));
#4056 = ADVANCED_FACE('',(#4057),#4067,.T.);
#4057 = FACE_BOUND('',#4058,.T.);
#4058 = EDGE_LOOP('',(#4059,#4060,#4061));
#4059 = ORIENTED_EDGE('',*,*,#4013,.F.);
#4060 = ORIENTED_EDGE('',*,*,#1413,.T.);
#4061 = ORIENTED_EDGE('',*,*,#4062,.T.);
#4062 = EDGE_CURVE('',#1406,#4006,#4063,.T.);
#4063 = LINE('',#4064,#4065);
#4064 = CARTESIAN_POINT('',(-28.9,1.,-1.E-02));
#4065 = VECTOR('',#4066,1.);
#4066 = DIRECTION('',(0.,0.,1.));
#4067 = PLANE('',#4068);
#4068 = AXIS2_PLACEMENT_3D('',#4069,#4070,#4071);
#4069 = CARTESIAN_POINT('',(-28.9,1.,-1.E-02));
#4070 = DIRECTION('',(0.,1.,0.));
#4071 = DIRECTION('',(0.,0.,1.));
#4072 = ADVANCED_FACE('',(#4073),#4078,.T.);
#4073 = FACE_BOUND('',#4074,.T.);
#4074 = EDGE_LOOP('',(#4075,#4076,#4077));
#4075 = ORIENTED_EDGE('',*,*,#4062,.F.);
#4076 = ORIENTED_EDGE('',*,*,#1405,.T.);
#4077 = ORIENTED_EDGE('',*,*,#4045,.F.);
#4078 = PLANE('',#4079);
#4079 = AXIS2_PLACEMENT_3D('',#4080,#4081,#4082);
#4080 = CARTESIAN_POINT('',(-28.9,1.,-1.E-02));
#4081 = DIRECTION('',(1.,0.,0.));
#4082 = DIRECTION('',(0.,0.,1.));
#4083 = ADVANCED_FACE('',(#4084),#4103,.T.);
#4084 = FACE_BOUND('',#4085,.T.);
#4085 = EDGE_LOOP('',(#4086,#4094,#4101,#4102));
#4086 = ORIENTED_EDGE('',*,*,#4087,.T.);
#4087 = EDGE_CURVE('',#1446,#4088,#4090,.T.);
#4088 = VERTEX_POINT('',#4089);
#4089 = CARTESIAN_POINT('',(-6.35,-12.7,1.));
#4090 = LINE('',#4091,#4092);
#4091 = CARTESIAN_POINT('',(-6.35,-12.7,-1.E-02));
#4092 = VECTOR('',#4093,1.);
#4093 = DIRECTION('',(0.,0.,1.));
#4094 = ORIENTED_EDGE('',*,*,#4095,.F.);
#4095 = EDGE_CURVE('',#4088,#4088,#4096,.T.);
#4096 = CIRCLE('',#4097,2.54);
#4097 = AXIS2_PLACEMENT_3D('',#4098,#4099,#4100);
#4098 = CARTESIAN_POINT('',(-8.89,-12.7,1.));
#4099 = DIRECTION('',(0.,0.,1.));
#4100 = DIRECTION('',(1.,0.,0.));
#4101 = ORIENTED_EDGE('',*,*,#4087,.F.);
#4102 = ORIENTED_EDGE('',*,*,#1445,.T.);
#4103 = CYLINDRICAL_SURFACE('',#4104,2.54);
#4104 = AXIS2_PLACEMENT_3D('',#4105,#4106,#4107);
#4105 = CARTESIAN_POINT('',(-8.89,-12.7,-1.E-02));
#4106 = DIRECTION('',(0.,0.,1.));
#4107 = DIRECTION('',(1.,0.,0.));
#4108 = ADVANCED_FACE('',(#4109),#4136,.F.);
#4109 = FACE_BOUND('',#4110,.F.);
#4110 = EDGE_LOOP('',(#4111,#4121,#4128,#4129));
#4111 = ORIENTED_EDGE('',*,*,#4112,.F.);
#4112 = EDGE_CURVE('',#4113,#4115,#4117,.T.);
#4113 = VERTEX_POINT('',#4114);
#4114 = CARTESIAN_POINT('',(-13.53,-10.,1.5));
#4115 = VERTEX_POINT('',#4116);
#4116 = CARTESIAN_POINT('',(-13.53,-7.,1.5));
#4117 = LINE('',#4118,#4119);
#4118 = CARTESIAN_POINT('',(-13.53,-10.,1.5));
#4119 = VECTOR('',#4120,1.);
#4120 = DIRECTION('',(0.,1.,0.));
#4121 = ORIENTED_EDGE('',*,*,#4122,.T.);
#4122 = EDGE_CURVE('',#4113,#1459,#4123,.T.);
#4123 = CIRCLE('',#4124,1.5);
#4124 = AXIS2_PLACEMENT_3D('',#4125,#4126,#4127);
#4125 = CARTESIAN_POINT('',(-15.03,-10.,1.5));
#4126 = DIRECTION('',(0.,1.,0.));
#4127 = DIRECTION('',(0.,0.,1.));
#4128 = ORIENTED_EDGE('',*,*,#1466,.T.);
#4129 = ORIENTED_EDGE('',*,*,#4130,.F.);
#4130 = EDGE_CURVE('',#4115,#1467,#4131,.T.);
#4131 = CIRCLE('',#4132,1.5);
#4132 = AXIS2_PLACEMENT_3D('',#4133,#4134,#4135);
#4133 = CARTESIAN_POINT('',(-15.03,-7.,1.5));
#4134 = DIRECTION('',(0.,1.,0.));
#4135 = DIRECTION('',(0.,0.,1.));
#4136 = CYLINDRICAL_SURFACE('',#4137,1.5);
#4137 = AXIS2_PLACEMENT_3D('',#4138,#4139,#4140);
#4138 = CARTESIAN_POINT('',(-15.03,-11.,1.5));
#4139 = DIRECTION('',(0.,1.,0.));
#4140 = DIRECTION('',(0.,0.,1.));
#4141 = ADVANCED_FACE('',(#4142),#4160,.F.);
#4142 = FACE_BOUND('',#4143,.F.);
#4143 = EDGE_LOOP('',(#4144,#4152,#4153));
#4144 = ORIENTED_EDGE('',*,*,#4145,.F.);
#4145 = EDGE_CURVE('',#1491,#4146,#4148,.T.);
#4146 = VERTEX_POINT('',#4147);
#4147 = CARTESIAN_POINT('',(13.,-35.1,0.8));
#4148 = LINE('',#4149,#4150);
#4149 = CARTESIAN_POINT('',(13.,-35.1,-1.E-02));
#4150 = VECTOR('',#4151,1.);
#4151 = DIRECTION('',(0.,0.,1.));
#4152 = ORIENTED_EDGE('',*,*,#1490,.T.);
#4153 = ORIENTED_EDGE('',*,*,#4154,.F.);
#4154 = EDGE_CURVE('',#4146,#1493,#4155,.T.);
#4155 = CIRCLE('',#4156,0.8);
#4156 = AXIS2_PLACEMENT_3D('',#4157,#4158,#4159);
#4157 = CARTESIAN_POINT('',(13.,-35.9,0.8));
#4158 = DIRECTION('',(-1.,1.110223024625E-16,0.));
#4159 = DIRECTION('',(0.,0.,1.));
#4160 = PLANE('',#4161);
#4161 = AXIS2_PLACEMENT_3D('',#4162,#4163,#4164);
#4162 = CARTESIAN_POINT('',(13.,-35.9,-1.E-02));
#4163 = DIRECTION('',(-1.,1.110223024625E-16,0.));
#4164 = DIRECTION('',(0.,0.,1.));
#4165 = ADVANCED_FACE('',(#4166),#4177,.F.);
#4166 = FACE_BOUND('',#4167,.F.);
#4167 = EDGE_LOOP('',(#4168,#4175,#4176));
#4168 = ORIENTED_EDGE('',*,*,#4169,.F.);
#4169 = EDGE_CURVE('',#1541,#4146,#4170,.T.);
#4170 = CIRCLE('',#4171,0.8);
#4171 = AXIS2_PLACEMENT_3D('',#4172,#4173,#4174);
#4172 = CARTESIAN_POINT('',(13.8,-35.1,0.8));
#4173 = DIRECTION('',(1.110223024625E-16,1.,-0.));
#4174 = DIRECTION('',(0.,0.,1.));
#4175 = ORIENTED_EDGE('',*,*,#1548,.T.);
#4176 = ORIENTED_EDGE('',*,*,#4145,.T.);
#4177 = PLANE('',#4178);
#4178 = AXIS2_PLACEMENT_3D('',#4179,#4180,#4181);
#4179 = CARTESIAN_POINT('',(13.8,-35.1,-1.E-02));
#4180 = DIRECTION('',(1.110223024625E-16,1.,0.));
#4181 = DIRECTION('',(0.,0.,1.));
#4182 = ADVANCED_FACE('',(#4183),#4202,.F.);
#4183 = FACE_BOUND('',#4184,.F.);
#4184 = EDGE_LOOP('',(#4185,#4193,#4194,#4195));
#4185 = ORIENTED_EDGE('',*,*,#4186,.F.);
#4186 = EDGE_CURVE('',#4146,#4187,#4189,.T.);
#4187 = VERTEX_POINT('',#4188);
#4188 = CARTESIAN_POINT('',(11.,-35.1,0.8));
#4189 = LINE('',#4190,#4191);
#4190 = CARTESIAN_POINT('',(13.,-35.1,0.8));
#4191 = VECTOR('',#4192,1.);
#4192 = DIRECTION('',(-1.,1.110223024625E-16,0.));
#4193 = ORIENTED_EDGE('',*,*,#4154,.T.);
#4194 = ORIENTED_EDGE('',*,*,#1500,.T.);
#4195 = ORIENTED_EDGE('',*,*,#4196,.F.);
#4196 = EDGE_CURVE('',#4187,#1501,#4197,.T.);
#4197 = CIRCLE('',#4198,0.8);
#4198 = AXIS2_PLACEMENT_3D('',#4199,#4200,#4201);
#4199 = CARTESIAN_POINT('',(11.,-35.9,0.8));
#4200 = DIRECTION('',(-1.,1.110223024625E-16,0.));
#4201 = DIRECTION('',(0.,0.,1.));
#4202 = CYLINDRICAL_SURFACE('',#4203,0.8);
#4203 = AXIS2_PLACEMENT_3D('',#4204,#4205,#4206);
#4204 = CARTESIAN_POINT('',(14.,-35.9,0.8));
#4205 = DIRECTION('',(-1.,1.110223024625E-16,0.));
#4206 = DIRECTION('',(0.,0.,1.));
#4207 = ADVANCED_FACE('',(#4208),#4227,.F.);
#4208 = FACE_BOUND('',#4209,.F.);
#4209 = EDGE_LOOP('',(#4210,#4211,#4219,#4226));
#4210 = ORIENTED_EDGE('',*,*,#4169,.T.);
#4211 = ORIENTED_EDGE('',*,*,#4212,.T.);
#4212 = EDGE_CURVE('',#4146,#4213,#4215,.T.);
#4213 = VERTEX_POINT('',#4214);
#4214 = CARTESIAN_POINT('',(13.,-34.1,0.8));
#4215 = LINE('',#4216,#4217);
#4216 = CARTESIAN_POINT('',(13.,-35.1,0.8));
#4217 = VECTOR('',#4218,1.);
#4218 = DIRECTION('',(1.110223024625E-16,1.,0.));
#4219 = ORIENTED_EDGE('',*,*,#4220,.F.);
#4220 = EDGE_CURVE('',#1533,#4213,#4221,.T.);
#4221 = CIRCLE('',#4222,0.8);
#4222 = AXIS2_PLACEMENT_3D('',#4223,#4224,#4225);
#4223 = CARTESIAN_POINT('',(13.8,-34.1,0.8));
#4224 = DIRECTION('',(1.110223024625E-16,1.,-0.));
#4225 = DIRECTION('',(0.,0.,1.));
#4226 = ORIENTED_EDGE('',*,*,#1540,.F.);
#4227 = CYLINDRICAL_SURFACE('',#4228,0.8);
#4228 = AXIS2_PLACEMENT_3D('',#4229,#4230,#4231);
#4229 = CARTESIAN_POINT('',(13.8,-36.1,0.8));
#4230 = DIRECTION('',(1.110223024625E-16,1.,0.));
#4231 = DIRECTION('',(0.,0.,1.));
#4232 = ADVANCED_FACE('',(#4233),#4243,.T.);
#4233 = FACE_BOUND('',#4234,.T.);
#4234 = EDGE_LOOP('',(#4235,#4241,#4242));
#4235 = ORIENTED_EDGE('',*,*,#4236,.F.);
#4236 = EDGE_CURVE('',#1509,#4187,#4237,.T.);
#4237 = LINE('',#4238,#4239);
#4238 = CARTESIAN_POINT('',(11.,-35.1,-1.E-02));
#4239 = VECTOR('',#4240,1.);
#4240 = DIRECTION('',(0.,0.,1.));
#4241 = ORIENTED_EDGE('',*,*,#1508,.T.);
#4242 = ORIENTED_EDGE('',*,*,#4196,.F.);
#4243 = PLANE('',#4244);
#4244 = AXIS2_PLACEMENT_3D('',#4245,#4246,#4247);
#4245 = CARTESIAN_POINT('',(11.,-35.9,-1.E-02));
#4246 = DIRECTION('',(-1.,1.110223024625E-16,0.));
#4247 = DIRECTION('',(0.,0.,1.));
#4248 = ADVANCED_FACE('',(#4249),#4260,.F.);
#4249 = FACE_BOUND('',#4250,.F.);
#4250 = EDGE_LOOP('',(#4251,#4252,#4253));
#4251 = ORIENTED_EDGE('',*,*,#4236,.F.);
#4252 = ORIENTED_EDGE('',*,*,#1516,.T.);
#4253 = ORIENTED_EDGE('',*,*,#4254,.F.);
#4254 = EDGE_CURVE('',#4187,#1517,#4255,.T.);
#4255 = CIRCLE('',#4256,0.8);
#4256 = AXIS2_PLACEMENT_3D('',#4257,#4258,#4259);
#4257 = CARTESIAN_POINT('',(10.2,-35.1,0.8));
#4258 = DIRECTION('',(1.110223024625E-16,1.,-0.));
#4259 = DIRECTION('',(0.,0.,1.));
#4260 = PLANE('',#4261);
#4261 = AXIS2_PLACEMENT_3D('',#4262,#4263,#4264);
#4262 = CARTESIAN_POINT('',(11.,-35.1,-1.E-02));
#4263 = DIRECTION('',(1.110223024625E-16,1.,0.));
#4264 = DIRECTION('',(0.,0.,1.));
#4265 = ADVANCED_FACE('',(#4266),#4285,.F.);
#4266 = FACE_BOUND('',#4267,.F.);
#4267 = EDGE_LOOP('',(#4268,#4276,#4277,#4278));
#4268 = ORIENTED_EDGE('',*,*,#4269,.F.);
#4269 = EDGE_CURVE('',#4187,#4270,#4272,.T.);
#4270 = VERTEX_POINT('',#4271);
#4271 = CARTESIAN_POINT('',(11.,-34.1,0.8));
#4272 = LINE('',#4273,#4274);
#4273 = CARTESIAN_POINT('',(11.,-35.1,0.8));
#4274 = VECTOR('',#4275,1.);
#4275 = DIRECTION('',(1.110223024625E-16,1.,0.));
#4276 = ORIENTED_EDGE('',*,*,#4254,.T.);
#4277 = ORIENTED_EDGE('',*,*,#1524,.T.);
#4278 = ORIENTED_EDGE('',*,*,#4279,.F.);
#4279 = EDGE_CURVE('',#4270,#1525,#4280,.T.);
#4280 = CIRCLE('',#4281,0.8);
#4281 = AXIS2_PLACEMENT_3D('',#4282,#4283,#4284);
#4282 = CARTESIAN_POINT('',(10.2,-34.1,0.8));
#4283 = DIRECTION('',(1.110223024625E-16,1.,-0.));
#4284 = DIRECTION('',(0.,0.,1.));
#4285 = CYLINDRICAL_SURFACE('',#4286,0.8);
#4286 = AXIS2_PLACEMENT_3D('',#4287,#4288,#4289);
#4287 = CARTESIAN_POINT('',(10.2,-36.1,0.8));
#4288 = DIRECTION('',(1.110223024625E-16,1.,0.));
#4289 = DIRECTION('',(0.,0.,1.));
#4290 = ADVANCED_FACE('',(#4291),#4318,.F.);
#4291 = FACE_BOUND('',#4292,.F.);
#4292 = EDGE_LOOP('',(#4293,#4302,#4310,#4317));
#4293 = ORIENTED_EDGE('',*,*,#4294,.T.);
#4294 = EDGE_CURVE('',#1557,#4295,#4297,.T.);
#4295 = VERTEX_POINT('',#4296);
#4296 = CARTESIAN_POINT('',(13.,-31.9,0.8));
#4297 = CIRCLE('',#4298,0.8);
#4298 = AXIS2_PLACEMENT_3D('',#4299,#4300,#4301);
#4299 = CARTESIAN_POINT('',(13.8,-31.9,0.8));
#4300 = DIRECTION('',(1.110223024625E-16,1.,-0.));
#4301 = DIRECTION('',(0.,0.,1.));
#4302 = ORIENTED_EDGE('',*,*,#4303,.T.);
#4303 = EDGE_CURVE('',#4295,#4304,#4306,.T.);
#4304 = VERTEX_POINT('',#4305);
#4305 = CARTESIAN_POINT('',(13.,-30.9,0.8));
#4306 = LINE('',#4307,#4308);
#4307 = CARTESIAN_POINT('',(13.,-31.9,0.8));
#4308 = VECTOR('',#4309,1.);
#4309 = DIRECTION('',(1.110223024625E-16,1.,0.));
#4310 = ORIENTED_EDGE('',*,*,#4311,.F.);
#4311 = EDGE_CURVE('',#1559,#4304,#4312,.T.);
#4312 = CIRCLE('',#4313,0.8);
#4313 = AXIS2_PLACEMENT_3D('',#4314,#4315,#4316);
#4314 = CARTESIAN_POINT('',(13.8,-30.9,0.8));
#4315 = DIRECTION('',(1.110223024625E-16,1.,-0.));
#4316 = DIRECTION('',(0.,0.,1.));
#4317 = ORIENTED_EDGE('',*,*,#1556,.F.);
#4318 = CYLINDRICAL_SURFACE('',#4319,0.8);
#4319 = AXIS2_PLACEMENT_3D('',#4320,#4321,#4322);
#4320 = CARTESIAN_POINT('',(13.8,-32.9,0.8));
#4321 = DIRECTION('',(1.110223024625E-16,1.,0.));
#4322 = DIRECTION('',(0.,0.,1.));
#4323 = ADVANCED_FACE('',(#4324),#4334,.T.);
#4324 = FACE_BOUND('',#4325,.T.);
#4325 = EDGE_LOOP('',(#4326,#4327,#4328));
#4326 = ORIENTED_EDGE('',*,*,#4311,.F.);
#4327 = ORIENTED_EDGE('',*,*,#1614,.T.);
#4328 = ORIENTED_EDGE('',*,*,#4329,.T.);
#4329 = EDGE_CURVE('',#1607,#4304,#4330,.T.);
#4330 = LINE('',#4331,#4332);
#4331 = CARTESIAN_POINT('',(13.,-30.9,-1.E-02));
#4332 = VECTOR('',#4333,1.);
#4333 = DIRECTION('',(0.,0.,1.));
#4334 = PLANE('',#4335);
#4335 = AXIS2_PLACEMENT_3D('',#4336,#4337,#4338);
#4336 = CARTESIAN_POINT('',(13.8,-30.9,-1.E-02));
#4337 = DIRECTION('',(1.110223024625E-16,1.,0.));
#4338 = DIRECTION('',(0.,0.,1.));
#4339 = ADVANCED_FACE('',(#4340),#4351,.F.);
#4340 = FACE_BOUND('',#4341,.F.);
#4341 = EDGE_LOOP('',(#4342,#4349,#4350));
#4342 = ORIENTED_EDGE('',*,*,#4343,.F.);
#4343 = EDGE_CURVE('',#1599,#4304,#4344,.T.);
#4344 = CIRCLE('',#4345,0.8);
#4345 = AXIS2_PLACEMENT_3D('',#4346,#4347,#4348);
#4346 = CARTESIAN_POINT('',(13.,-30.1,0.8));
#4347 = DIRECTION('',(-1.,1.110223024625E-16,0.));
#4348 = DIRECTION('',(0.,0.,1.));
#4349 = ORIENTED_EDGE('',*,*,#1606,.T.);
#4350 = ORIENTED_EDGE('',*,*,#4329,.T.);
#4351 = PLANE('',#4352);
#4352 = AXIS2_PLACEMENT_3D('',#4353,#4354,#4355);
#4353 = CARTESIAN_POINT('',(13.,-30.9,-1.E-02));
#4354 = DIRECTION('',(-1.,1.110223024625E-16,0.));
#4355 = DIRECTION('',(0.,0.,1.));
#4356 = ADVANCED_FACE('',(#4357),#4376,.F.);
#4357 = FACE_BOUND('',#4358,.F.);
#4358 = EDGE_LOOP('',(#4359,#4360,#4368,#4375));
#4359 = ORIENTED_EDGE('',*,*,#4343,.T.);
#4360 = ORIENTED_EDGE('',*,*,#4361,.T.);
#4361 = EDGE_CURVE('',#4304,#4362,#4364,.T.);
#4362 = VERTEX_POINT('',#4363);
#4363 = CARTESIAN_POINT('',(11.,-30.9,0.8));
#4364 = LINE('',#4365,#4366);
#4365 = CARTESIAN_POINT('',(13.,-30.9,0.8));
#4366 = VECTOR('',#4367,1.);
#4367 = DIRECTION('',(-1.,1.110223024625E-16,0.));
#4368 = ORIENTED_EDGE('',*,*,#4369,.F.);
#4369 = EDGE_CURVE('',#1591,#4362,#4370,.T.);
#4370 = CIRCLE('',#4371,0.8);
#4371 = AXIS2_PLACEMENT_3D('',#4372,#4373,#4374);
#4372 = CARTESIAN_POINT('',(11.,-30.1,0.8));
#4373 = DIRECTION('',(-1.,1.110223024625E-16,0.));
#4374 = DIRECTION('',(0.,0.,1.));
#4375 = ORIENTED_EDGE('',*,*,#1598,.F.);
#4376 = CYLINDRICAL_SURFACE('',#4377,0.8);
#4377 = AXIS2_PLACEMENT_3D('',#4378,#4379,#4380);
#4378 = CARTESIAN_POINT('',(14.,-30.1,0.8));
#4379 = DIRECTION('',(-1.,1.110223024625E-16,0.));
#4380 = DIRECTION('',(0.,0.,1.));
#4381 = ADVANCED_FACE('',(#4382),#4407,.F.);
#4382 = FACE_BOUND('',#4383,.F.);
#4383 = EDGE_LOOP('',(#4384,#4392,#4399,#4400));
#4384 = ORIENTED_EDGE('',*,*,#4385,.F.);
#4385 = EDGE_CURVE('',#4386,#4362,#4388,.T.);
#4386 = VERTEX_POINT('',#4387);
#4387 = CARTESIAN_POINT('',(11.,-31.9,0.8));
#4388 = LINE('',#4389,#4390);
#4389 = CARTESIAN_POINT('',(11.,-31.9,0.8));
#4390 = VECTOR('',#4391,1.);
#4391 = DIRECTION('',(1.110223024625E-16,1.,0.));
#4392 = ORIENTED_EDGE('',*,*,#4393,.T.);
#4393 = EDGE_CURVE('',#4386,#1567,#4394,.T.);
#4394 = CIRCLE('',#4395,0.8);
#4395 = AXIS2_PLACEMENT_3D('',#4396,#4397,#4398);
#4396 = CARTESIAN_POINT('',(10.2,-31.9,0.8));
#4397 = DIRECTION('',(1.110223024625E-16,1.,-0.));
#4398 = DIRECTION('',(0.,0.,1.));
#4399 = ORIENTED_EDGE('',*,*,#1574,.T.);
#4400 = ORIENTED_EDGE('',*,*,#4401,.F.);
#4401 = EDGE_CURVE('',#4362,#1575,#4402,.T.);
#4402 = CIRCLE('',#4403,0.8);
#4403 = AXIS2_PLACEMENT_3D('',#4404,#4405,#4406);
#4404 = CARTESIAN_POINT('',(10.2,-30.9,0.8));
#4405 = DIRECTION('',(1.110223024625E-16,1.,-0.));
#4406 = DIRECTION('',(0.,0.,1.));
#4407 = CYLINDRICAL_SURFACE('',#4408,0.8);
#4408 = AXIS2_PLACEMENT_3D('',#4409,#4410,#4411);
#4409 = CARTESIAN_POINT('',(10.2,-32.9,0.8));
#4410 = DIRECTION('',(1.110223024625E-16,1.,0.));
#4411 = DIRECTION('',(0.,0.,1.));
#4412 = ADVANCED_FACE('',(#4413),#4423,.T.);
#4413 = FACE_BOUND('',#4414,.T.);
#4414 = EDGE_LOOP('',(#4415,#4416,#4417));
#4415 = ORIENTED_EDGE('',*,*,#4369,.F.);
#4416 = ORIENTED_EDGE('',*,*,#1590,.T.);
#4417 = ORIENTED_EDGE('',*,*,#4418,.T.);
#4418 = EDGE_CURVE('',#1583,#4362,#4419,.T.);
#4419 = LINE('',#4420,#4421);
#4420 = CARTESIAN_POINT('',(11.,-30.9,-1.E-02));
#4421 = VECTOR('',#4422,1.);
#4422 = DIRECTION('',(0.,0.,1.));
#4423 = PLANE('',#4424);
#4424 = AXIS2_PLACEMENT_3D('',#4425,#4426,#4427);
#4425 = CARTESIAN_POINT('',(11.,-30.9,-1.E-02));
#4426 = DIRECTION('',(-1.,1.110223024625E-16,0.));
#4427 = DIRECTION('',(0.,0.,1.));
#4428 = ADVANCED_FACE('',(#4429),#4434,.T.);
#4429 = FACE_BOUND('',#4430,.T.);
#4430 = EDGE_LOOP('',(#4431,#4432,#4433));
#4431 = ORIENTED_EDGE('',*,*,#4418,.F.);
#4432 = ORIENTED_EDGE('',*,*,#1582,.T.);
#4433 = ORIENTED_EDGE('',*,*,#4401,.F.);
#4434 = PLANE('',#4435);
#4435 = AXIS2_PLACEMENT_3D('',#4436,#4437,#4438);
#4436 = CARTESIAN_POINT('',(11.,-30.9,-1.E-02));
#4437 = DIRECTION('',(1.110223024625E-16,1.,0.));
#4438 = DIRECTION('',(0.,0.,1.));
#4439 = ADVANCED_FACE('',(#4440),#4458,.F.);
#4440 = FACE_BOUND('',#4441,.F.);
#4441 = EDGE_LOOP('',(#4442,#4450,#4451));
#4442 = ORIENTED_EDGE('',*,*,#4443,.F.);
#4443 = EDGE_CURVE('',#1623,#4444,#4446,.T.);
#4444 = VERTEX_POINT('',#4445);
#4445 = CARTESIAN_POINT('',(28.9,-21.,0.8));
#4446 = LINE('',#4447,#4448);
#4447 = CARTESIAN_POINT('',(28.9,-21.,-1.E-02));
#4448 = VECTOR('',#4449,1.);
#4449 = DIRECTION('',(0.,0.,1.));
#4450 = ORIENTED_EDGE('',*,*,#1622,.T.);
#4451 = ORIENTED_EDGE('',*,*,#4452,.F.);
#4452 = EDGE_CURVE('',#4444,#1625,#4453,.T.);
#4453 = CIRCLE('',#4454,0.8);
#4454 = AXIS2_PLACEMENT_3D('',#4455,#4456,#4457);
#4455 = CARTESIAN_POINT('',(28.1,-21.,0.8));
#4456 = DIRECTION('',(0.,1.,0.));
#4457 = DIRECTION('',(0.,0.,1.));
#4458 = PLANE('',#4459);
#4459 = AXIS2_PLACEMENT_3D('',#4460,#4461,#4462);
#4460 = CARTESIAN_POINT('',(28.1,-21.,-1.E-02));
#4461 = DIRECTION('',(0.,1.,0.));
#4462 = DIRECTION('',(0.,0.,1.));
#4463 = ADVANCED_FACE('',(#4464),#4475,.F.);
#4464 = FACE_BOUND('',#4465,.F.);
#4465 = EDGE_LOOP('',(#4466,#4473,#4474));
#4466 = ORIENTED_EDGE('',*,*,#4467,.F.);
#4467 = EDGE_CURVE('',#1673,#4444,#4468,.T.);
#4468 = CIRCLE('',#4469,0.8);
#4469 = AXIS2_PLACEMENT_3D('',#4470,#4471,#4472);
#4470 = CARTESIAN_POINT('',(28.9,-21.8,0.8));
#4471 = DIRECTION('',(1.,0.,-0.));
#4472 = DIRECTION('',(0.,0.,1.));
#4473 = ORIENTED_EDGE('',*,*,#1680,.T.);
#4474 = ORIENTED_EDGE('',*,*,#4443,.T.);
#4475 = PLANE('',#4476);
#4476 = AXIS2_PLACEMENT_3D('',#4477,#4478,#4479);
#4477 = CARTESIAN_POINT('',(28.9,-21.8,-1.E-02));
#4478 = DIRECTION('',(1.,0.,0.));
#4479 = DIRECTION('',(0.,0.,1.));
#4480 = ADVANCED_FACE('',(#4481),#4500,.F.);
#4481 = FACE_BOUND('',#4482,.F.);
#4482 = EDGE_LOOP('',(#4483,#4491,#4492,#4493));
#4483 = ORIENTED_EDGE('',*,*,#4484,.F.);
#4484 = EDGE_CURVE('',#4444,#4485,#4487,.T.);
#4485 = VERTEX_POINT('',#4486);
#4486 = CARTESIAN_POINT('',(28.9,-19.,0.8));
#4487 = LINE('',#4488,#4489);
#4488 = CARTESIAN_POINT('',(28.9,-21.,0.8));
#4489 = VECTOR('',#4490,1.);
#4490 = DIRECTION('',(0.,1.,0.));
#4491 = ORIENTED_EDGE('',*,*,#4452,.T.);
#4492 = ORIENTED_EDGE('',*,*,#1632,.T.);
#4493 = ORIENTED_EDGE('',*,*,#4494,.F.);
#4494 = EDGE_CURVE('',#4485,#1633,#4495,.T.);
#4495 = CIRCLE('',#4496,0.8);
#4496 = AXIS2_PLACEMENT_3D('',#4497,#4498,#4499);
#4497 = CARTESIAN_POINT('',(28.1,-19.,0.8));
#4498 = DIRECTION('',(0.,1.,0.));
#4499 = DIRECTION('',(0.,0.,1.));
#4500 = CYLINDRICAL_SURFACE('',#4501,0.8);
#4501 = AXIS2_PLACEMENT_3D('',#4502,#4503,#4504);
#4502 = CARTESIAN_POINT('',(28.1,-22.,0.8));
#4503 = DIRECTION('',(0.,1.,0.));
#4504 = DIRECTION('',(0.,0.,1.));
#4505 = ADVANCED_FACE('',(#4506),#4525,.F.);
#4506 = FACE_BOUND('',#4507,.F.);
#4507 = EDGE_LOOP('',(#4508,#4509,#4517,#4524));
#4508 = ORIENTED_EDGE('',*,*,#4467,.T.);
#4509 = ORIENTED_EDGE('',*,*,#4510,.T.);
#4510 = EDGE_CURVE('',#4444,#4511,#4513,.T.);
#4511 = VERTEX_POINT('',#4512);
#4512 = CARTESIAN_POINT('',(29.9,-21.,0.8));
#4513 = LINE('',#4514,#4515);
#4514 = CARTESIAN_POINT('',(28.9,-21.,0.8));
#4515 = VECTOR('',#4516,1.);
#4516 = DIRECTION('',(1.,0.,0.));
#4517 = ORIENTED_EDGE('',*,*,#4518,.F.);
#4518 = EDGE_CURVE('',#1665,#4511,#4519,.T.);
#4519 = CIRCLE('',#4520,0.8);
#4520 = AXIS2_PLACEMENT_3D('',#4521,#4522,#4523);
#4521 = CARTESIAN_POINT('',(29.9,-21.8,0.8));
#4522 = DIRECTION('',(1.,0.,-0.));
#4523 = DIRECTION('',(0.,0.,1.));
#4524 = ORIENTED_EDGE('',*,*,#1672,.F.);
#4525 = CYLINDRICAL_SURFACE('',#4526,0.8);
#4526 = AXIS2_PLACEMENT_3D('',#4527,#4528,#4529);
#4527 = CARTESIAN_POINT('',(27.9,-21.8,0.8));
#4528 = DIRECTION('',(1.,0.,0.));
#4529 = DIRECTION('',(0.,0.,1.));
#4530 = ADVANCED_FACE('',(#4531),#4541,.T.);
#4531 = FACE_BOUND('',#4532,.T.);
#4532 = EDGE_LOOP('',(#4533,#4539,#4540));
#4533 = ORIENTED_EDGE('',*,*,#4534,.F.);
#4534 = EDGE_CURVE('',#1641,#4485,#4535,.T.);
#4535 = LINE('',#4536,#4537);
#4536 = CARTESIAN_POINT('',(28.9,-19.,-1.E-02));
#4537 = VECTOR('',#4538,1.);
#4538 = DIRECTION('',(0.,0.,1.));
#4539 = ORIENTED_EDGE('',*,*,#1640,.T.);
#4540 = ORIENTED_EDGE('',*,*,#4494,.F.);
#4541 = PLANE('',#4542);
#4542 = AXIS2_PLACEMENT_3D('',#4543,#4544,#4545);
#4543 = CARTESIAN_POINT('',(28.1,-19.,-1.E-02));
#4544 = DIRECTION('',(0.,1.,0.));
#4545 = DIRECTION('',(0.,0.,1.));
#4546 = ADVANCED_FACE('',(#4547),#4558,.F.);
#4547 = FACE_BOUND('',#4548,.F.);
#4548 = EDGE_LOOP('',(#4549,#4550,#4551));
#4549 = ORIENTED_EDGE('',*,*,#4534,.F.);
#4550 = ORIENTED_EDGE('',*,*,#1648,.T.);
#4551 = ORIENTED_EDGE('',*,*,#4552,.F.);
#4552 = EDGE_CURVE('',#4485,#1649,#4553,.T.);
#4553 = CIRCLE('',#4554,0.8);
#4554 = AXIS2_PLACEMENT_3D('',#4555,#4556,#4557);
#4555 = CARTESIAN_POINT('',(28.9,-18.2,0.8));
#4556 = DIRECTION('',(1.,0.,-0.));
#4557 = DIRECTION('',(0.,0.,1.));
#4558 = PLANE('',#4559);
#4559 = AXIS2_PLACEMENT_3D('',#4560,#4561,#4562);
#4560 = CARTESIAN_POINT('',(28.9,-19.,-1.E-02));
#4561 = DIRECTION('',(1.,0.,0.));
#4562 = DIRECTION('',(0.,0.,1.));
#4563 = ADVANCED_FACE('',(#4564),#4583,.F.);
#4564 = FACE_BOUND('',#4565,.F.);
#4565 = EDGE_LOOP('',(#4566,#4574,#4575,#4576));
#4566 = ORIENTED_EDGE('',*,*,#4567,.F.);
#4567 = EDGE_CURVE('',#4485,#4568,#4570,.T.);
#4568 = VERTEX_POINT('',#4569);
#4569 = CARTESIAN_POINT('',(29.9,-19.,0.8));
#4570 = LINE('',#4571,#4572);
#4571 = CARTESIAN_POINT('',(28.9,-19.,0.8));
#4572 = VECTOR('',#4573,1.);
#4573 = DIRECTION('',(1.,0.,0.));
#4574 = ORIENTED_EDGE('',*,*,#4552,.T.);
#4575 = ORIENTED_EDGE('',*,*,#1656,.T.);
#4576 = ORIENTED_EDGE('',*,*,#4577,.F.);
#4577 = EDGE_CURVE('',#4568,#1657,#4578,.T.);
#4578 = CIRCLE('',#4579,0.8);
#4579 = AXIS2_PLACEMENT_3D('',#4580,#4581,#4582);
#4580 = CARTESIAN_POINT('',(29.9,-18.2,0.8));
#4581 = DIRECTION('',(1.,0.,-0.));
#4582 = DIRECTION('',(0.,0.,1.));
#4583 = CYLINDRICAL_SURFACE('',#4584,0.8);
#4584 = AXIS2_PLACEMENT_3D('',#4585,#4586,#4587);
#4585 = CARTESIAN_POINT('',(27.9,-18.2,0.8));
#4586 = DIRECTION('',(1.,0.,0.));
#4587 = DIRECTION('',(0.,0.,1.));
#4588 = ADVANCED_FACE('',(#4589),#4616,.F.);
#4589 = FACE_BOUND('',#4590,.F.);
#4590 = EDGE_LOOP('',(#4591,#4600,#4608,#4615));
#4591 = ORIENTED_EDGE('',*,*,#4592,.T.);
#4592 = EDGE_CURVE('',#1689,#4593,#4595,.T.);
#4593 = VERTEX_POINT('',#4594);
#4594 = CARTESIAN_POINT('',(32.1,-21.,0.8));
#4595 = CIRCLE('',#4596,0.8);
#4596 = AXIS2_PLACEMENT_3D('',#4597,#4598,#4599);
#4597 = CARTESIAN_POINT('',(32.1,-21.8,0.8));
#4598 = DIRECTION('',(1.,0.,-0.));
#4599 = DIRECTION('',(0.,0.,1.));
#4600 = ORIENTED_EDGE('',*,*,#4601,.T.);
#4601 = EDGE_CURVE('',#4593,#4602,#4604,.T.);
#4602 = VERTEX_POINT('',#4603);
#4603 = CARTESIAN_POINT('',(33.1,-21.,0.8));
#4604 = LINE('',#4605,#4606);
#4605 = CARTESIAN_POINT('',(32.1,-21.,0.8));
#4606 = VECTOR('',#4607,1.);
#4607 = DIRECTION('',(1.,0.,0.));
#4608 = ORIENTED_EDGE('',*,*,#4609,.F.);
#4609 = EDGE_CURVE('',#1691,#4602,#4610,.T.);
#4610 = CIRCLE('',#4611,0.8);
#4611 = AXIS2_PLACEMENT_3D('',#4612,#4613,#4614);
#4612 = CARTESIAN_POINT('',(33.1,-21.8,0.8));
#4613 = DIRECTION('',(1.,0.,-0.));
#4614 = DIRECTION('',(0.,0.,1.));
#4615 = ORIENTED_EDGE('',*,*,#1688,.F.);
#4616 = CYLINDRICAL_SURFACE('',#4617,0.8);
#4617 = AXIS2_PLACEMENT_3D('',#4618,#4619,#4620);
#4618 = CARTESIAN_POINT('',(31.1,-21.8,0.8));
#4619 = DIRECTION('',(1.,0.,0.));
#4620 = DIRECTION('',(0.,0.,1.));
#4621 = ADVANCED_FACE('',(#4622),#4632,.T.);
#4622 = FACE_BOUND('',#4623,.T.);
#4623 = EDGE_LOOP('',(#4624,#4625,#4626));
#4624 = ORIENTED_EDGE('',*,*,#4609,.F.);
#4625 = ORIENTED_EDGE('',*,*,#1746,.T.);
#4626 = ORIENTED_EDGE('',*,*,#4627,.T.);
#4627 = EDGE_CURVE('',#1739,#4602,#4628,.T.);
#4628 = LINE('',#4629,#4630);
#4629 = CARTESIAN_POINT('',(33.1,-21.,-1.E-02));
#4630 = VECTOR('',#4631,1.);
#4631 = DIRECTION('',(0.,0.,1.));
#4632 = PLANE('',#4633);
#4633 = AXIS2_PLACEMENT_3D('',#4634,#4635,#4636);
#4634 = CARTESIAN_POINT('',(33.1,-21.8,-1.E-02));
#4635 = DIRECTION('',(1.,0.,0.));
#4636 = DIRECTION('',(0.,0.,1.));
#4637 = ADVANCED_FACE('',(#4638),#4649,.F.);
#4638 = FACE_BOUND('',#4639,.F.);
#4639 = EDGE_LOOP('',(#4640,#4647,#4648));
#4640 = ORIENTED_EDGE('',*,*,#4641,.F.);
#4641 = EDGE_CURVE('',#1731,#4602,#4642,.T.);
#4642 = CIRCLE('',#4643,0.8);
#4643 = AXIS2_PLACEMENT_3D('',#4644,#4645,#4646);
#4644 = CARTESIAN_POINT('',(33.9,-21.,0.8));
#4645 = DIRECTION('',(0.,1.,0.));
#4646 = DIRECTION('',(0.,0.,1.));
#4647 = ORIENTED_EDGE('',*,*,#1738,.T.);
#4648 = ORIENTED_EDGE('',*,*,#4627,.T.);
#4649 = PLANE('',#4650);
#4650 = AXIS2_PLACEMENT_3D('',#4651,#4652,#4653);
#4651 = CARTESIAN_POINT('',(33.1,-21.,-1.E-02));
#4652 = DIRECTION('',(0.,1.,0.));
#4653 = DIRECTION('',(0.,0.,1.));
#4654 = ADVANCED_FACE('',(#4655),#4674,.F.);
#4655 = FACE_BOUND('',#4656,.F.);
#4656 = EDGE_LOOP('',(#4657,#4658,#4666,#4673));
#4657 = ORIENTED_EDGE('',*,*,#4641,.T.);
#4658 = ORIENTED_EDGE('',*,*,#4659,.T.);
#4659 = EDGE_CURVE('',#4602,#4660,#4662,.T.);
#4660 = VERTEX_POINT('',#4661);
#4661 = CARTESIAN_POINT('',(33.1,-19.,0.8));
#4662 = LINE('',#4663,#4664);
#4663 = CARTESIAN_POINT('',(33.1,-21.,0.8));
#4664 = VECTOR('',#4665,1.);
#4665 = DIRECTION('',(0.,1.,0.));
#4666 = ORIENTED_EDGE('',*,*,#4667,.F.);
#4667 = EDGE_CURVE('',#1723,#4660,#4668,.T.);
#4668 = CIRCLE('',#4669,0.8);
#4669 = AXIS2_PLACEMENT_3D('',#4670,#4671,#4672);
#4670 = CARTESIAN_POINT('',(33.9,-19.,0.8));
#4671 = DIRECTION('',(0.,1.,0.));
#4672 = DIRECTION('',(0.,0.,1.));
#4673 = ORIENTED_EDGE('',*,*,#1730,.F.);
#4674 = CYLINDRICAL_SURFACE('',#4675,0.8);
#4675 = AXIS2_PLACEMENT_3D('',#4676,#4677,#4678);
#4676 = CARTESIAN_POINT('',(33.9,-22.,0.8));
#4677 = DIRECTION('',(0.,1.,0.));
#4678 = DIRECTION('',(0.,0.,1.));
#4679 = ADVANCED_FACE('',(#4680),#4705,.F.);
#4680 = FACE_BOUND('',#4681,.F.);
#4681 = EDGE_LOOP('',(#4682,#4690,#4697,#4698));
#4682 = ORIENTED_EDGE('',*,*,#4683,.F.);
#4683 = EDGE_CURVE('',#4684,#4660,#4686,.T.);
#4684 = VERTEX_POINT('',#4685);
#4685 = CARTESIAN_POINT('',(32.1,-19.,0.8));
#4686 = LINE('',#4687,#4688);
#4687 = CARTESIAN_POINT('',(32.1,-19.,0.8));
#4688 = VECTOR('',#4689,1.);
#4689 = DIRECTION('',(1.,0.,0.));
#4690 = ORIENTED_EDGE('',*,*,#4691,.T.);
#4691 = EDGE_CURVE('',#4684,#1699,#4692,.T.);
#4692 = CIRCLE('',#4693,0.8);
#4693 = AXIS2_PLACEMENT_3D('',#4694,#4695,#4696);
#4694 = CARTESIAN_POINT('',(32.1,-18.2,0.8));
#4695 = DIRECTION('',(1.,0.,-0.));
#4696 = DIRECTION('',(0.,0.,1.));
#4697 = ORIENTED_EDGE('',*,*,#1706,.T.);
#4698 = ORIENTED_EDGE('',*,*,#4699,.F.);
#4699 = EDGE_CURVE('',#4660,#1707,#4700,.T.);
#4700 = CIRCLE('',#4701,0.8);
#4701 = AXIS2_PLACEMENT_3D('',#4702,#4703,#4704);
#4702 = CARTESIAN_POINT('',(33.1,-18.2,0.8));
#4703 = DIRECTION('',(1.,0.,-0.));
#4704 = DIRECTION('',(0.,0.,1.));
#4705 = CYLINDRICAL_SURFACE('',#4706,0.8);
#4706 = AXIS2_PLACEMENT_3D('',#4707,#4708,#4709);
#4707 = CARTESIAN_POINT('',(31.1,-18.2,0.8));
#4708 = DIRECTION('',(1.,0.,0.));
#4709 = DIRECTION('',(0.,0.,1.));
#4710 = ADVANCED_FACE('',(#4711),#4721,.T.);
#4711 = FACE_BOUND('',#4712,.T.);
#4712 = EDGE_LOOP('',(#4713,#4714,#4715));
#4713 = ORIENTED_EDGE('',*,*,#4667,.F.);
#4714 = ORIENTED_EDGE('',*,*,#1722,.T.);
#4715 = ORIENTED_EDGE('',*,*,#4716,.T.);
#4716 = EDGE_CURVE('',#1715,#4660,#4717,.T.);
#4717 = LINE('',#4718,#4719);
#4718 = CARTESIAN_POINT('',(33.1,-19.,-1.E-02));
#4719 = VECTOR('',#4720,1.);
#4720 = DIRECTION('',(0.,0.,1.));
#4721 = PLANE('',#4722);
#4722 = AXIS2_PLACEMENT_3D('',#4723,#4724,#4725);
#4723 = CARTESIAN_POINT('',(33.1,-19.,-1.E-02));
#4724 = DIRECTION('',(0.,1.,0.));
#4725 = DIRECTION('',(0.,0.,1.));
#4726 = ADVANCED_FACE('',(#4727),#4732,.T.);
#4727 = FACE_BOUND('',#4728,.T.);
#4728 = EDGE_LOOP('',(#4729,#4730,#4731));
#4729 = ORIENTED_EDGE('',*,*,#4716,.F.);
#4730 = ORIENTED_EDGE('',*,*,#1714,.T.);
#4731 = ORIENTED_EDGE('',*,*,#4699,.F.);
#4732 = PLANE('',#4733);
#4733 = AXIS2_PLACEMENT_3D('',#4734,#4735,#4736);
#4734 = CARTESIAN_POINT('',(33.1,-19.,-1.E-02));
#4735 = DIRECTION('',(1.,0.,0.));
#4736 = DIRECTION('',(0.,0.,1.));
#4737 = ADVANCED_FACE('',(#4738),#4757,.T.);
#4738 = FACE_BOUND('',#4739,.T.);
#4739 = EDGE_LOOP('',(#4740,#4748,#4755,#4756));
#4740 = ORIENTED_EDGE('',*,*,#4741,.T.);
#4741 = EDGE_CURVE('',#1755,#4742,#4744,.T.);
#4742 = VERTEX_POINT('',#4743);
#4743 = CARTESIAN_POINT('',(11.43,-12.7,1.));
#4744 = LINE('',#4745,#4746);
#4745 = CARTESIAN_POINT('',(11.43,-12.7,-1.E-02));
#4746 = VECTOR('',#4747,1.);
#4747 = DIRECTION('',(0.,0.,1.));
#4748 = ORIENTED_EDGE('',*,*,#4749,.F.);
#4749 = EDGE_CURVE('',#4742,#4742,#4750,.T.);
#4750 = CIRCLE('',#4751,2.54);
#4751 = AXIS2_PLACEMENT_3D('',#4752,#4753,#4754);
#4752 = CARTESIAN_POINT('',(8.89,-12.7,1.));
#4753 = DIRECTION('',(0.,0.,1.));
#4754 = DIRECTION('',(1.,0.,0.));
#4755 = ORIENTED_EDGE('',*,*,#4741,.F.);
#4756 = ORIENTED_EDGE('',*,*,#1754,.T.);
#4757 = CYLINDRICAL_SURFACE('',#4758,2.54);
#4758 = AXIS2_PLACEMENT_3D('',#4759,#4760,#4761);
#4759 = CARTESIAN_POINT('',(8.89,-12.7,-1.E-02));
#4760 = DIRECTION('',(0.,0.,1.));
#4761 = DIRECTION('',(1.,0.,0.));
#4762 = ADVANCED_FACE('',(#4763),#4790,.F.);
#4763 = FACE_BOUND('',#4764,.F.);
#4764 = EDGE_LOOP('',(#4765,#4774,#4782,#4789));
#4765 = ORIENTED_EDGE('',*,*,#4766,.T.);
#4766 = EDGE_CURVE('',#1766,#4767,#4769,.T.);
#4767 = VERTEX_POINT('',#4768);
#4768 = CARTESIAN_POINT('',(13.53,-10.,1.5));
#4769 = CIRCLE('',#4770,1.5);
#4770 = AXIS2_PLACEMENT_3D('',#4771,#4772,#4773);
#4771 = CARTESIAN_POINT('',(15.03,-10.,1.5));
#4772 = DIRECTION('',(0.,1.,0.));
#4773 = DIRECTION('',(0.,0.,1.));
#4774 = ORIENTED_EDGE('',*,*,#4775,.T.);
#4775 = EDGE_CURVE('',#4767,#4776,#4778,.T.);
#4776 = VERTEX_POINT('',#4777);
#4777 = CARTESIAN_POINT('',(13.53,-7.,1.5));
#4778 = LINE('',#4779,#4780);
#4779 = CARTESIAN_POINT('',(13.53,-10.,1.5));
#4780 = VECTOR('',#4781,1.);
#4781 = DIRECTION('',(0.,1.,0.));
#4782 = ORIENTED_EDGE('',*,*,#4783,.F.);
#4783 = EDGE_CURVE('',#1768,#4776,#4784,.T.);
#4784 = CIRCLE('',#4785,1.5);
#4785 = AXIS2_PLACEMENT_3D('',#4786,#4787,#4788);
#4786 = CARTESIAN_POINT('',(15.03,-7.,1.5));
#4787 = DIRECTION('',(0.,1.,0.));
#4788 = DIRECTION('',(0.,0.,1.));
#4789 = ORIENTED_EDGE('',*,*,#1765,.F.);
#4790 = CYLINDRICAL_SURFACE('',#4791,1.5);
#4791 = AXIS2_PLACEMENT_3D('',#4792,#4793,#4794);
#4792 = CARTESIAN_POINT('',(15.03,-11.,1.5));
#4793 = DIRECTION('',(0.,1.,0.));
#4794 = DIRECTION('',(0.,0.,1.));
#4795 = ADVANCED_FACE('',(#4796),#4815,.T.);
#4796 = FACE_BOUND('',#4797,.T.);
#4797 = EDGE_LOOP('',(#4798,#4806,#4813,#4814));
#4798 = ORIENTED_EDGE('',*,*,#4799,.T.);
#4799 = EDGE_CURVE('',#1800,#4800,#4802,.T.);
#4800 = VERTEX_POINT('',#4801);
#4801 = CARTESIAN_POINT('',(28.15,-17.5,0.4));
#4802 = LINE('',#4803,#4804);
#4803 = CARTESIAN_POINT('',(28.15,-17.5,-1.E-02));
#4804 = VECTOR('',#4805,1.);
#4805 = DIRECTION('',(0.,0.,1.));
#4806 = ORIENTED_EDGE('',*,*,#4807,.F.);
#4807 = EDGE_CURVE('',#4800,#4800,#4808,.T.);
#4808 = CIRCLE('',#4809,5.65);
#4809 = AXIS2_PLACEMENT_3D('',#4810,#4811,#4812);
#4810 = CARTESIAN_POINT('',(22.5,-17.5,0.4));
#4811 = DIRECTION('',(0.,0.,1.));
#4812 = DIRECTION('',(1.,0.,0.));
#4813 = ORIENTED_EDGE('',*,*,#4799,.F.);
#4814 = ORIENTED_EDGE('',*,*,#1799,.T.);
#4815 = CYLINDRICAL_SURFACE('',#4816,5.65);
#4816 = AXIS2_PLACEMENT_3D('',#4817,#4818,#4819);
#4817 = CARTESIAN_POINT('',(22.5,-17.5,-1.E-02));
#4818 = DIRECTION('',(0.,0.,1.));
#4819 = DIRECTION('',(1.,0.,0.));
#4820 = ADVANCED_FACE('',(#4821),#4839,.F.);
#4821 = FACE_BOUND('',#4822,.F.);
#4822 = EDGE_LOOP('',(#4823,#4831,#4832));
#4823 = ORIENTED_EDGE('',*,*,#4824,.F.);
#4824 = EDGE_CURVE('',#1811,#4825,#4827,.T.);
#4825 = VERTEX_POINT('',#4826);
#4826 = CARTESIAN_POINT('',(28.9,-1.,0.8));
#4827 = LINE('',#4828,#4829);
#4828 = CARTESIAN_POINT('',(28.9,-1.,-1.E-02));
#4829 = VECTOR('',#4830,1.);
#4830 = DIRECTION('',(0.,0.,1.));
#4831 = ORIENTED_EDGE('',*,*,#1810,.T.);
#4832 = ORIENTED_EDGE('',*,*,#4833,.F.);
#4833 = EDGE_CURVE('',#4825,#1813,#4834,.T.);
#4834 = CIRCLE('',#4835,0.8);
#4835 = AXIS2_PLACEMENT_3D('',#4836,#4837,#4838);
#4836 = CARTESIAN_POINT('',(28.1,-1.,0.8));
#4837 = DIRECTION('',(0.,1.,0.));
#4838 = DIRECTION('',(0.,0.,1.));
#4839 = PLANE('',#4840);
#4840 = AXIS2_PLACEMENT_3D('',#4841,#4842,#4843);
#4841 = CARTESIAN_POINT('',(28.1,-1.,-1.E-02));
#4842 = DIRECTION('',(0.,1.,0.));
#4843 = DIRECTION('',(0.,0.,1.));
#4844 = ADVANCED_FACE('',(#4845),#4856,.F.);
#4845 = FACE_BOUND('',#4846,.F.);
#4846 = EDGE_LOOP('',(#4847,#4854,#4855));
#4847 = ORIENTED_EDGE('',*,*,#4848,.F.);
#4848 = EDGE_CURVE('',#1861,#4825,#4849,.T.);
#4849 = CIRCLE('',#4850,0.8);
#4850 = AXIS2_PLACEMENT_3D('',#4851,#4852,#4853);
#4851 = CARTESIAN_POINT('',(28.9,-1.8,0.8));
#4852 = DIRECTION('',(1.,0.,-0.));
#4853 = DIRECTION('',(0.,0.,1.));
#4854 = ORIENTED_EDGE('',*,*,#1868,.T.);
#4855 = ORIENTED_EDGE('',*,*,#4824,.T.);
#4856 = PLANE('',#4857);
#4857 = AXIS2_PLACEMENT_3D('',#4858,#4859,#4860);
#4858 = CARTESIAN_POINT('',(28.9,-1.8,-1.E-02));
#4859 = DIRECTION('',(1.,0.,0.));
#4860 = DIRECTION('',(0.,0.,1.));
#4861 = ADVANCED_FACE('',(#4862),#4881,.F.);
#4862 = FACE_BOUND('',#4863,.F.);
#4863 = EDGE_LOOP('',(#4864,#4872,#4873,#4874));
#4864 = ORIENTED_EDGE('',*,*,#4865,.F.);
#4865 = EDGE_CURVE('',#4825,#4866,#4868,.T.);
#4866 = VERTEX_POINT('',#4867);
#4867 = CARTESIAN_POINT('',(28.9,1.,0.8));
#4868 = LINE('',#4869,#4870);
#4869 = CARTESIAN_POINT('',(28.9,-1.,0.8));
#4870 = VECTOR('',#4871,1.);
#4871 = DIRECTION('',(0.,1.,0.));
#4872 = ORIENTED_EDGE('',*,*,#4833,.T.);
#4873 = ORIENTED_EDGE('',*,*,#1820,.T.);
#4874 = ORIENTED_EDGE('',*,*,#4875,.F.);
#4875 = EDGE_CURVE('',#4866,#1821,#4876,.T.);
#4876 = CIRCLE('',#4877,0.8);
#4877 = AXIS2_PLACEMENT_3D('',#4878,#4879,#4880);
#4878 = CARTESIAN_POINT('',(28.1,1.,0.8));
#4879 = DIRECTION('',(0.,1.,0.));
#4880 = DIRECTION('',(0.,0.,1.));
#4881 = CYLINDRICAL_SURFACE('',#4882,0.8);
#4882 = AXIS2_PLACEMENT_3D('',#4883,#4884,#4885);
#4883 = CARTESIAN_POINT('',(28.1,-2.,0.8));
#4884 = DIRECTION('',(0.,1.,0.));
#4885 = DIRECTION('',(0.,0.,1.));
#4886 = ADVANCED_FACE('',(#4887),#4906,.F.);
#4887 = FACE_BOUND('',#4888,.F.);
#4888 = EDGE_LOOP('',(#4889,#4890,#4898,#4905));
#4889 = ORIENTED_EDGE('',*,*,#4848,.T.);
#4890 = ORIENTED_EDGE('',*,*,#4891,.T.);
#4891 = EDGE_CURVE('',#4825,#4892,#4894,.T.);
#4892 = VERTEX_POINT('',#4893);
#4893 = CARTESIAN_POINT('',(29.9,-1.,0.8));
#4894 = LINE('',#4895,#4896);
#4895 = CARTESIAN_POINT('',(28.9,-1.,0.8));
#4896 = VECTOR('',#4897,1.);
#4897 = DIRECTION('',(1.,0.,0.));
#4898 = ORIENTED_EDGE('',*,*,#4899,.F.);
#4899 = EDGE_CURVE('',#1853,#4892,#4900,.T.);
#4900 = CIRCLE('',#4901,0.8);
#4901 = AXIS2_PLACEMENT_3D('',#4902,#4903,#4904);
#4902 = CARTESIAN_POINT('',(29.9,-1.8,0.8));
#4903 = DIRECTION('',(1.,0.,-0.));
#4904 = DIRECTION('',(0.,0.,1.));
#4905 = ORIENTED_EDGE('',*,*,#1860,.F.);
#4906 = CYLINDRICAL_SURFACE('',#4907,0.8);
#4907 = AXIS2_PLACEMENT_3D('',#4908,#4909,#4910);
#4908 = CARTESIAN_POINT('',(27.9,-1.8,0.8));
#4909 = DIRECTION('',(1.,0.,0.));
#4910 = DIRECTION('',(0.,0.,1.));
#4911 = ADVANCED_FACE('',(#4912),#4922,.T.);
#4912 = FACE_BOUND('',#4913,.T.);
#4913 = EDGE_LOOP('',(#4914,#4920,#4921));
#4914 = ORIENTED_EDGE('',*,*,#4915,.F.);
#4915 = EDGE_CURVE('',#1829,#4866,#4916,.T.);
#4916 = LINE('',#4917,#4918);
#4917 = CARTESIAN_POINT('',(28.9,1.,-1.E-02));
#4918 = VECTOR('',#4919,1.);
#4919 = DIRECTION('',(0.,0.,1.));
#4920 = ORIENTED_EDGE('',*,*,#1828,.T.);
#4921 = ORIENTED_EDGE('',*,*,#4875,.F.);
#4922 = PLANE('',#4923);
#4923 = AXIS2_PLACEMENT_3D('',#4924,#4925,#4926);
#4924 = CARTESIAN_POINT('',(28.1,1.,-1.E-02));
#4925 = DIRECTION('',(0.,1.,0.));
#4926 = DIRECTION('',(0.,0.,1.));
#4927 = ADVANCED_FACE('',(#4928),#4939,.F.);
#4928 = FACE_BOUND('',#4929,.F.);
#4929 = EDGE_LOOP('',(#4930,#4931,#4932));
#4930 = ORIENTED_EDGE('',*,*,#4915,.F.);
#4931 = ORIENTED_EDGE('',*,*,#1836,.T.);
#4932 = ORIENTED_EDGE('',*,*,#4933,.F.);
#4933 = EDGE_CURVE('',#4866,#1837,#4934,.T.);
#4934 = CIRCLE('',#4935,0.8);
#4935 = AXIS2_PLACEMENT_3D('',#4936,#4937,#4938);
#4936 = CARTESIAN_POINT('',(28.9,1.8,0.8));
#4937 = DIRECTION('',(1.,0.,-0.));
#4938 = DIRECTION('',(0.,0.,1.));
#4939 = PLANE('',#4940);
#4940 = AXIS2_PLACEMENT_3D('',#4941,#4942,#4943);
#4941 = CARTESIAN_POINT('',(28.9,1.,-1.E-02));
#4942 = DIRECTION('',(1.,0.,0.));
#4943 = DIRECTION('',(0.,0.,1.));
#4944 = ADVANCED_FACE('',(#4945),#4964,.F.);
#4945 = FACE_BOUND('',#4946,.F.);
#4946 = EDGE_LOOP('',(#4947,#4955,#4956,#4957));
#4947 = ORIENTED_EDGE('',*,*,#4948,.F.);
#4948 = EDGE_CURVE('',#4866,#4949,#4951,.T.);
#4949 = VERTEX_POINT('',#4950);
#4950 = CARTESIAN_POINT('',(29.9,1.,0.8));
#4951 = LINE('',#4952,#4953);
#4952 = CARTESIAN_POINT('',(28.9,1.,0.8));
#4953 = VECTOR('',#4954,1.);
#4954 = DIRECTION('',(1.,0.,0.));
#4955 = ORIENTED_EDGE('',*,*,#4933,.T.);
#4956 = ORIENTED_EDGE('',*,*,#1844,.T.);
#4957 = ORIENTED_EDGE('',*,*,#4958,.F.);
#4958 = EDGE_CURVE('',#4949,#1845,#4959,.T.);
#4959 = CIRCLE('',#4960,0.8);
#4960 = AXIS2_PLACEMENT_3D('',#4961,#4962,#4963);
#4961 = CARTESIAN_POINT('',(29.9,1.8,0.8));
#4962 = DIRECTION('',(1.,0.,-0.));
#4963 = DIRECTION('',(0.,0.,1.));
#4964 = CYLINDRICAL_SURFACE('',#4965,0.8);
#4965 = AXIS2_PLACEMENT_3D('',#4966,#4967,#4968);
#4966 = CARTESIAN_POINT('',(27.9,1.8,0.8));
#4967 = DIRECTION('',(1.,0.,0.));
#4968 = DIRECTION('',(0.,0.,1.));
#4969 = ADVANCED_FACE('',(#4970),#4997,.F.);
#4970 = FACE_BOUND('',#4971,.F.);
#4971 = EDGE_LOOP('',(#4972,#4981,#4989,#4996));
#4972 = ORIENTED_EDGE('',*,*,#4973,.T.);
#4973 = EDGE_CURVE('',#1877,#4974,#4976,.T.);
#4974 = VERTEX_POINT('',#4975);
#4975 = CARTESIAN_POINT('',(32.1,-1.,0.8));
#4976 = CIRCLE('',#4977,0.8);
#4977 = AXIS2_PLACEMENT_3D('',#4978,#4979,#4980);
#4978 = CARTESIAN_POINT('',(32.1,-1.8,0.8));
#4979 = DIRECTION('',(1.,0.,-0.));
#4980 = DIRECTION('',(0.,0.,1.));
#4981 = ORIENTED_EDGE('',*,*,#4982,.T.);
#4982 = EDGE_CURVE('',#4974,#4983,#4985,.T.);
#4983 = VERTEX_POINT('',#4984);
#4984 = CARTESIAN_POINT('',(33.1,-1.,0.8));
#4985 = LINE('',#4986,#4987);
#4986 = CARTESIAN_POINT('',(32.1,-1.,0.8));
#4987 = VECTOR('',#4988,1.);
#4988 = DIRECTION('',(1.,0.,0.));
#4989 = ORIENTED_EDGE('',*,*,#4990,.F.);
#4990 = EDGE_CURVE('',#1879,#4983,#4991,.T.);
#4991 = CIRCLE('',#4992,0.8);
#4992 = AXIS2_PLACEMENT_3D('',#4993,#4994,#4995);
#4993 = CARTESIAN_POINT('',(33.1,-1.8,0.8));
#4994 = DIRECTION('',(1.,0.,-0.));
#4995 = DIRECTION('',(0.,0.,1.));
#4996 = ORIENTED_EDGE('',*,*,#1876,.F.);
#4997 = CYLINDRICAL_SURFACE('',#4998,0.8);
#4998 = AXIS2_PLACEMENT_3D('',#4999,#5000,#5001);
#4999 = CARTESIAN_POINT('',(31.1,-1.8,0.8));
#5000 = DIRECTION('',(1.,0.,0.));
#5001 = DIRECTION('',(0.,0.,1.));
#5002 = ADVANCED_FACE('',(#5003),#5013,.T.);
#5003 = FACE_BOUND('',#5004,.T.);
#5004 = EDGE_LOOP('',(#5005,#5006,#5007));
#5005 = ORIENTED_EDGE('',*,*,#4990,.F.);
#5006 = ORIENTED_EDGE('',*,*,#1934,.T.);
#5007 = ORIENTED_EDGE('',*,*,#5008,.T.);
#5008 = EDGE_CURVE('',#1927,#4983,#5009,.T.);
#5009 = LINE('',#5010,#5011);
#5010 = CARTESIAN_POINT('',(33.1,-1.,-1.E-02));
#5011 = VECTOR('',#5012,1.);
#5012 = DIRECTION('',(0.,0.,1.));
#5013 = PLANE('',#5014);
#5014 = AXIS2_PLACEMENT_3D('',#5015,#5016,#5017);
#5015 = CARTESIAN_POINT('',(33.1,-1.8,-1.E-02));
#5016 = DIRECTION('',(1.,0.,0.));
#5017 = DIRECTION('',(0.,0.,1.));
#5018 = ADVANCED_FACE('',(#5019),#5030,.F.);
#5019 = FACE_BOUND('',#5020,.F.);
#5020 = EDGE_LOOP('',(#5021,#5028,#5029));
#5021 = ORIENTED_EDGE('',*,*,#5022,.F.);
#5022 = EDGE_CURVE('',#1919,#4983,#5023,.T.);
#5023 = CIRCLE('',#5024,0.8);
#5024 = AXIS2_PLACEMENT_3D('',#5025,#5026,#5027);
#5025 = CARTESIAN_POINT('',(33.9,-1.,0.8));
#5026 = DIRECTION('',(0.,1.,0.));
#5027 = DIRECTION('',(0.,0.,1.));
#5028 = ORIENTED_EDGE('',*,*,#1926,.T.);
#5029 = ORIENTED_EDGE('',*,*,#5008,.T.);
#5030 = PLANE('',#5031);
#5031 = AXIS2_PLACEMENT_3D('',#5032,#5033,#5034);
#5032 = CARTESIAN_POINT('',(33.1,-1.,-1.E-02));
#5033 = DIRECTION('',(0.,1.,0.));
#5034 = DIRECTION('',(0.,0.,1.));
#5035 = ADVANCED_FACE('',(#5036),#5055,.F.);
#5036 = FACE_BOUND('',#5037,.F.);
#5037 = EDGE_LOOP('',(#5038,#5039,#5047,#5054));
#5038 = ORIENTED_EDGE('',*,*,#5022,.T.);
#5039 = ORIENTED_EDGE('',*,*,#5040,.T.);
#5040 = EDGE_CURVE('',#4983,#5041,#5043,.T.);
#5041 = VERTEX_POINT('',#5042);
#5042 = CARTESIAN_POINT('',(33.1,1.,0.8));
#5043 = LINE('',#5044,#5045);
#5044 = CARTESIAN_POINT('',(33.1,-1.,0.8));
#5045 = VECTOR('',#5046,1.);
#5046 = DIRECTION('',(0.,1.,0.));
#5047 = ORIENTED_EDGE('',*,*,#5048,.F.);
#5048 = EDGE_CURVE('',#1911,#5041,#5049,.T.);
#5049 = CIRCLE('',#5050,0.8);
#5050 = AXIS2_PLACEMENT_3D('',#5051,#5052,#5053);
#5051 = CARTESIAN_POINT('',(33.9,1.,0.8));
#5052 = DIRECTION('',(0.,1.,0.));
#5053 = DIRECTION('',(0.,0.,1.));
#5054 = ORIENTED_EDGE('',*,*,#1918,.F.);
#5055 = CYLINDRICAL_SURFACE('',#5056,0.8);
#5056 = AXIS2_PLACEMENT_3D('',#5057,#5058,#5059);
#5057 = CARTESIAN_POINT('',(33.9,-2.,0.8));
#5058 = DIRECTION('',(0.,1.,0.));
#5059 = DIRECTION('',(0.,0.,1.));
#5060 = ADVANCED_FACE('',(#5061),#5086,.F.);
#5061 = FACE_BOUND('',#5062,.F.);
#5062 = EDGE_LOOP('',(#5063,#5071,#5078,#5079));
#5063 = ORIENTED_EDGE('',*,*,#5064,.F.);
#5064 = EDGE_CURVE('',#5065,#5041,#5067,.T.);
#5065 = VERTEX_POINT('',#5066);
#5066 = CARTESIAN_POINT('',(32.1,1.,0.8));
#5067 = LINE('',#5068,#5069);
#5068 = CARTESIAN_POINT('',(32.1,1.,0.8));
#5069 = VECTOR('',#5070,1.);
#5070 = DIRECTION('',(1.,0.,0.));
#5071 = ORIENTED_EDGE('',*,*,#5072,.T.);
#5072 = EDGE_CURVE('',#5065,#1887,#5073,.T.);
#5073 = CIRCLE('',#5074,0.8);
#5074 = AXIS2_PLACEMENT_3D('',#5075,#5076,#5077);
#5075 = CARTESIAN_POINT('',(32.1,1.8,0.8));
#5076 = DIRECTION('',(1.,0.,-0.));
#5077 = DIRECTION('',(0.,0.,1.));
#5078 = ORIENTED_EDGE('',*,*,#1894,.T.);
#5079 = ORIENTED_EDGE('',*,*,#5080,.F.);
#5080 = EDGE_CURVE('',#5041,#1895,#5081,.T.);
#5081 = CIRCLE('',#5082,0.8);
#5082 = AXIS2_PLACEMENT_3D('',#5083,#5084,#5085);
#5083 = CARTESIAN_POINT('',(33.1,1.8,0.8));
#5084 = DIRECTION('',(1.,0.,-0.));
#5085 = DIRECTION('',(0.,0.,1.));
#5086 = CYLINDRICAL_SURFACE('',#5087,0.8);
#5087 = AXIS2_PLACEMENT_3D('',#5088,#5089,#5090);
#5088 = CARTESIAN_POINT('',(31.1,1.8,0.8));
#5089 = DIRECTION('',(1.,0.,0.));
#5090 = DIRECTION('',(0.,0.,1.));
#5091 = ADVANCED_FACE('',(#5092),#5102,.T.);
#5092 = FACE_BOUND('',#5093,.T.);
#5093 = EDGE_LOOP('',(#5094,#5095,#5096));
#5094 = ORIENTED_EDGE('',*,*,#5048,.F.);
#5095 = ORIENTED_EDGE('',*,*,#1910,.T.);
#5096 = ORIENTED_EDGE('',*,*,#5097,.T.);
#5097 = EDGE_CURVE('',#1903,#5041,#5098,.T.);
#5098 = LINE('',#5099,#5100);
#5099 = CARTESIAN_POINT('',(33.1,1.,-1.E-02));
#5100 = VECTOR('',#5101,1.);
#5101 = DIRECTION('',(0.,0.,1.));
#5102 = PLANE('',#5103);
#5103 = AXIS2_PLACEMENT_3D('',#5104,#5105,#5106);
#5104 = CARTESIAN_POINT('',(33.1,1.,-1.E-02));
#5105 = DIRECTION('',(0.,1.,0.));
#5106 = DIRECTION('',(0.,0.,1.));
#5107 = ADVANCED_FACE('',(#5108),#5113,.T.);
#5108 = FACE_BOUND('',#5109,.T.);
#5109 = EDGE_LOOP('',(#5110,#5111,#5112));
#5110 = ORIENTED_EDGE('',*,*,#5097,.F.);
#5111 = ORIENTED_EDGE('',*,*,#1902,.T.);
#5112 = ORIENTED_EDGE('',*,*,#5080,.F.);
#5113 = PLANE('',#5114);
#5114 = AXIS2_PLACEMENT_3D('',#5115,#5116,#5117);
#5115 = CARTESIAN_POINT('',(33.1,1.,-1.E-02));
#5116 = DIRECTION('',(1.,0.,0.));
#5117 = DIRECTION('',(0.,0.,1.));
#5118 = ADVANCED_FACE('',(#5119),#5138,.T.);
#5119 = FACE_BOUND('',#5120,.T.);
#5120 = EDGE_LOOP('',(#5121,#5129,#5136,#5137));
#5121 = ORIENTED_EDGE('',*,*,#5122,.T.);
#5122 = EDGE_CURVE('',#1943,#5123,#5125,.T.);
#5123 = VERTEX_POINT('',#5124);
#5124 = CARTESIAN_POINT('',(-16.85,17.5,0.4));
#5125 = LINE('',#5126,#5127);
#5126 = CARTESIAN_POINT('',(-16.85,17.5,-1.E-02));
#5127 = VECTOR('',#5128,1.);
#5128 = DIRECTION('',(0.,0.,1.));
#5129 = ORIENTED_EDGE('',*,*,#5130,.F.);
#5130 = EDGE_CURVE('',#5123,#5123,#5131,.T.);
#5131 = CIRCLE('',#5132,5.65);
#5132 = AXIS2_PLACEMENT_3D('',#5133,#5134,#5135);
#5133 = CARTESIAN_POINT('',(-22.5,17.5,0.4));
#5134 = DIRECTION('',(0.,0.,1.));
#5135 = DIRECTION('',(1.,0.,0.));
#5136 = ORIENTED_EDGE('',*,*,#5122,.F.);
#5137 = ORIENTED_EDGE('',*,*,#1942,.T.);
#5138 = CYLINDRICAL_SURFACE('',#5139,5.65);
#5139 = AXIS2_PLACEMENT_3D('',#5140,#5141,#5142);
#5140 = CARTESIAN_POINT('',(-22.5,17.5,-1.E-02));
#5141 = DIRECTION('',(0.,0.,1.));
#5142 = DIRECTION('',(1.,0.,0.));
#5143 = ADVANCED_FACE('',(#5144),#5171,.F.);
#5144 = FACE_BOUND('',#5145,.F.);
#5145 = EDGE_LOOP('',(#5146,#5156,#5163,#5164));
#5146 = ORIENTED_EDGE('',*,*,#5147,.F.);
#5147 = EDGE_CURVE('',#5148,#5150,#5152,.T.);
#5148 = VERTEX_POINT('',#5149);
#5149 = CARTESIAN_POINT('',(-13.53,7.,1.5));
#5150 = VERTEX_POINT('',#5151);
#5151 = CARTESIAN_POINT('',(-13.53,10.,1.5));
#5152 = LINE('',#5153,#5154);
#5153 = CARTESIAN_POINT('',(-13.53,7.,1.5));
#5154 = VECTOR('',#5155,1.);
#5155 = DIRECTION('',(0.,1.,0.));
#5156 = ORIENTED_EDGE('',*,*,#5157,.T.);
#5157 = EDGE_CURVE('',#5148,#1956,#5158,.T.);
#5158 = CIRCLE('',#5159,1.5);
#5159 = AXIS2_PLACEMENT_3D('',#5160,#5161,#5162);
#5160 = CARTESIAN_POINT('',(-15.03,7.,1.5));
#5161 = DIRECTION('',(0.,1.,0.));
#5162 = DIRECTION('',(0.,0.,1.));
#5163 = ORIENTED_EDGE('',*,*,#1963,.T.);
#5164 = ORIENTED_EDGE('',*,*,#5165,.F.);
#5165 = EDGE_CURVE('',#5150,#1964,#5166,.T.);
#5166 = CIRCLE('',#5167,1.5);
#5167 = AXIS2_PLACEMENT_3D('',#5168,#5169,#5170);
#5168 = CARTESIAN_POINT('',(-15.03,10.,1.5));
#5169 = DIRECTION('',(0.,1.,0.));
#5170 = DIRECTION('',(0.,0.,1.));
#5171 = CYLINDRICAL_SURFACE('',#5172,1.5);
#5172 = AXIS2_PLACEMENT_3D('',#5173,#5174,#5175);
#5173 = CARTESIAN_POINT('',(-15.03,6.,1.5));
#5174 = DIRECTION('',(0.,1.,0.));
#5175 = DIRECTION('',(0.,0.,1.));
#5176 = ADVANCED_FACE('',(#5177),#5196,.T.);
#5177 = FACE_BOUND('',#5178,.T.);
#5178 = EDGE_LOOP('',(#5179,#5187,#5194,#5195));
#5179 = ORIENTED_EDGE('',*,*,#5180,.T.);
#5180 = EDGE_CURVE('',#1988,#5181,#5183,.T.);
#5181 = VERTEX_POINT('',#5182);
#5182 = CARTESIAN_POINT('',(-6.35,12.7,1.));
#5183 = LINE('',#5184,#5185);
#5184 = CARTESIAN_POINT('',(-6.35,12.7,-1.E-02));
#5185 = VECTOR('',#5186,1.);
#5186 = DIRECTION('',(0.,0.,1.));
#5187 = ORIENTED_EDGE('',*,*,#5188,.F.);
#5188 = EDGE_CURVE('',#5181,#5181,#5189,.T.);
#5189 = CIRCLE('',#5190,2.54);
#5190 = AXIS2_PLACEMENT_3D('',#5191,#5192,#5193);
#5191 = CARTESIAN_POINT('',(-8.89,12.7,1.));
#5192 = DIRECTION('',(0.,0.,1.));
#5193 = DIRECTION('',(1.,0.,0.));
#5194 = ORIENTED_EDGE('',*,*,#5180,.F.);
#5195 = ORIENTED_EDGE('',*,*,#1987,.T.);
#5196 = CYLINDRICAL_SURFACE('',#5197,2.54);
#5197 = AXIS2_PLACEMENT_3D('',#5198,#5199,#5200);
#5198 = CARTESIAN_POINT('',(-8.89,12.7,-1.E-02));
#5199 = DIRECTION('',(0.,0.,1.));
#5200 = DIRECTION('',(1.,0.,0.));
#5201 = ADVANCED_FACE('',(#5202),#5220,.F.);
#5202 = FACE_BOUND('',#5203,.F.);
#5203 = EDGE_LOOP('',(#5204,#5212,#5213));
#5204 = ORIENTED_EDGE('',*,*,#5205,.F.);
#5205 = EDGE_CURVE('',#1999,#5206,#5208,.T.);
#5206 = VERTEX_POINT('',#5207);
#5207 = CARTESIAN_POINT('',(-33.1,19.,0.8));
#5208 = LINE('',#5209,#5210);
#5209 = CARTESIAN_POINT('',(-33.1,19.,-1.E-02));
#5210 = VECTOR('',#5211,1.);
#5211 = DIRECTION('',(0.,0.,1.));
#5212 = ORIENTED_EDGE('',*,*,#1998,.T.);
#5213 = ORIENTED_EDGE('',*,*,#5214,.F.);
#5214 = EDGE_CURVE('',#5206,#2001,#5215,.T.);
#5215 = CIRCLE('',#5216,0.8);
#5216 = AXIS2_PLACEMENT_3D('',#5217,#5218,#5219);
#5217 = CARTESIAN_POINT('',(-33.9,19.,0.8));
#5218 = DIRECTION('',(0.,1.,0.));
#5219 = DIRECTION('',(0.,0.,1.));
#5220 = PLANE('',#5221);
#5221 = AXIS2_PLACEMENT_3D('',#5222,#5223,#5224);
#5222 = CARTESIAN_POINT('',(-33.9,19.,-1.E-02));
#5223 = DIRECTION('',(0.,1.,0.));
#5224 = DIRECTION('',(0.,0.,1.));
#5225 = ADVANCED_FACE('',(#5226),#5237,.F.);
#5226 = FACE_BOUND('',#5227,.F.);
#5227 = EDGE_LOOP('',(#5228,#5235,#5236));
#5228 = ORIENTED_EDGE('',*,*,#5229,.F.);
#5229 = EDGE_CURVE('',#2049,#5206,#5230,.T.);
#5230 = CIRCLE('',#5231,0.8);
#5231 = AXIS2_PLACEMENT_3D('',#5232,#5233,#5234);
#5232 = CARTESIAN_POINT('',(-33.1,18.2,0.8));
#5233 = DIRECTION('',(1.,0.,-0.));
#5234 = DIRECTION('',(0.,0.,1.));
#5235 = ORIENTED_EDGE('',*,*,#2056,.T.);
#5236 = ORIENTED_EDGE('',*,*,#5205,.T.);
#5237 = PLANE('',#5238);
#5238 = AXIS2_PLACEMENT_3D('',#5239,#5240,#5241);
#5239 = CARTESIAN_POINT('',(-33.1,18.2,-1.E-02));
#5240 = DIRECTION('',(1.,0.,0.));
#5241 = DIRECTION('',(0.,0.,1.));
#5242 = ADVANCED_FACE('',(#5243),#5262,.F.);
#5243 = FACE_BOUND('',#5244,.F.);
#5244 = EDGE_LOOP('',(#5245,#5253,#5254,#5255));
#5245 = ORIENTED_EDGE('',*,*,#5246,.F.);
#5246 = EDGE_CURVE('',#5206,#5247,#5249,.T.);
#5247 = VERTEX_POINT('',#5248);
#5248 = CARTESIAN_POINT('',(-33.1,21.,0.8));
#5249 = LINE('',#5250,#5251);
#5250 = CARTESIAN_POINT('',(-33.1,19.,0.8));
#5251 = VECTOR('',#5252,1.);
#5252 = DIRECTION('',(0.,1.,0.));
#5253 = ORIENTED_EDGE('',*,*,#5214,.T.);
#5254 = ORIENTED_EDGE('',*,*,#2008,.T.);
#5255 = ORIENTED_EDGE('',*,*,#5256,.F.);
#5256 = EDGE_CURVE('',#5247,#2009,#5257,.T.);
#5257 = CIRCLE('',#5258,0.8);
#5258 = AXIS2_PLACEMENT_3D('',#5259,#5260,#5261);
#5259 = CARTESIAN_POINT('',(-33.9,21.,0.8));
#5260 = DIRECTION('',(0.,1.,0.));
#5261 = DIRECTION('',(0.,0.,1.));
#5262 = CYLINDRICAL_SURFACE('',#5263,0.8);
#5263 = AXIS2_PLACEMENT_3D('',#5264,#5265,#5266);
#5264 = CARTESIAN_POINT('',(-33.9,18.,0.8));
#5265 = DIRECTION('',(0.,1.,0.));
#5266 = DIRECTION('',(0.,0.,1.));
#5267 = ADVANCED_FACE('',(#5268),#5287,.F.);
#5268 = FACE_BOUND('',#5269,.F.);
#5269 = EDGE_LOOP('',(#5270,#5271,#5279,#5286));
#5270 = ORIENTED_EDGE('',*,*,#5229,.T.);
#5271 = ORIENTED_EDGE('',*,*,#5272,.T.);
#5272 = EDGE_CURVE('',#5206,#5273,#5275,.T.);
#5273 = VERTEX_POINT('',#5274);
#5274 = CARTESIAN_POINT('',(-32.1,19.,0.8));
#5275 = LINE('',#5276,#5277);
#5276 = CARTESIAN_POINT('',(-33.1,19.,0.8));
#5277 = VECTOR('',#5278,1.);
#5278 = DIRECTION('',(1.,0.,0.));
#5279 = ORIENTED_EDGE('',*,*,#5280,.F.);
#5280 = EDGE_CURVE('',#2041,#5273,#5281,.T.);
#5281 = CIRCLE('',#5282,0.8);
#5282 = AXIS2_PLACEMENT_3D('',#5283,#5284,#5285);
#5283 = CARTESIAN_POINT('',(-32.1,18.2,0.8));
#5284 = DIRECTION('',(1.,0.,-0.));
#5285 = DIRECTION('',(0.,0.,1.));
#5286 = ORIENTED_EDGE('',*,*,#2048,.F.);
#5287 = CYLINDRICAL_SURFACE('',#5288,0.8);
#5288 = AXIS2_PLACEMENT_3D('',#5289,#5290,#5291);
#5289 = CARTESIAN_POINT('',(-34.1,18.2,0.8));
#5290 = DIRECTION('',(1.,0.,0.));
#5291 = DIRECTION('',(0.,0.,1.));
#5292 = ADVANCED_FACE('',(#5293),#5303,.T.);
#5293 = FACE_BOUND('',#5294,.T.);
#5294 = EDGE_LOOP('',(#5295,#5301,#5302));
#5295 = ORIENTED_EDGE('',*,*,#5296,.F.);
#5296 = EDGE_CURVE('',#2017,#5247,#5297,.T.);
#5297 = LINE('',#5298,#5299);
#5298 = CARTESIAN_POINT('',(-33.1,21.,-1.E-02));
#5299 = VECTOR('',#5300,1.);
#5300 = DIRECTION('',(0.,0.,1.));
#5301 = ORIENTED_EDGE('',*,*,#2016,.T.);
#5302 = ORIENTED_EDGE('',*,*,#5256,.F.);
#5303 = PLANE('',#5304);
#5304 = AXIS2_PLACEMENT_3D('',#5305,#5306,#5307);
#5305 = CARTESIAN_POINT('',(-33.9,21.,-1.E-02));
#5306 = DIRECTION('',(0.,1.,0.));
#5307 = DIRECTION('',(0.,0.,1.));
#5308 = ADVANCED_FACE('',(#5309),#5320,.F.);
#5309 = FACE_BOUND('',#5310,.F.);
#5310 = EDGE_LOOP('',(#5311,#5312,#5313));
#5311 = ORIENTED_EDGE('',*,*,#5296,.F.);
#5312 = ORIENTED_EDGE('',*,*,#2024,.T.);
#5313 = ORIENTED_EDGE('',*,*,#5314,.F.);
#5314 = EDGE_CURVE('',#5247,#2025,#5315,.T.);
#5315 = CIRCLE('',#5316,0.8);
#5316 = AXIS2_PLACEMENT_3D('',#5317,#5318,#5319);
#5317 = CARTESIAN_POINT('',(-33.1,21.8,0.8));
#5318 = DIRECTION('',(1.,0.,-0.));
#5319 = DIRECTION('',(0.,0.,1.));
#5320 = PLANE('',#5321);
#5321 = AXIS2_PLACEMENT_3D('',#5322,#5323,#5324);
#5322 = CARTESIAN_POINT('',(-33.1,21.,-1.E-02));
#5323 = DIRECTION('',(1.,0.,0.));
#5324 = DIRECTION('',(0.,0.,1.));
#5325 = ADVANCED_FACE('',(#5326),#5345,.F.);
#5326 = FACE_BOUND('',#5327,.F.);
#5327 = EDGE_LOOP('',(#5328,#5336,#5337,#5338));
#5328 = ORIENTED_EDGE('',*,*,#5329,.F.);
#5329 = EDGE_CURVE('',#5247,#5330,#5332,.T.);
#5330 = VERTEX_POINT('',#5331);
#5331 = CARTESIAN_POINT('',(-32.1,21.,0.8));
#5332 = LINE('',#5333,#5334);
#5333 = CARTESIAN_POINT('',(-33.1,21.,0.8));
#5334 = VECTOR('',#5335,1.);
#5335 = DIRECTION('',(1.,0.,0.));
#5336 = ORIENTED_EDGE('',*,*,#5314,.T.);
#5337 = ORIENTED_EDGE('',*,*,#2032,.T.);
#5338 = ORIENTED_EDGE('',*,*,#5339,.F.);
#5339 = EDGE_CURVE('',#5330,#2033,#5340,.T.);
#5340 = CIRCLE('',#5341,0.8);
#5341 = AXIS2_PLACEMENT_3D('',#5342,#5343,#5344);
#5342 = CARTESIAN_POINT('',(-32.1,21.8,0.8));
#5343 = DIRECTION('',(1.,0.,-0.));
#5344 = DIRECTION('',(0.,0.,1.));
#5345 = CYLINDRICAL_SURFACE('',#5346,0.8);
#5346 = AXIS2_PLACEMENT_3D('',#5347,#5348,#5349);
#5347 = CARTESIAN_POINT('',(-34.1,21.8,0.8));
#5348 = DIRECTION('',(1.,0.,0.));
#5349 = DIRECTION('',(0.,0.,1.));
#5350 = ADVANCED_FACE('',(#5351),#5378,.F.);
#5351 = FACE_BOUND('',#5352,.F.);
#5352 = EDGE_LOOP('',(#5353,#5362,#5370,#5377));
#5353 = ORIENTED_EDGE('',*,*,#5354,.T.);
#5354 = EDGE_CURVE('',#2065,#5355,#5357,.T.);
#5355 = VERTEX_POINT('',#5356);
#5356 = CARTESIAN_POINT('',(-29.9,19.,0.8));
#5357 = CIRCLE('',#5358,0.8);
#5358 = AXIS2_PLACEMENT_3D('',#5359,#5360,#5361);
#5359 = CARTESIAN_POINT('',(-29.9,18.2,0.8));
#5360 = DIRECTION('',(1.,0.,-0.));
#5361 = DIRECTION('',(0.,0.,1.));
#5362 = ORIENTED_EDGE('',*,*,#5363,.T.);
#5363 = EDGE_CURVE('',#5355,#5364,#5366,.T.);
#5364 = VERTEX_POINT('',#5365);
#5365 = CARTESIAN_POINT('',(-28.9,19.,0.8));
#5366 = LINE('',#5367,#5368);
#5367 = CARTESIAN_POINT('',(-29.9,19.,0.8));
#5368 = VECTOR('',#5369,1.);
#5369 = DIRECTION('',(1.,0.,0.));
#5370 = ORIENTED_EDGE('',*,*,#5371,.F.);
#5371 = EDGE_CURVE('',#2067,#5364,#5372,.T.);
#5372 = CIRCLE('',#5373,0.8);
#5373 = AXIS2_PLACEMENT_3D('',#5374,#5375,#5376);
#5374 = CARTESIAN_POINT('',(-28.9,18.2,0.8));
#5375 = DIRECTION('',(1.,0.,-0.));
#5376 = DIRECTION('',(0.,0.,1.));
#5377 = ORIENTED_EDGE('',*,*,#2064,.F.);
#5378 = CYLINDRICAL_SURFACE('',#5379,0.8);
#5379 = AXIS2_PLACEMENT_3D('',#5380,#5381,#5382);
#5380 = CARTESIAN_POINT('',(-30.9,18.2,0.8));
#5381 = DIRECTION('',(1.,0.,0.));
#5382 = DIRECTION('',(0.,0.,1.));
#5383 = ADVANCED_FACE('',(#5384),#5394,.T.);
#5384 = FACE_BOUND('',#5385,.T.);
#5385 = EDGE_LOOP('',(#5386,#5387,#5388));
#5386 = ORIENTED_EDGE('',*,*,#5371,.F.);
#5387 = ORIENTED_EDGE('',*,*,#2122,.T.);
#5388 = ORIENTED_EDGE('',*,*,#5389,.T.);
#5389 = EDGE_CURVE('',#2115,#5364,#5390,.T.);
#5390 = LINE('',#5391,#5392);
#5391 = CARTESIAN_POINT('',(-28.9,19.,-1.E-02));
#5392 = VECTOR('',#5393,1.);
#5393 = DIRECTION('',(0.,0.,1.));
#5394 = PLANE('',#5395);
#5395 = AXIS2_PLACEMENT_3D('',#5396,#5397,#5398);
#5396 = CARTESIAN_POINT('',(-28.9,18.2,-1.E-02));
#5397 = DIRECTION('',(1.,0.,0.));
#5398 = DIRECTION('',(0.,0.,1.));
#5399 = ADVANCED_FACE('',(#5400),#5411,.F.);
#5400 = FACE_BOUND('',#5401,.F.);
#5401 = EDGE_LOOP('',(#5402,#5409,#5410));
#5402 = ORIENTED_EDGE('',*,*,#5403,.F.);
#5403 = EDGE_CURVE('',#2107,#5364,#5404,.T.);
#5404 = CIRCLE('',#5405,0.8);
#5405 = AXIS2_PLACEMENT_3D('',#5406,#5407,#5408);
#5406 = CARTESIAN_POINT('',(-28.1,19.,0.8));
#5407 = DIRECTION('',(0.,1.,0.));
#5408 = DIRECTION('',(0.,0.,1.));
#5409 = ORIENTED_EDGE('',*,*,#2114,.T.);
#5410 = ORIENTED_EDGE('',*,*,#5389,.T.);
#5411 = PLANE('',#5412);
#5412 = AXIS2_PLACEMENT_3D('',#5413,#5414,#5415);
#5413 = CARTESIAN_POINT('',(-28.9,19.,-1.E-02));
#5414 = DIRECTION('',(0.,1.,0.));
#5415 = DIRECTION('',(0.,0.,1.));
#5416 = ADVANCED_FACE('',(#5417),#5436,.F.);
#5417 = FACE_BOUND('',#5418,.F.);
#5418 = EDGE_LOOP('',(#5419,#5420,#5428,#5435));
#5419 = ORIENTED_EDGE('',*,*,#5403,.T.);
#5420 = ORIENTED_EDGE('',*,*,#5421,.T.);
#5421 = EDGE_CURVE('',#5364,#5422,#5424,.T.);
#5422 = VERTEX_POINT('',#5423);
#5423 = CARTESIAN_POINT('',(-28.9,21.,0.8));
#5424 = LINE('',#5425,#5426);
#5425 = CARTESIAN_POINT('',(-28.9,19.,0.8));
#5426 = VECTOR('',#5427,1.);
#5427 = DIRECTION('',(0.,1.,0.));
#5428 = ORIENTED_EDGE('',*,*,#5429,.F.);
#5429 = EDGE_CURVE('',#2099,#5422,#5430,.T.);
#5430 = CIRCLE('',#5431,0.8);
#5431 = AXIS2_PLACEMENT_3D('',#5432,#5433,#5434);
#5432 = CARTESIAN_POINT('',(-28.1,21.,0.8));
#5433 = DIRECTION('',(0.,1.,0.));
#5434 = DIRECTION('',(0.,0.,1.));
#5435 = ORIENTED_EDGE('',*,*,#2106,.F.);
#5436 = CYLINDRICAL_SURFACE('',#5437,0.8);
#5437 = AXIS2_PLACEMENT_3D('',#5438,#5439,#5440);
#5438 = CARTESIAN_POINT('',(-28.1,18.,0.8));
#5439 = DIRECTION('',(0.,1.,0.));
#5440 = DIRECTION('',(0.,0.,1.));
#5441 = ADVANCED_FACE('',(#5442),#5467,.F.);
#5442 = FACE_BOUND('',#5443,.F.);
#5443 = EDGE_LOOP('',(#5444,#5452,#5459,#5460));
#5444 = ORIENTED_EDGE('',*,*,#5445,.F.);
#5445 = EDGE_CURVE('',#5446,#5422,#5448,.T.);
#5446 = VERTEX_POINT('',#5447);
#5447 = CARTESIAN_POINT('',(-29.9,21.,0.8));
#5448 = LINE('',#5449,#5450);
#5449 = CARTESIAN_POINT('',(-29.9,21.,0.8));
#5450 = VECTOR('',#5451,1.);
#5451 = DIRECTION('',(1.,0.,0.));
#5452 = ORIENTED_EDGE('',*,*,#5453,.T.);
#5453 = EDGE_CURVE('',#5446,#2075,#5454,.T.);
#5454 = CIRCLE('',#5455,0.8);
#5455 = AXIS2_PLACEMENT_3D('',#5456,#5457,#5458);
#5456 = CARTESIAN_POINT('',(-29.9,21.8,0.8));
#5457 = DIRECTION('',(1.,0.,-0.));
#5458 = DIRECTION('',(0.,0.,1.));
#5459 = ORIENTED_EDGE('',*,*,#2082,.T.);
#5460 = ORIENTED_EDGE('',*,*,#5461,.F.);
#5461 = EDGE_CURVE('',#5422,#2083,#5462,.T.);
#5462 = CIRCLE('',#5463,0.8);
#5463 = AXIS2_PLACEMENT_3D('',#5464,#5465,#5466);
#5464 = CARTESIAN_POINT('',(-28.9,21.8,0.8));
#5465 = DIRECTION('',(1.,0.,-0.));
#5466 = DIRECTION('',(0.,0.,1.));
#5467 = CYLINDRICAL_SURFACE('',#5468,0.8);
#5468 = AXIS2_PLACEMENT_3D('',#5469,#5470,#5471);
#5469 = CARTESIAN_POINT('',(-30.9,21.8,0.8));
#5470 = DIRECTION('',(1.,0.,0.));
#5471 = DIRECTION('',(0.,0.,1.));
#5472 = ADVANCED_FACE('',(#5473),#5483,.T.);
#5473 = FACE_BOUND('',#5474,.T.);
#5474 = EDGE_LOOP('',(#5475,#5476,#5477));
#5475 = ORIENTED_EDGE('',*,*,#5429,.F.);
#5476 = ORIENTED_EDGE('',*,*,#2098,.T.);
#5477 = ORIENTED_EDGE('',*,*,#5478,.T.);
#5478 = EDGE_CURVE('',#2091,#5422,#5479,.T.);
#5479 = LINE('',#5480,#5481);
#5480 = CARTESIAN_POINT('',(-28.9,21.,-1.E-02));
#5481 = VECTOR('',#5482,1.);
#5482 = DIRECTION('',(0.,0.,1.));
#5483 = PLANE('',#5484);
#5484 = AXIS2_PLACEMENT_3D('',#5485,#5486,#5487);
#5485 = CARTESIAN_POINT('',(-28.9,21.,-1.E-02));
#5486 = DIRECTION('',(0.,1.,0.));
#5487 = DIRECTION('',(0.,0.,1.));
#5488 = ADVANCED_FACE('',(#5489),#5494,.T.);
#5489 = FACE_BOUND('',#5490,.T.);
#5490 = EDGE_LOOP('',(#5491,#5492,#5493));
#5491 = ORIENTED_EDGE('',*,*,#5478,.F.);
#5492 = ORIENTED_EDGE('',*,*,#2090,.T.);
#5493 = ORIENTED_EDGE('',*,*,#5461,.F.);
#5494 = PLANE('',#5495);
#5495 = AXIS2_PLACEMENT_3D('',#5496,#5497,#5498);
#5496 = CARTESIAN_POINT('',(-28.9,21.,-1.E-02));
#5497 = DIRECTION('',(1.,0.,0.));
#5498 = DIRECTION('',(0.,0.,1.));
#5499 = ADVANCED_FACE('',(#5500),#5518,.F.);
#5500 = FACE_BOUND('',#5501,.F.);
#5501 = EDGE_LOOP('',(#5502,#5510,#5511));
#5502 = ORIENTED_EDGE('',*,*,#5503,.F.);
#5503 = EDGE_CURVE('',#2131,#5504,#5506,.T.);
#5504 = VERTEX_POINT('',#5505);
#5505 = CARTESIAN_POINT('',(-11.,30.9,0.8));
#5506 = LINE('',#5507,#5508);
#5507 = CARTESIAN_POINT('',(-11.,30.9,-1.E-02));
#5508 = VECTOR('',#5509,1.);
#5509 = DIRECTION('',(0.,0.,1.));
#5510 = ORIENTED_EDGE('',*,*,#2130,.T.);
#5511 = ORIENTED_EDGE('',*,*,#5512,.F.);
#5512 = EDGE_CURVE('',#5504,#2133,#5513,.T.);
#5513 = CIRCLE('',#5514,0.8);
#5514 = AXIS2_PLACEMENT_3D('',#5515,#5516,#5517);
#5515 = CARTESIAN_POINT('',(-11.,30.1,0.8));
#5516 = DIRECTION('',(-1.,1.110223024625E-16,0.));
#5517 = DIRECTION('',(0.,0.,1.));
#5518 = PLANE('',#5519);
#5519 = AXIS2_PLACEMENT_3D('',#5520,#5521,#5522);
#5520 = CARTESIAN_POINT('',(-11.,30.1,-1.E-02));
#5521 = DIRECTION('',(-1.,1.110223024625E-16,0.));
#5522 = DIRECTION('',(0.,0.,1.));
#5523 = ADVANCED_FACE('',(#5524),#5535,.F.);
#5524 = FACE_BOUND('',#5525,.F.);
#5525 = EDGE_LOOP('',(#5526,#5533,#5534));
#5526 = ORIENTED_EDGE('',*,*,#5527,.F.);
#5527 = EDGE_CURVE('',#2181,#5504,#5528,.T.);
#5528 = CIRCLE('',#5529,0.8);
#5529 = AXIS2_PLACEMENT_3D('',#5530,#5531,#5532);
#5530 = CARTESIAN_POINT('',(-10.2,30.9,0.8));
#5531 = DIRECTION('',(1.110223024625E-16,1.,-0.));
#5532 = DIRECTION('',(0.,0.,1.));
#5533 = ORIENTED_EDGE('',*,*,#2188,.T.);
#5534 = ORIENTED_EDGE('',*,*,#5503,.T.);
#5535 = PLANE('',#5536);
#5536 = AXIS2_PLACEMENT_3D('',#5537,#5538,#5539);
#5537 = CARTESIAN_POINT('',(-10.2,30.9,-1.E-02));
#5538 = DIRECTION('',(1.110223024625E-16,1.,0.));
#5539 = DIRECTION('',(0.,0.,1.));
#5540 = ADVANCED_FACE('',(#5541),#5560,.F.);
#5541 = FACE_BOUND('',#5542,.F.);
#5542 = EDGE_LOOP('',(#5543,#5551,#5552,#5553));
#5543 = ORIENTED_EDGE('',*,*,#5544,.F.);
#5544 = EDGE_CURVE('',#5504,#5545,#5547,.T.);
#5545 = VERTEX_POINT('',#5546);
#5546 = CARTESIAN_POINT('',(-13.,30.9,0.8));
#5547 = LINE('',#5548,#5549);
#5548 = CARTESIAN_POINT('',(-11.,30.9,0.8));
#5549 = VECTOR('',#5550,1.);
#5550 = DIRECTION('',(-1.,1.110223024625E-16,0.));
#5551 = ORIENTED_EDGE('',*,*,#5512,.T.);
#5552 = ORIENTED_EDGE('',*,*,#2140,.T.);
#5553 = ORIENTED_EDGE('',*,*,#5554,.F.);
#5554 = EDGE_CURVE('',#5545,#2141,#5555,.T.);
#5555 = CIRCLE('',#5556,0.8);
#5556 = AXIS2_PLACEMENT_3D('',#5557,#5558,#5559);
#5557 = CARTESIAN_POINT('',(-13.,30.1,0.8));
#5558 = DIRECTION('',(-1.,1.110223024625E-16,0.));
#5559 = DIRECTION('',(0.,0.,1.));
#5560 = CYLINDRICAL_SURFACE('',#5561,0.8);
#5561 = AXIS2_PLACEMENT_3D('',#5562,#5563,#5564);
#5562 = CARTESIAN_POINT('',(-10.,30.1,0.8));
#5563 = DIRECTION('',(-1.,1.110223024625E-16,0.));
#5564 = DIRECTION('',(0.,0.,1.));
#5565 = ADVANCED_FACE('',(#5566),#5585,.F.);
#5566 = FACE_BOUND('',#5567,.F.);
#5567 = EDGE_LOOP('',(#5568,#5569,#5577,#5584));
#5568 = ORIENTED_EDGE('',*,*,#5527,.T.);
#5569 = ORIENTED_EDGE('',*,*,#5570,.T.);
#5570 = EDGE_CURVE('',#5504,#5571,#5573,.T.);
#5571 = VERTEX_POINT('',#5572);
#5572 = CARTESIAN_POINT('',(-11.,31.9,0.8));
#5573 = LINE('',#5574,#5575);
#5574 = CARTESIAN_POINT('',(-11.,30.9,0.8));
#5575 = VECTOR('',#5576,1.);
#5576 = DIRECTION('',(1.110223024625E-16,1.,0.));
#5577 = ORIENTED_EDGE('',*,*,#5578,.F.);
#5578 = EDGE_CURVE('',#2173,#5571,#5579,.T.);
#5579 = CIRCLE('',#5580,0.8);
#5580 = AXIS2_PLACEMENT_3D('',#5581,#5582,#5583);
#5581 = CARTESIAN_POINT('',(-10.2,31.9,0.8));
#5582 = DIRECTION('',(1.110223024625E-16,1.,-0.));
#5583 = DIRECTION('',(0.,0.,1.));
#5584 = ORIENTED_EDGE('',*,*,#2180,.F.);
#5585 = CYLINDRICAL_SURFACE('',#5586,0.8);
#5586 = AXIS2_PLACEMENT_3D('',#5587,#5588,#5589);
#5587 = CARTESIAN_POINT('',(-10.2,29.9,0.8));
#5588 = DIRECTION('',(1.110223024625E-16,1.,0.));
#5589 = DIRECTION('',(0.,0.,1.));
#5590 = ADVANCED_FACE('',(#5591),#5601,.T.);
#5591 = FACE_BOUND('',#5592,.T.);
#5592 = EDGE_LOOP('',(#5593,#5599,#5600));
#5593 = ORIENTED_EDGE('',*,*,#5594,.F.);
#5594 = EDGE_CURVE('',#2149,#5545,#5595,.T.);
#5595 = LINE('',#5596,#5597);
#5596 = CARTESIAN_POINT('',(-13.,30.9,-1.E-02));
#5597 = VECTOR('',#5598,1.);
#5598 = DIRECTION('',(0.,0.,1.));
#5599 = ORIENTED_EDGE('',*,*,#2148,.T.);
#5600 = ORIENTED_EDGE('',*,*,#5554,.F.);
#5601 = PLANE('',#5602);
#5602 = AXIS2_PLACEMENT_3D('',#5603,#5604,#5605);
#5603 = CARTESIAN_POINT('',(-13.,30.1,-1.E-02));
#5604 = DIRECTION('',(-1.,1.110223024625E-16,0.));
#5605 = DIRECTION('',(0.,0.,1.));
#5606 = ADVANCED_FACE('',(#5607),#5618,.F.);
#5607 = FACE_BOUND('',#5608,.F.);
#5608 = EDGE_LOOP('',(#5609,#5610,#5611));
#5609 = ORIENTED_EDGE('',*,*,#5594,.F.);
#5610 = ORIENTED_EDGE('',*,*,#2156,.T.);
#5611 = ORIENTED_EDGE('',*,*,#5612,.F.);
#5612 = EDGE_CURVE('',#5545,#2157,#5613,.T.);
#5613 = CIRCLE('',#5614,0.8);
#5614 = AXIS2_PLACEMENT_3D('',#5615,#5616,#5617);
#5615 = CARTESIAN_POINT('',(-13.8,30.9,0.8));
#5616 = DIRECTION('',(1.110223024625E-16,1.,-0.));
#5617 = DIRECTION('',(0.,0.,1.));
#5618 = PLANE('',#5619);
#5619 = AXIS2_PLACEMENT_3D('',#5620,#5621,#5622);
#5620 = CARTESIAN_POINT('',(-13.,30.9,-1.E-02));
#5621 = DIRECTION('',(1.110223024625E-16,1.,0.));
#5622 = DIRECTION('',(0.,0.,1.));
#5623 = ADVANCED_FACE('',(#5624),#5643,.F.);
#5624 = FACE_BOUND('',#5625,.F.);
#5625 = EDGE_LOOP('',(#5626,#5634,#5635,#5636));
#5626 = ORIENTED_EDGE('',*,*,#5627,.F.);
#5627 = EDGE_CURVE('',#5545,#5628,#5630,.T.);
#5628 = VERTEX_POINT('',#5629);
#5629 = CARTESIAN_POINT('',(-13.,31.9,0.8));
#5630 = LINE('',#5631,#5632);
#5631 = CARTESIAN_POINT('',(-13.,30.9,0.8));
#5632 = VECTOR('',#5633,1.);
#5633 = DIRECTION('',(1.110223024625E-16,1.,0.));
#5634 = ORIENTED_EDGE('',*,*,#5612,.T.);
#5635 = ORIENTED_EDGE('',*,*,#2164,.T.);
#5636 = ORIENTED_EDGE('',*,*,#5637,.F.);
#5637 = EDGE_CURVE('',#5628,#2165,#5638,.T.);
#5638 = CIRCLE('',#5639,0.8);
#5639 = AXIS2_PLACEMENT_3D('',#5640,#5641,#5642);
#5640 = CARTESIAN_POINT('',(-13.8,31.9,0.8));
#5641 = DIRECTION('',(1.110223024625E-16,1.,-0.));
#5642 = DIRECTION('',(0.,0.,1.));
#5643 = CYLINDRICAL_SURFACE('',#5644,0.8);
#5644 = AXIS2_PLACEMENT_3D('',#5645,#5646,#5647);
#5645 = CARTESIAN_POINT('',(-13.8,29.9,0.8));
#5646 = DIRECTION('',(1.110223024625E-16,1.,0.));
#5647 = DIRECTION('',(0.,0.,1.));
#5648 = ADVANCED_FACE('',(#5649),#5676,.F.);
#5649 = FACE_BOUND('',#5650,.F.);
#5650 = EDGE_LOOP('',(#5651,#5660,#5668,#5675));
#5651 = ORIENTED_EDGE('',*,*,#5652,.T.);
#5652 = EDGE_CURVE('',#2197,#5653,#5655,.T.);
#5653 = VERTEX_POINT('',#5654);
#5654 = CARTESIAN_POINT('',(-11.,34.1,0.8));
#5655 = CIRCLE('',#5656,0.8);
#5656 = AXIS2_PLACEMENT_3D('',#5657,#5658,#5659);
#5657 = CARTESIAN_POINT('',(-10.2,34.1,0.8));
#5658 = DIRECTION('',(1.110223024625E-16,1.,-0.));
#5659 = DIRECTION('',(0.,0.,1.));
#5660 = ORIENTED_EDGE('',*,*,#5661,.T.);
#5661 = EDGE_CURVE('',#5653,#5662,#5664,.T.);
#5662 = VERTEX_POINT('',#5663);
#5663 = CARTESIAN_POINT('',(-11.,35.1,0.8));
#5664 = LINE('',#5665,#5666);
#5665 = CARTESIAN_POINT('',(-11.,34.1,0.8));
#5666 = VECTOR('',#5667,1.);
#5667 = DIRECTION('',(1.110223024625E-16,1.,0.));
#5668 = ORIENTED_EDGE('',*,*,#5669,.F.);
#5669 = EDGE_CURVE('',#2199,#5662,#5670,.T.);
#5670 = CIRCLE('',#5671,0.8);
#5671 = AXIS2_PLACEMENT_3D('',#5672,#5673,#5674);
#5672 = CARTESIAN_POINT('',(-10.2,35.1,0.8));
#5673 = DIRECTION('',(1.110223024625E-16,1.,-0.));
#5674 = DIRECTION('',(0.,0.,1.));
#5675 = ORIENTED_EDGE('',*,*,#2196,.F.);
#5676 = CYLINDRICAL_SURFACE('',#5677,0.8);
#5677 = AXIS2_PLACEMENT_3D('',#5678,#5679,#5680);
#5678 = CARTESIAN_POINT('',(-10.2,33.1,0.8));
#5679 = DIRECTION('',(1.110223024625E-16,1.,0.));
#5680 = DIRECTION('',(0.,0.,1.));
#5681 = ADVANCED_FACE('',(#5682),#5692,.T.);
#5682 = FACE_BOUND('',#5683,.T.);
#5683 = EDGE_LOOP('',(#5684,#5685,#5686));
#5684 = ORIENTED_EDGE('',*,*,#5669,.F.);
#5685 = ORIENTED_EDGE('',*,*,#2254,.T.);
#5686 = ORIENTED_EDGE('',*,*,#5687,.T.);
#5687 = EDGE_CURVE('',#2247,#5662,#5688,.T.);
#5688 = LINE('',#5689,#5690);
#5689 = CARTESIAN_POINT('',(-11.,35.1,-1.E-02));
#5690 = VECTOR('',#5691,1.);
#5691 = DIRECTION('',(0.,0.,1.));
#5692 = PLANE('',#5693);
#5693 = AXIS2_PLACEMENT_3D('',#5694,#5695,#5696);
#5694 = CARTESIAN_POINT('',(-10.2,35.1,-1.E-02));
#5695 = DIRECTION('',(1.110223024625E-16,1.,0.));
#5696 = DIRECTION('',(0.,0.,1.));
#5697 = ADVANCED_FACE('',(#5698),#5709,.F.);
#5698 = FACE_BOUND('',#5699,.F.);
#5699 = EDGE_LOOP('',(#5700,#5707,#5708));
#5700 = ORIENTED_EDGE('',*,*,#5701,.F.);
#5701 = EDGE_CURVE('',#2239,#5662,#5702,.T.);
#5702 = CIRCLE('',#5703,0.8);
#5703 = AXIS2_PLACEMENT_3D('',#5704,#5705,#5706);
#5704 = CARTESIAN_POINT('',(-11.,35.9,0.8));
#5705 = DIRECTION('',(-1.,1.110223024625E-16,0.));
#5706 = DIRECTION('',(0.,0.,1.));
#5707 = ORIENTED_EDGE('',*,*,#2246,.T.);
#5708 = ORIENTED_EDGE('',*,*,#5687,.T.);
#5709 = PLANE('',#5710);
#5710 = AXIS2_PLACEMENT_3D('',#5711,#5712,#5713);
#5711 = CARTESIAN_POINT('',(-11.,35.1,-1.E-02));
#5712 = DIRECTION('',(-1.,1.110223024625E-16,0.));
#5713 = DIRECTION('',(0.,0.,1.));
#5714 = ADVANCED_FACE('',(#5715),#5734,.F.);
#5715 = FACE_BOUND('',#5716,.F.);
#5716 = EDGE_LOOP('',(#5717,#5718,#5726,#5733));
#5717 = ORIENTED_EDGE('',*,*,#5701,.T.);
#5718 = ORIENTED_EDGE('',*,*,#5719,.T.);
#5719 = EDGE_CURVE('',#5662,#5720,#5722,.T.);
#5720 = VERTEX_POINT('',#5721);
#5721 = CARTESIAN_POINT('',(-13.,35.1,0.8));
#5722 = LINE('',#5723,#5724);
#5723 = CARTESIAN_POINT('',(-11.,35.1,0.8));
#5724 = VECTOR('',#5725,1.);
#5725 = DIRECTION('',(-1.,1.110223024625E-16,0.));
#5726 = ORIENTED_EDGE('',*,*,#5727,.F.);
#5727 = EDGE_CURVE('',#2231,#5720,#5728,.T.);
#5728 = CIRCLE('',#5729,0.8);
#5729 = AXIS2_PLACEMENT_3D('',#5730,#5731,#5732);
#5730 = CARTESIAN_POINT('',(-13.,35.9,0.8));
#5731 = DIRECTION('',(-1.,1.110223024625E-16,0.));
#5732 = DIRECTION('',(0.,0.,1.));
#5733 = ORIENTED_EDGE('',*,*,#2238,.F.);
#5734 = CYLINDRICAL_SURFACE('',#5735,0.8);
#5735 = AXIS2_PLACEMENT_3D('',#5736,#5737,#5738);
#5736 = CARTESIAN_POINT('',(-10.,35.9,0.8));
#5737 = DIRECTION('',(-1.,1.110223024625E-16,0.));
#5738 = DIRECTION('',(0.,0.,1.));
#5739 = ADVANCED_FACE('',(#5740),#5765,.F.);
#5740 = FACE_BOUND('',#5741,.F.);
#5741 = EDGE_LOOP('',(#5742,#5750,#5757,#5758));
#5742 = ORIENTED_EDGE('',*,*,#5743,.F.);
#5743 = EDGE_CURVE('',#5744,#5720,#5746,.T.);
#5744 = VERTEX_POINT('',#5745);
#5745 = CARTESIAN_POINT('',(-13.,34.1,0.8));
#5746 = LINE('',#5747,#5748);
#5747 = CARTESIAN_POINT('',(-13.,34.1,0.8));
#5748 = VECTOR('',#5749,1.);
#5749 = DIRECTION('',(1.110223024625E-16,1.,0.));
#5750 = ORIENTED_EDGE('',*,*,#5751,.T.);
#5751 = EDGE_CURVE('',#5744,#2207,#5752,.T.);
#5752 = CIRCLE('',#5753,0.8);
#5753 = AXIS2_PLACEMENT_3D('',#5754,#5755,#5756);
#5754 = CARTESIAN_POINT('',(-13.8,34.1,0.8));
#5755 = DIRECTION('',(1.110223024625E-16,1.,-0.));
#5756 = DIRECTION('',(0.,0.,1.));
#5757 = ORIENTED_EDGE('',*,*,#2214,.T.);
#5758 = ORIENTED_EDGE('',*,*,#5759,.F.);
#5759 = EDGE_CURVE('',#5720,#2215,#5760,.T.);
#5760 = CIRCLE('',#5761,0.8);
#5761 = AXIS2_PLACEMENT_3D('',#5762,#5763,#5764);
#5762 = CARTESIAN_POINT('',(-13.8,35.1,0.8));
#5763 = DIRECTION('',(1.110223024625E-16,1.,-0.));
#5764 = DIRECTION('',(0.,0.,1.));
#5765 = CYLINDRICAL_SURFACE('',#5766,0.8);
#5766 = AXIS2_PLACEMENT_3D('',#5767,#5768,#5769);
#5767 = CARTESIAN_POINT('',(-13.8,33.1,0.8));
#5768 = DIRECTION('',(1.110223024625E-16,1.,0.));
#5769 = DIRECTION('',(0.,0.,1.));
#5770 = ADVANCED_FACE('',(#5771),#5781,.T.);
#5771 = FACE_BOUND('',#5772,.T.);
#5772 = EDGE_LOOP('',(#5773,#5774,#5775));
#5773 = ORIENTED_EDGE('',*,*,#5727,.F.);
#5774 = ORIENTED_EDGE('',*,*,#2230,.T.);
#5775 = ORIENTED_EDGE('',*,*,#5776,.T.);
#5776 = EDGE_CURVE('',#2223,#5720,#5777,.T.);
#5777 = LINE('',#5778,#5779);
#5778 = CARTESIAN_POINT('',(-13.,35.1,-1.E-02));
#5779 = VECTOR('',#5780,1.);
#5780 = DIRECTION('',(0.,0.,1.));
#5781 = PLANE('',#5782);
#5782 = AXIS2_PLACEMENT_3D('',#5783,#5784,#5785);
#5783 = CARTESIAN_POINT('',(-13.,35.1,-1.E-02));
#5784 = DIRECTION('',(-1.,1.110223024625E-16,0.));
#5785 = DIRECTION('',(0.,0.,1.));
#5786 = ADVANCED_FACE('',(#5787),#5792,.T.);
#5787 = FACE_BOUND('',#5788,.T.);
#5788 = EDGE_LOOP('',(#5789,#5790,#5791));
#5789 = ORIENTED_EDGE('',*,*,#5776,.F.);
#5790 = ORIENTED_EDGE('',*,*,#2222,.T.);
#5791 = ORIENTED_EDGE('',*,*,#5759,.F.);
#5792 = PLANE('',#5793);
#5793 = AXIS2_PLACEMENT_3D('',#5794,#5795,#5796);
#5794 = CARTESIAN_POINT('',(-13.,35.1,-1.E-02));
#5795 = DIRECTION('',(1.110223024625E-16,1.,0.));
#5796 = DIRECTION('',(0.,0.,1.));
#5797 = ADVANCED_FACE('',(#5798),#5816,.F.);
#5798 = FACE_BOUND('',#5799,.F.);
#5799 = EDGE_LOOP('',(#5800,#5808,#5809));
#5800 = ORIENTED_EDGE('',*,*,#5801,.F.);
#5801 = EDGE_CURVE('',#2263,#5802,#5804,.T.);
#5802 = VERTEX_POINT('',#5803);
#5803 = CARTESIAN_POINT('',(1.,30.9,0.8));
#5804 = LINE('',#5805,#5806);
#5805 = CARTESIAN_POINT('',(1.,30.9,-1.E-02));
#5806 = VECTOR('',#5807,1.);
#5807 = DIRECTION('',(0.,0.,1.));
#5808 = ORIENTED_EDGE('',*,*,#2262,.T.);
#5809 = ORIENTED_EDGE('',*,*,#5810,.F.);
#5810 = EDGE_CURVE('',#5802,#2265,#5811,.T.);
#5811 = CIRCLE('',#5812,0.8);
#5812 = AXIS2_PLACEMENT_3D('',#5813,#5814,#5815);
#5813 = CARTESIAN_POINT('',(1.,30.1,0.8));
#5814 = DIRECTION('',(-1.,1.110223024625E-16,0.));
#5815 = DIRECTION('',(0.,0.,1.));
#5816 = PLANE('',#5817);
#5817 = AXIS2_PLACEMENT_3D('',#5818,#5819,#5820);
#5818 = CARTESIAN_POINT('',(1.,30.1,-1.E-02));
#5819 = DIRECTION('',(-1.,1.110223024625E-16,0.));
#5820 = DIRECTION('',(0.,0.,1.));
#5821 = ADVANCED_FACE('',(#5822),#5833,.F.);
#5822 = FACE_BOUND('',#5823,.F.);
#5823 = EDGE_LOOP('',(#5824,#5831,#5832));
#5824 = ORIENTED_EDGE('',*,*,#5825,.F.);
#5825 = EDGE_CURVE('',#2313,#5802,#5826,.T.);
#5826 = CIRCLE('',#5827,0.8);
#5827 = AXIS2_PLACEMENT_3D('',#5828,#5829,#5830);
#5828 = CARTESIAN_POINT('',(1.8,30.9,0.8));
#5829 = DIRECTION('',(1.110223024625E-16,1.,-0.));
#5830 = DIRECTION('',(0.,0.,1.));
#5831 = ORIENTED_EDGE('',*,*,#2320,.T.);
#5832 = ORIENTED_EDGE('',*,*,#5801,.T.);
#5833 = PLANE('',#5834);
#5834 = AXIS2_PLACEMENT_3D('',#5835,#5836,#5837);
#5835 = CARTESIAN_POINT('',(1.8,30.9,-1.E-02));
#5836 = DIRECTION('',(1.110223024625E-16,1.,0.));
#5837 = DIRECTION('',(0.,0.,1.));
#5838 = ADVANCED_FACE('',(#5839),#5858,.F.);
#5839 = FACE_BOUND('',#5840,.F.);
#5840 = EDGE_LOOP('',(#5841,#5849,#5850,#5851));
#5841 = ORIENTED_EDGE('',*,*,#5842,.F.);
#5842 = EDGE_CURVE('',#5802,#5843,#5845,.T.);
#5843 = VERTEX_POINT('',#5844);
#5844 = CARTESIAN_POINT('',(-1.,30.9,0.8));
#5845 = LINE('',#5846,#5847);
#5846 = CARTESIAN_POINT('',(1.,30.9,0.8));
#5847 = VECTOR('',#5848,1.);
#5848 = DIRECTION('',(-1.,1.110223024625E-16,0.));
#5849 = ORIENTED_EDGE('',*,*,#5810,.T.);
#5850 = ORIENTED_EDGE('',*,*,#2272,.T.);
#5851 = ORIENTED_EDGE('',*,*,#5852,.F.);
#5852 = EDGE_CURVE('',#5843,#2273,#5853,.T.);
#5853 = CIRCLE('',#5854,0.8);
#5854 = AXIS2_PLACEMENT_3D('',#5855,#5856,#5857);
#5855 = CARTESIAN_POINT('',(-1.,30.1,0.8));
#5856 = DIRECTION('',(-1.,1.110223024625E-16,0.));
#5857 = DIRECTION('',(0.,0.,1.));
#5858 = CYLINDRICAL_SURFACE('',#5859,0.8);
#5859 = AXIS2_PLACEMENT_3D('',#5860,#5861,#5862);
#5860 = CARTESIAN_POINT('',(2.,30.1,0.8));
#5861 = DIRECTION('',(-1.,1.110223024625E-16,0.));
#5862 = DIRECTION('',(0.,0.,1.));
#5863 = ADVANCED_FACE('',(#5864),#5883,.F.);
#5864 = FACE_BOUND('',#5865,.F.);
#5865 = EDGE_LOOP('',(#5866,#5867,#5875,#5882));
#5866 = ORIENTED_EDGE('',*,*,#5825,.T.);
#5867 = ORIENTED_EDGE('',*,*,#5868,.T.);
#5868 = EDGE_CURVE('',#5802,#5869,#5871,.T.);
#5869 = VERTEX_POINT('',#5870);
#5870 = CARTESIAN_POINT('',(1.,31.9,0.8));
#5871 = LINE('',#5872,#5873);
#5872 = CARTESIAN_POINT('',(1.,30.9,0.8));
#5873 = VECTOR('',#5874,1.);
#5874 = DIRECTION('',(1.110223024625E-16,1.,0.));
#5875 = ORIENTED_EDGE('',*,*,#5876,.F.);
#5876 = EDGE_CURVE('',#2305,#5869,#5877,.T.);
#5877 = CIRCLE('',#5878,0.8);
#5878 = AXIS2_PLACEMENT_3D('',#5879,#5880,#5881);
#5879 = CARTESIAN_POINT('',(1.8,31.9,0.8));
#5880 = DIRECTION('',(1.110223024625E-16,1.,-0.));
#5881 = DIRECTION('',(0.,0.,1.));
#5882 = ORIENTED_EDGE('',*,*,#2312,.F.);
#5883 = CYLINDRICAL_SURFACE('',#5884,0.8);
#5884 = AXIS2_PLACEMENT_3D('',#5885,#5886,#5887);
#5885 = CARTESIAN_POINT('',(1.8,29.9,0.8));
#5886 = DIRECTION('',(1.110223024625E-16,1.,0.));
#5887 = DIRECTION('',(0.,0.,1.));
#5888 = ADVANCED_FACE('',(#5889),#5899,.T.);
#5889 = FACE_BOUND('',#5890,.T.);
#5890 = EDGE_LOOP('',(#5891,#5897,#5898));
#5891 = ORIENTED_EDGE('',*,*,#5892,.F.);
#5892 = EDGE_CURVE('',#2281,#5843,#5893,.T.);
#5893 = LINE('',#5894,#5895);
#5894 = CARTESIAN_POINT('',(-1.,30.9,-1.E-02));
#5895 = VECTOR('',#5896,1.);
#5896 = DIRECTION('',(0.,0.,1.));
#5897 = ORIENTED_EDGE('',*,*,#2280,.T.);
#5898 = ORIENTED_EDGE('',*,*,#5852,.F.);
#5899 = PLANE('',#5900);
#5900 = AXIS2_PLACEMENT_3D('',#5901,#5902,#5903);
#5901 = CARTESIAN_POINT('',(-1.,30.1,-1.E-02));
#5902 = DIRECTION('',(-1.,1.110223024625E-16,0.));
#5903 = DIRECTION('',(0.,0.,1.));
#5904 = ADVANCED_FACE('',(#5905),#5916,.F.);
#5905 = FACE_BOUND('',#5906,.F.);
#5906 = EDGE_LOOP('',(#5907,#5908,#5909));
#5907 = ORIENTED_EDGE('',*,*,#5892,.F.);
#5908 = ORIENTED_EDGE('',*,*,#2288,.T.);
#5909 = ORIENTED_EDGE('',*,*,#5910,.F.);
#5910 = EDGE_CURVE('',#5843,#2289,#5911,.T.);
#5911 = CIRCLE('',#5912,0.8);
#5912 = AXIS2_PLACEMENT_3D('',#5913,#5914,#5915);
#5913 = CARTESIAN_POINT('',(-1.8,30.9,0.8));
#5914 = DIRECTION('',(1.110223024625E-16,1.,-0.));
#5915 = DIRECTION('',(0.,0.,1.));
#5916 = PLANE('',#5917);
#5917 = AXIS2_PLACEMENT_3D('',#5918,#5919,#5920);
#5918 = CARTESIAN_POINT('',(-1.,30.9,-1.E-02));
#5919 = DIRECTION('',(1.110223024625E-16,1.,0.));
#5920 = DIRECTION('',(0.,0.,1.));
#5921 = ADVANCED_FACE('',(#5922),#5941,.F.);
#5922 = FACE_BOUND('',#5923,.F.);
#5923 = EDGE_LOOP('',(#5924,#5932,#5933,#5934));
#5924 = ORIENTED_EDGE('',*,*,#5925,.F.);
#5925 = EDGE_CURVE('',#5843,#5926,#5928,.T.);
#5926 = VERTEX_POINT('',#5927);
#5927 = CARTESIAN_POINT('',(-1.,31.9,0.8));
#5928 = LINE('',#5929,#5930);
#5929 = CARTESIAN_POINT('',(-1.,30.9,0.8));
#5930 = VECTOR('',#5931,1.);
#5931 = DIRECTION('',(1.110223024625E-16,1.,0.));
#5932 = ORIENTED_EDGE('',*,*,#5910,.T.);
#5933 = ORIENTED_EDGE('',*,*,#2296,.T.);
#5934 = ORIENTED_EDGE('',*,*,#5935,.F.);
#5935 = EDGE_CURVE('',#5926,#2297,#5936,.T.);
#5936 = CIRCLE('',#5937,0.8);
#5937 = AXIS2_PLACEMENT_3D('',#5938,#5939,#5940);
#5938 = CARTESIAN_POINT('',(-1.8,31.9,0.8));
#5939 = DIRECTION('',(1.110223024625E-16,1.,-0.));
#5940 = DIRECTION('',(0.,0.,1.));
#5941 = CYLINDRICAL_SURFACE('',#5942,0.8);
#5942 = AXIS2_PLACEMENT_3D('',#5943,#5944,#5945);
#5943 = CARTESIAN_POINT('',(-1.8,29.9,0.8));
#5944 = DIRECTION('',(1.110223024625E-16,1.,0.));
#5945 = DIRECTION('',(0.,0.,1.));
#5946 = ADVANCED_FACE('',(#5947),#5974,.F.);
#5947 = FACE_BOUND('',#5948,.F.);
#5948 = EDGE_LOOP('',(#5949,#5958,#5966,#5973));
#5949 = ORIENTED_EDGE('',*,*,#5950,.T.);
#5950 = EDGE_CURVE('',#2329,#5951,#5953,.T.);
#5951 = VERTEX_POINT('',#5952);
#5952 = CARTESIAN_POINT('',(1.,34.1,0.8));
#5953 = CIRCLE('',#5954,0.8);
#5954 = AXIS2_PLACEMENT_3D('',#5955,#5956,#5957);
#5955 = CARTESIAN_POINT('',(1.8,34.1,0.8));
#5956 = DIRECTION('',(1.110223024625E-16,1.,-0.));
#5957 = DIRECTION('',(0.,0.,1.));
#5958 = ORIENTED_EDGE('',*,*,#5959,.T.);
#5959 = EDGE_CURVE('',#5951,#5960,#5962,.T.);
#5960 = VERTEX_POINT('',#5961);
#5961 = CARTESIAN_POINT('',(1.,35.1,0.8));
#5962 = LINE('',#5963,#5964);
#5963 = CARTESIAN_POINT('',(1.,34.1,0.8));
#5964 = VECTOR('',#5965,1.);
#5965 = DIRECTION('',(1.110223024625E-16,1.,0.));
#5966 = ORIENTED_EDGE('',*,*,#5967,.F.);
#5967 = EDGE_CURVE('',#2331,#5960,#5968,.T.);
#5968 = CIRCLE('',#5969,0.8);
#5969 = AXIS2_PLACEMENT_3D('',#5970,#5971,#5972);
#5970 = CARTESIAN_POINT('',(1.8,35.1,0.8));
#5971 = DIRECTION('',(1.110223024625E-16,1.,-0.));
#5972 = DIRECTION('',(0.,0.,1.));
#5973 = ORIENTED_EDGE('',*,*,#2328,.F.);
#5974 = CYLINDRICAL_SURFACE('',#5975,0.8);
#5975 = AXIS2_PLACEMENT_3D('',#5976,#5977,#5978);
#5976 = CARTESIAN_POINT('',(1.8,33.1,0.8));
#5977 = DIRECTION('',(1.110223024625E-16,1.,0.));
#5978 = DIRECTION('',(0.,0.,1.));
#5979 = ADVANCED_FACE('',(#5980),#5990,.T.);
#5980 = FACE_BOUND('',#5981,.T.);
#5981 = EDGE_LOOP('',(#5982,#5983,#5984));
#5982 = ORIENTED_EDGE('',*,*,#5967,.F.);
#5983 = ORIENTED_EDGE('',*,*,#2386,.T.);
#5984 = ORIENTED_EDGE('',*,*,#5985,.T.);
#5985 = EDGE_CURVE('',#2379,#5960,#5986,.T.);
#5986 = LINE('',#5987,#5988);
#5987 = CARTESIAN_POINT('',(1.,35.1,-1.E-02));
#5988 = VECTOR('',#5989,1.);
#5989 = DIRECTION('',(0.,0.,1.));
#5990 = PLANE('',#5991);
#5991 = AXIS2_PLACEMENT_3D('',#5992,#5993,#5994);
#5992 = CARTESIAN_POINT('',(1.8,35.1,-1.E-02));
#5993 = DIRECTION('',(1.110223024625E-16,1.,0.));
#5994 = DIRECTION('',(0.,0.,1.));
#5995 = ADVANCED_FACE('',(#5996),#6007,.F.);
#5996 = FACE_BOUND('',#5997,.F.);
#5997 = EDGE_LOOP('',(#5998,#6005,#6006));
#5998 = ORIENTED_EDGE('',*,*,#5999,.F.);
#5999 = EDGE_CURVE('',#2371,#5960,#6000,.T.);
#6000 = CIRCLE('',#6001,0.8);
#6001 = AXIS2_PLACEMENT_3D('',#6002,#6003,#6004);
#6002 = CARTESIAN_POINT('',(1.,35.9,0.8));
#6003 = DIRECTION('',(-1.,1.110223024625E-16,0.));
#6004 = DIRECTION('',(0.,0.,1.));
#6005 = ORIENTED_EDGE('',*,*,#2378,.T.);
#6006 = ORIENTED_EDGE('',*,*,#5985,.T.);
#6007 = PLANE('',#6008);
#6008 = AXIS2_PLACEMENT_3D('',#6009,#6010,#6011);
#6009 = CARTESIAN_POINT('',(1.,35.1,-1.E-02));
#6010 = DIRECTION('',(-1.,1.110223024625E-16,0.));
#6011 = DIRECTION('',(0.,0.,1.));
#6012 = ADVANCED_FACE('',(#6013),#6032,.F.);
#6013 = FACE_BOUND('',#6014,.F.);
#6014 = EDGE_LOOP('',(#6015,#6016,#6024,#6031));
#6015 = ORIENTED_EDGE('',*,*,#5999,.T.);
#6016 = ORIENTED_EDGE('',*,*,#6017,.T.);
#6017 = EDGE_CURVE('',#5960,#6018,#6020,.T.);
#6018 = VERTEX_POINT('',#6019);
#6019 = CARTESIAN_POINT('',(-1.,35.1,0.8));
#6020 = LINE('',#6021,#6022);
#6021 = CARTESIAN_POINT('',(1.,35.1,0.8));
#6022 = VECTOR('',#6023,1.);
#6023 = DIRECTION('',(-1.,1.110223024625E-16,0.));
#6024 = ORIENTED_EDGE('',*,*,#6025,.F.);
#6025 = EDGE_CURVE('',#2363,#6018,#6026,.T.);
#6026 = CIRCLE('',#6027,0.8);
#6027 = AXIS2_PLACEMENT_3D('',#6028,#6029,#6030);
#6028 = CARTESIAN_POINT('',(-1.,35.9,0.8));
#6029 = DIRECTION('',(-1.,1.110223024625E-16,0.));
#6030 = DIRECTION('',(0.,0.,1.));
#6031 = ORIENTED_EDGE('',*,*,#2370,.F.);
#6032 = CYLINDRICAL_SURFACE('',#6033,0.8);
#6033 = AXIS2_PLACEMENT_3D('',#6034,#6035,#6036);
#6034 = CARTESIAN_POINT('',(2.,35.9,0.8));
#6035 = DIRECTION('',(-1.,1.110223024625E-16,0.));
#6036 = DIRECTION('',(0.,0.,1.));
#6037 = ADVANCED_FACE('',(#6038),#6063,.F.);
#6038 = FACE_BOUND('',#6039,.F.);
#6039 = EDGE_LOOP('',(#6040,#6048,#6055,#6056));
#6040 = ORIENTED_EDGE('',*,*,#6041,.F.);
#6041 = EDGE_CURVE('',#6042,#6018,#6044,.T.);
#6042 = VERTEX_POINT('',#6043);
#6043 = CARTESIAN_POINT('',(-1.,34.1,0.8));
#6044 = LINE('',#6045,#6046);
#6045 = CARTESIAN_POINT('',(-1.,34.1,0.8));
#6046 = VECTOR('',#6047,1.);
#6047 = DIRECTION('',(1.110223024625E-16,1.,0.));
#6048 = ORIENTED_EDGE('',*,*,#6049,.T.);
#6049 = EDGE_CURVE('',#6042,#2339,#6050,.T.);
#6050 = CIRCLE('',#6051,0.8);
#6051 = AXIS2_PLACEMENT_3D('',#6052,#6053,#6054);
#6052 = CARTESIAN_POINT('',(-1.8,34.1,0.8));
#6053 = DIRECTION('',(1.110223024625E-16,1.,-0.));
#6054 = DIRECTION('',(0.,0.,1.));
#6055 = ORIENTED_EDGE('',*,*,#2346,.T.);
#6056 = ORIENTED_EDGE('',*,*,#6057,.F.);
#6057 = EDGE_CURVE('',#6018,#2347,#6058,.T.);
#6058 = CIRCLE('',#6059,0.8);
#6059 = AXIS2_PLACEMENT_3D('',#6060,#6061,#6062);
#6060 = CARTESIAN_POINT('',(-1.8,35.1,0.8));
#6061 = DIRECTION('',(1.110223024625E-16,1.,-0.));
#6062 = DIRECTION('',(0.,0.,1.));
#6063 = CYLINDRICAL_SURFACE('',#6064,0.8);
#6064 = AXIS2_PLACEMENT_3D('',#6065,#6066,#6067);
#6065 = CARTESIAN_POINT('',(-1.8,33.1,0.8));
#6066 = DIRECTION('',(1.110223024625E-16,1.,0.));
#6067 = DIRECTION('',(0.,0.,1.));
#6068 = ADVANCED_FACE('',(#6069),#6079,.T.);
#6069 = FACE_BOUND('',#6070,.T.);
#6070 = EDGE_LOOP('',(#6071,#6072,#6073));
#6071 = ORIENTED_EDGE('',*,*,#6025,.F.);
#6072 = ORIENTED_EDGE('',*,*,#2362,.T.);
#6073 = ORIENTED_EDGE('',*,*,#6074,.T.);
#6074 = EDGE_CURVE('',#2355,#6018,#6075,.T.);
#6075 = LINE('',#6076,#6077);
#6076 = CARTESIAN_POINT('',(-1.,35.1,-1.E-02));
#6077 = VECTOR('',#6078,1.);
#6078 = DIRECTION('',(0.,0.,1.));
#6079 = PLANE('',#6080);
#6080 = AXIS2_PLACEMENT_3D('',#6081,#6082,#6083);
#6081 = CARTESIAN_POINT('',(-1.,35.1,-1.E-02));
#6082 = DIRECTION('',(-1.,1.110223024625E-16,0.));
#6083 = DIRECTION('',(0.,0.,1.));
#6084 = ADVANCED_FACE('',(#6085),#6090,.T.);
#6085 = FACE_BOUND('',#6086,.T.);
#6086 = EDGE_LOOP('',(#6087,#6088,#6089));
#6087 = ORIENTED_EDGE('',*,*,#6074,.F.);
#6088 = ORIENTED_EDGE('',*,*,#2354,.T.);
#6089 = ORIENTED_EDGE('',*,*,#6057,.F.);
#6090 = PLANE('',#6091);
#6091 = AXIS2_PLACEMENT_3D('',#6092,#6093,#6094);
#6092 = CARTESIAN_POINT('',(-1.,35.1,-1.E-02));
#6093 = DIRECTION('',(1.110223024625E-16,1.,0.));
#6094 = DIRECTION('',(0.,0.,1.));
#6095 = ADVANCED_FACE('',(#6096),#6123,.F.);
#6096 = FACE_BOUND('',#6097,.F.);
#6097 = EDGE_LOOP('',(#6098,#6107,#6115,#6122));
#6098 = ORIENTED_EDGE('',*,*,#6099,.T.);
#6099 = EDGE_CURVE('',#2395,#6100,#6102,.T.);
#6100 = VERTEX_POINT('',#6101);
#6101 = CARTESIAN_POINT('',(13.53,7.,1.5));
#6102 = CIRCLE('',#6103,1.5);
#6103 = AXIS2_PLACEMENT_3D('',#6104,#6105,#6106);
#6104 = CARTESIAN_POINT('',(15.03,7.,1.5));
#6105 = DIRECTION('',(0.,1.,0.));
#6106 = DIRECTION('',(0.,0.,1.));
#6107 = ORIENTED_EDGE('',*,*,#6108,.T.);
#6108 = EDGE_CURVE('',#6100,#6109,#6111,.T.);
#6109 = VERTEX_POINT('',#6110);
#6110 = CARTESIAN_POINT('',(13.53,10.,1.5));
#6111 = LINE('',#6112,#6113);
#6112 = CARTESIAN_POINT('',(13.53,7.,1.5));
#6113 = VECTOR('',#6114,1.);
#6114 = DIRECTION('',(0.,1.,0.));
#6115 = ORIENTED_EDGE('',*,*,#6116,.F.);
#6116 = EDGE_CURVE('',#2397,#6109,#6117,.T.);
#6117 = CIRCLE('',#6118,1.5);
#6118 = AXIS2_PLACEMENT_3D('',#6119,#6120,#6121);
#6119 = CARTESIAN_POINT('',(15.03,10.,1.5));
#6120 = DIRECTION('',(0.,1.,0.));
#6121 = DIRECTION('',(0.,0.,1.));
#6122 = ORIENTED_EDGE('',*,*,#2394,.F.);
#6123 = CYLINDRICAL_SURFACE('',#6124,1.5);
#6124 = AXIS2_PLACEMENT_3D('',#6125,#6126,#6127);
#6125 = CARTESIAN_POINT('',(15.03,6.,1.5));
#6126 = DIRECTION('',(0.,1.,0.));
#6127 = DIRECTION('',(0.,0.,1.));
#6128 = ADVANCED_FACE('',(#6129),#6148,.T.);
#6129 = FACE_BOUND('',#6130,.T.);
#6130 = EDGE_LOOP('',(#6131,#6139,#6146,#6147));
#6131 = ORIENTED_EDGE('',*,*,#6132,.T.);
#6132 = EDGE_CURVE('',#2429,#6133,#6135,.T.);
#6133 = VERTEX_POINT('',#6134);
#6134 = CARTESIAN_POINT('',(11.43,12.7,1.));
#6135 = LINE('',#6136,#6137);
#6136 = CARTESIAN_POINT('',(11.43,12.7,-1.E-02));
#6137 = VECTOR('',#6138,1.);
#6138 = DIRECTION('',(0.,0.,1.));
#6139 = ORIENTED_EDGE('',*,*,#6140,.F.);
#6140 = EDGE_CURVE('',#6133,#6133,#6141,.T.);
#6141 = CIRCLE('',#6142,2.54);
#6142 = AXIS2_PLACEMENT_3D('',#6143,#6144,#6145);
#6143 = CARTESIAN_POINT('',(8.89,12.7,1.));
#6144 = DIRECTION('',(0.,0.,1.));
#6145 = DIRECTION('',(1.,0.,0.));
#6146 = ORIENTED_EDGE('',*,*,#6132,.F.);
#6147 = ORIENTED_EDGE('',*,*,#2428,.T.);
#6148 = CYLINDRICAL_SURFACE('',#6149,2.54);
#6149 = AXIS2_PLACEMENT_3D('',#6150,#6151,#6152);
#6150 = CARTESIAN_POINT('',(8.89,12.7,-1.E-02));
#6151 = DIRECTION('',(0.,0.,1.));
#6152 = DIRECTION('',(1.,0.,0.));
#6153 = ADVANCED_FACE('',(#6154),#6172,.F.);
#6154 = FACE_BOUND('',#6155,.F.);
#6155 = EDGE_LOOP('',(#6156,#6164,#6165));
#6156 = ORIENTED_EDGE('',*,*,#6157,.F.);
#6157 = EDGE_CURVE('',#2440,#6158,#6160,.T.);
#6158 = VERTEX_POINT('',#6159);
#6159 = CARTESIAN_POINT('',(28.9,19.,0.8));
#6160 = LINE('',#6161,#6162);
#6161 = CARTESIAN_POINT('',(28.9,19.,-1.E-02));
#6162 = VECTOR('',#6163,1.);
#6163 = DIRECTION('',(0.,0.,1.));
#6164 = ORIENTED_EDGE('',*,*,#2439,.T.);
#6165 = ORIENTED_EDGE('',*,*,#6166,.F.);
#6166 = EDGE_CURVE('',#6158,#2442,#6167,.T.);
#6167 = CIRCLE('',#6168,0.8);
#6168 = AXIS2_PLACEMENT_3D('',#6169,#6170,#6171);
#6169 = CARTESIAN_POINT('',(28.1,19.,0.8));
#6170 = DIRECTION('',(0.,1.,0.));
#6171 = DIRECTION('',(0.,0.,1.));
#6172 = PLANE('',#6173);
#6173 = AXIS2_PLACEMENT_3D('',#6174,#6175,#6176);
#6174 = CARTESIAN_POINT('',(28.1,19.,-1.E-02));
#6175 = DIRECTION('',(0.,1.,0.));
#6176 = DIRECTION('',(0.,0.,1.));
#6177 = ADVANCED_FACE('',(#6178),#6189,.F.);
#6178 = FACE_BOUND('',#6179,.F.);
#6179 = EDGE_LOOP('',(#6180,#6187,#6188));
#6180 = ORIENTED_EDGE('',*,*,#6181,.F.);
#6181 = EDGE_CURVE('',#2490,#6158,#6182,.T.);
#6182 = CIRCLE('',#6183,0.8);
#6183 = AXIS2_PLACEMENT_3D('',#6184,#6185,#6186);
#6184 = CARTESIAN_POINT('',(28.9,18.2,0.8));
#6185 = DIRECTION('',(1.,0.,-0.));
#6186 = DIRECTION('',(0.,0.,1.));
#6187 = ORIENTED_EDGE('',*,*,#2497,.T.);
#6188 = ORIENTED_EDGE('',*,*,#6157,.T.);
#6189 = PLANE('',#6190);
#6190 = AXIS2_PLACEMENT_3D('',#6191,#6192,#6193);
#6191 = CARTESIAN_POINT('',(28.9,18.2,-1.E-02));
#6192 = DIRECTION('',(1.,0.,0.));
#6193 = DIRECTION('',(0.,0.,1.));
#6194 = ADVANCED_FACE('',(#6195),#6214,.F.);
#6195 = FACE_BOUND('',#6196,.F.);
#6196 = EDGE_LOOP('',(#6197,#6205,#6206,#6207));
#6197 = ORIENTED_EDGE('',*,*,#6198,.F.);
#6198 = EDGE_CURVE('',#6158,#6199,#6201,.T.);
#6199 = VERTEX_POINT('',#6200);
#6200 = CARTESIAN_POINT('',(28.9,21.,0.8));
#6201 = LINE('',#6202,#6203);
#6202 = CARTESIAN_POINT('',(28.9,19.,0.8));
#6203 = VECTOR('',#6204,1.);
#6204 = DIRECTION('',(0.,1.,0.));
#6205 = ORIENTED_EDGE('',*,*,#6166,.T.);
#6206 = ORIENTED_EDGE('',*,*,#2449,.T.);
#6207 = ORIENTED_EDGE('',*,*,#6208,.F.);
#6208 = EDGE_CURVE('',#6199,#2450,#6209,.T.);
#6209 = CIRCLE('',#6210,0.8);
#6210 = AXIS2_PLACEMENT_3D('',#6211,#6212,#6213);
#6211 = CARTESIAN_POINT('',(28.1,21.,0.8));
#6212 = DIRECTION('',(0.,1.,0.));
#6213 = DIRECTION('',(0.,0.,1.));
#6214 = CYLINDRICAL_SURFACE('',#6215,0.8);
#6215 = AXIS2_PLACEMENT_3D('',#6216,#6217,#6218);
#6216 = CARTESIAN_POINT('',(28.1,18.,0.8));
#6217 = DIRECTION('',(0.,1.,0.));
#6218 = DIRECTION('',(0.,0.,1.));
#6219 = ADVANCED_FACE('',(#6220),#6239,.F.);
#6220 = FACE_BOUND('',#6221,.F.);
#6221 = EDGE_LOOP('',(#6222,#6223,#6231,#6238));
#6222 = ORIENTED_EDGE('',*,*,#6181,.T.);
#6223 = ORIENTED_EDGE('',*,*,#6224,.T.);
#6224 = EDGE_CURVE('',#6158,#6225,#6227,.T.);
#6225 = VERTEX_POINT('',#6226);
#6226 = CARTESIAN_POINT('',(29.9,19.,0.8));
#6227 = LINE('',#6228,#6229);
#6228 = CARTESIAN_POINT('',(28.9,19.,0.8));
#6229 = VECTOR('',#6230,1.);
#6230 = DIRECTION('',(1.,0.,0.));
#6231 = ORIENTED_EDGE('',*,*,#6232,.F.);
#6232 = EDGE_CURVE('',#2482,#6225,#6233,.T.);
#6233 = CIRCLE('',#6234,0.8);
#6234 = AXIS2_PLACEMENT_3D('',#6235,#6236,#6237);
#6235 = CARTESIAN_POINT('',(29.9,18.2,0.8));
#6236 = DIRECTION('',(1.,0.,-0.));
#6237 = DIRECTION('',(0.,0.,1.));
#6238 = ORIENTED_EDGE('',*,*,#2489,.F.);
#6239 = CYLINDRICAL_SURFACE('',#6240,0.8);
#6240 = AXIS2_PLACEMENT_3D('',#6241,#6242,#6243);
#6241 = CARTESIAN_POINT('',(27.9,18.2,0.8));
#6242 = DIRECTION('',(1.,0.,0.));
#6243 = DIRECTION('',(0.,0.,1.));
#6244 = ADVANCED_FACE('',(#6245),#6255,.T.);
#6245 = FACE_BOUND('',#6246,.T.);
#6246 = EDGE_LOOP('',(#6247,#6253,#6254));
#6247 = ORIENTED_EDGE('',*,*,#6248,.F.);
#6248 = EDGE_CURVE('',#2458,#6199,#6249,.T.);
#6249 = LINE('',#6250,#6251);
#6250 = CARTESIAN_POINT('',(28.9,21.,-1.E-02));
#6251 = VECTOR('',#6252,1.);
#6252 = DIRECTION('',(0.,0.,1.));
#6253 = ORIENTED_EDGE('',*,*,#2457,.T.);
#6254 = ORIENTED_EDGE('',*,*,#6208,.F.);
#6255 = PLANE('',#6256);
#6256 = AXIS2_PLACEMENT_3D('',#6257,#6258,#6259);
#6257 = CARTESIAN_POINT('',(28.1,21.,-1.E-02));
#6258 = DIRECTION('',(0.,1.,0.));
#6259 = DIRECTION('',(0.,0.,1.));
#6260 = ADVANCED_FACE('',(#6261),#6272,.F.);
#6261 = FACE_BOUND('',#6262,.F.);
#6262 = EDGE_LOOP('',(#6263,#6264,#6265));
#6263 = ORIENTED_EDGE('',*,*,#6248,.F.);
#6264 = ORIENTED_EDGE('',*,*,#2465,.T.);
#6265 = ORIENTED_EDGE('',*,*,#6266,.F.);
#6266 = EDGE_CURVE('',#6199,#2466,#6267,.T.);
#6267 = CIRCLE('',#6268,0.8);
#6268 = AXIS2_PLACEMENT_3D('',#6269,#6270,#6271);
#6269 = CARTESIAN_POINT('',(28.9,21.8,0.8));
#6270 = DIRECTION('',(1.,0.,-0.));
#6271 = DIRECTION('',(0.,0.,1.));
#6272 = PLANE('',#6273);
#6273 = AXIS2_PLACEMENT_3D('',#6274,#6275,#6276);
#6274 = CARTESIAN_POINT('',(28.9,21.,-1.E-02));
#6275 = DIRECTION('',(1.,0.,0.));
#6276 = DIRECTION('',(0.,0.,1.));
#6277 = ADVANCED_FACE('',(#6278),#6297,.F.);
#6278 = FACE_BOUND('',#6279,.F.);
#6279 = EDGE_LOOP('',(#6280,#6288,#6289,#6290));
#6280 = ORIENTED_EDGE('',*,*,#6281,.F.);
#6281 = EDGE_CURVE('',#6199,#6282,#6284,.T.);
#6282 = VERTEX_POINT('',#6283);
#6283 = CARTESIAN_POINT('',(29.9,21.,0.8));
#6284 = LINE('',#6285,#6286);
#6285 = CARTESIAN_POINT('',(28.9,21.,0.8));
#6286 = VECTOR('',#6287,1.);
#6287 = DIRECTION('',(1.,0.,0.));
#6288 = ORIENTED_EDGE('',*,*,#6266,.T.);
#6289 = ORIENTED_EDGE('',*,*,#2473,.T.);
#6290 = ORIENTED_EDGE('',*,*,#6291,.F.);
#6291 = EDGE_CURVE('',#6282,#2474,#6292,.T.);
#6292 = CIRCLE('',#6293,0.8);
#6293 = AXIS2_PLACEMENT_3D('',#6294,#6295,#6296);
#6294 = CARTESIAN_POINT('',(29.9,21.8,0.8));
#6295 = DIRECTION('',(1.,0.,-0.));
#6296 = DIRECTION('',(0.,0.,1.));
#6297 = CYLINDRICAL_SURFACE('',#6298,0.8);
#6298 = AXIS2_PLACEMENT_3D('',#6299,#6300,#6301);
#6299 = CARTESIAN_POINT('',(27.9,21.8,0.8));
#6300 = DIRECTION('',(1.,0.,0.));
#6301 = DIRECTION('',(0.,0.,1.));
#6302 = ADVANCED_FACE('',(#6303),#6330,.F.);
#6303 = FACE_BOUND('',#6304,.F.);
#6304 = EDGE_LOOP('',(#6305,#6314,#6322,#6329));
#6305 = ORIENTED_EDGE('',*,*,#6306,.T.);
#6306 = EDGE_CURVE('',#2506,#6307,#6309,.T.);
#6307 = VERTEX_POINT('',#6308);
#6308 = CARTESIAN_POINT('',(32.1,19.,0.8));
#6309 = CIRCLE('',#6310,0.8);
#6310 = AXIS2_PLACEMENT_3D('',#6311,#6312,#6313);
#6311 = CARTESIAN_POINT('',(32.1,18.2,0.8));
#6312 = DIRECTION('',(1.,0.,-0.));
#6313 = DIRECTION('',(0.,0.,1.));
#6314 = ORIENTED_EDGE('',*,*,#6315,.T.);
#6315 = EDGE_CURVE('',#6307,#6316,#6318,.T.);
#6316 = VERTEX_POINT('',#6317);
#6317 = CARTESIAN_POINT('',(33.1,19.,0.8));
#6318 = LINE('',#6319,#6320);
#6319 = CARTESIAN_POINT('',(32.1,19.,0.8));
#6320 = VECTOR('',#6321,1.);
#6321 = DIRECTION('',(1.,0.,0.));
#6322 = ORIENTED_EDGE('',*,*,#6323,.F.);
#6323 = EDGE_CURVE('',#2508,#6316,#6324,.T.);
#6324 = CIRCLE('',#6325,0.8);
#6325 = AXIS2_PLACEMENT_3D('',#6326,#6327,#6328);
#6326 = CARTESIAN_POINT('',(33.1,18.2,0.8));
#6327 = DIRECTION('',(1.,0.,-0.));
#6328 = DIRECTION('',(0.,0.,1.));
#6329 = ORIENTED_EDGE('',*,*,#2505,.F.);
#6330 = CYLINDRICAL_SURFACE('',#6331,0.8);
#6331 = AXIS2_PLACEMENT_3D('',#6332,#6333,#6334);
#6332 = CARTESIAN_POINT('',(31.1,18.2,0.8));
#6333 = DIRECTION('',(1.,0.,0.));
#6334 = DIRECTION('',(0.,0.,1.));
#6335 = ADVANCED_FACE('',(#6336),#6346,.T.);
#6336 = FACE_BOUND('',#6337,.T.);
#6337 = EDGE_LOOP('',(#6338,#6339,#6340));
#6338 = ORIENTED_EDGE('',*,*,#6323,.F.);
#6339 = ORIENTED_EDGE('',*,*,#2563,.T.);
#6340 = ORIENTED_EDGE('',*,*,#6341,.T.);
#6341 = EDGE_CURVE('',#2556,#6316,#6342,.T.);
#6342 = LINE('',#6343,#6344);
#6343 = CARTESIAN_POINT('',(33.1,19.,-1.E-02));
#6344 = VECTOR('',#6345,1.);
#6345 = DIRECTION('',(0.,0.,1.));
#6346 = PLANE('',#6347);
#6347 = AXIS2_PLACEMENT_3D('',#6348,#6349,#6350);
#6348 = CARTESIAN_POINT('',(33.1,18.2,-1.E-02));
#6349 = DIRECTION('',(1.,0.,0.));
#6350 = DIRECTION('',(0.,0.,1.));
#6351 = ADVANCED_FACE('',(#6352),#6363,.F.);
#6352 = FACE_BOUND('',#6353,.F.);
#6353 = EDGE_LOOP('',(#6354,#6361,#6362));
#6354 = ORIENTED_EDGE('',*,*,#6355,.F.);
#6355 = EDGE_CURVE('',#2548,#6316,#6356,.T.);
#6356 = CIRCLE('',#6357,0.8);
#6357 = AXIS2_PLACEMENT_3D('',#6358,#6359,#6360);
#6358 = CARTESIAN_POINT('',(33.9,19.,0.8));
#6359 = DIRECTION('',(0.,1.,0.));
#6360 = DIRECTION('',(0.,0.,1.));
#6361 = ORIENTED_EDGE('',*,*,#2555,.T.);
#6362 = ORIENTED_EDGE('',*,*,#6341,.T.);
#6363 = PLANE('',#6364);
#6364 = AXIS2_PLACEMENT_3D('',#6365,#6366,#6367);
#6365 = CARTESIAN_POINT('',(33.1,19.,-1.E-02));
#6366 = DIRECTION('',(0.,1.,0.));
#6367 = DIRECTION('',(0.,0.,1.));
#6368 = ADVANCED_FACE('',(#6369),#6388,.F.);
#6369 = FACE_BOUND('',#6370,.F.);
#6370 = EDGE_LOOP('',(#6371,#6372,#6380,#6387));
#6371 = ORIENTED_EDGE('',*,*,#6355,.T.);
#6372 = ORIENTED_EDGE('',*,*,#6373,.T.);
#6373 = EDGE_CURVE('',#6316,#6374,#6376,.T.);
#6374 = VERTEX_POINT('',#6375);
#6375 = CARTESIAN_POINT('',(33.1,21.,0.8));
#6376 = LINE('',#6377,#6378);
#6377 = CARTESIAN_POINT('',(33.1,19.,0.8));
#6378 = VECTOR('',#6379,1.);
#6379 = DIRECTION('',(0.,1.,0.));
#6380 = ORIENTED_EDGE('',*,*,#6381,.F.);
#6381 = EDGE_CURVE('',#2540,#6374,#6382,.T.);
#6382 = CIRCLE('',#6383,0.8);
#6383 = AXIS2_PLACEMENT_3D('',#6384,#6385,#6386);
#6384 = CARTESIAN_POINT('',(33.9,21.,0.8));
#6385 = DIRECTION('',(0.,1.,0.));
#6386 = DIRECTION('',(0.,0.,1.));
#6387 = ORIENTED_EDGE('',*,*,#2547,.F.);
#6388 = CYLINDRICAL_SURFACE('',#6389,0.8);
#6389 = AXIS2_PLACEMENT_3D('',#6390,#6391,#6392);
#6390 = CARTESIAN_POINT('',(33.9,18.,0.8));
#6391 = DIRECTION('',(0.,1.,0.));
#6392 = DIRECTION('',(0.,0.,1.));
#6393 = ADVANCED_FACE('',(#6394),#6419,.F.);
#6394 = FACE_BOUND('',#6395,.F.);
#6395 = EDGE_LOOP('',(#6396,#6404,#6411,#6412));
#6396 = ORIENTED_EDGE('',*,*,#6397,.F.);
#6397 = EDGE_CURVE('',#6398,#6374,#6400,.T.);
#6398 = VERTEX_POINT('',#6399);
#6399 = CARTESIAN_POINT('',(32.1,21.,0.8));
#6400 = LINE('',#6401,#6402);
#6401 = CARTESIAN_POINT('',(32.1,21.,0.8));
#6402 = VECTOR('',#6403,1.);
#6403 = DIRECTION('',(1.,0.,0.));
#6404 = ORIENTED_EDGE('',*,*,#6405,.T.);
#6405 = EDGE_CURVE('',#6398,#2516,#6406,.T.);
#6406 = CIRCLE('',#6407,0.8);
#6407 = AXIS2_PLACEMENT_3D('',#6408,#6409,#6410);
#6408 = CARTESIAN_POINT('',(32.1,21.8,0.8));
#6409 = DIRECTION('',(1.,0.,-0.));
#6410 = DIRECTION('',(0.,0.,1.));
#6411 = ORIENTED_EDGE('',*,*,#2523,.T.);
#6412 = ORIENTED_EDGE('',*,*,#6413,.F.);
#6413 = EDGE_CURVE('',#6374,#2524,#6414,.T.);
#6414 = CIRCLE('',#6415,0.8);
#6415 = AXIS2_PLACEMENT_3D('',#6416,#6417,#6418);
#6416 = CARTESIAN_POINT('',(33.1,21.8,0.8));
#6417 = DIRECTION('',(1.,0.,-0.));
#6418 = DIRECTION('',(0.,0.,1.));
#6419 = CYLINDRICAL_SURFACE('',#6420,0.8);
#6420 = AXIS2_PLACEMENT_3D('',#6421,#6422,#6423);
#6421 = CARTESIAN_POINT('',(31.1,21.8,0.8));
#6422 = DIRECTION('',(1.,0.,0.));
#6423 = DIRECTION('',(0.,0.,1.));
#6424 = ADVANCED_FACE('',(#6425),#6435,.T.);
#6425 = FACE_BOUND('',#6426,.T.);
#6426 = EDGE_LOOP('',(#6427,#6428,#6429));
#6427 = ORIENTED_EDGE('',*,*,#6381,.F.);
#6428 = ORIENTED_EDGE('',*,*,#2539,.T.);
#6429 = ORIENTED_EDGE('',*,*,#6430,.T.);
#6430 = EDGE_CURVE('',#2532,#6374,#6431,.T.);
#6431 = LINE('',#6432,#6433);
#6432 = CARTESIAN_POINT('',(33.1,21.,-1.E-02));
#6433 = VECTOR('',#6434,1.);
#6434 = DIRECTION('',(0.,0.,1.));
#6435 = PLANE('',#6436);
#6436 = AXIS2_PLACEMENT_3D('',#6437,#6438,#6439);
#6437 = CARTESIAN_POINT('',(33.1,21.,-1.E-02));
#6438 = DIRECTION('',(0.,1.,0.));
#6439 = DIRECTION('',(0.,0.,1.));
#6440 = ADVANCED_FACE('',(#6441),#6446,.T.);
#6441 = FACE_BOUND('',#6442,.T.);
#6442 = EDGE_LOOP('',(#6443,#6444,#6445));
#6443 = ORIENTED_EDGE('',*,*,#6430,.F.);
#6444 = ORIENTED_EDGE('',*,*,#2531,.T.);
#6445 = ORIENTED_EDGE('',*,*,#6413,.F.);
#6446 = PLANE('',#6447);
#6447 = AXIS2_PLACEMENT_3D('',#6448,#6449,#6450);
#6448 = CARTESIAN_POINT('',(33.1,21.,-1.E-02));
#6449 = DIRECTION('',(1.,0.,0.));
#6450 = DIRECTION('',(0.,0.,1.));
#6451 = ADVANCED_FACE('',(#6452),#6458,.F.);
#6452 = FACE_BOUND('',#6453,.T.);
#6453 = EDGE_LOOP('',(#6454,#6455,#6456,#6457));
#6454 = ORIENTED_EDGE('',*,*,#2596,.F.);
#6455 = ORIENTED_EDGE('',*,*,#2662,.F.);
#6456 = ORIENTED_EDGE('',*,*,#3143,.T.);
#6457 = ORIENTED_EDGE('',*,*,#3060,.T.);
#6458 = CYLINDRICAL_SURFACE('',#6459,13.5);
#6459 = AXIS2_PLACEMENT_3D('',#6460,#6461,#6462);
#6460 = CARTESIAN_POINT('',(-23.,25.,0.));
#6461 = DIRECTION('',(0.,0.,1.));
#6462 = DIRECTION('',(-1.,0.,0.));
#6463 = ADVANCED_FACE('',(#6464),#6470,.F.);
#6464 = FACE_BOUND('',#6465,.F.);
#6465 = EDGE_LOOP('',(#6466,#6467,#6468,#6469));
#6466 = ORIENTED_EDGE('',*,*,#2587,.F.);
#6467 = ORIENTED_EDGE('',*,*,#2620,.T.);
#6468 = ORIENTED_EDGE('',*,*,#3119,.T.);
#6469 = ORIENTED_EDGE('',*,*,#3050,.F.);
#6470 = CYLINDRICAL_SURFACE('',#6471,13.5);
#6471 = AXIS2_PLACEMENT_3D('',#6472,#6473,#6474);
#6472 = CARTESIAN_POINT('',(-23.,-25.,0.));
#6473 = DIRECTION('',(0.,0.,1.));
#6474 = DIRECTION('',(-1.,0.,0.));
#6475 = ADVANCED_FACE('',(#6476,#6487),#6490,.T.);
#6476 = FACE_BOUND('',#6477,.T.);
#6477 = EDGE_LOOP('',(#6478));
#6478 = ORIENTED_EDGE('',*,*,#6479,.T.);
#6479 = EDGE_CURVE('',#6480,#6480,#6482,.T.);
#6480 = VERTEX_POINT('',#6481);
#6481 = CARTESIAN_POINT('',(27.55,-17.5,0.));
#6482 = CIRCLE('',#6483,5.05);
#6483 = AXIS2_PLACEMENT_3D('',#6484,#6485,#6486);
#6484 = CARTESIAN_POINT('',(22.5,-17.5,0.));
#6485 = DIRECTION('',(0.,0.,1.));
#6486 = DIRECTION('',(1.,0.,0.));
#6487 = FACE_BOUND('',#6488,.T.);
#6488 = EDGE_LOOP('',(#6489));
#6489 = ORIENTED_EDGE('',*,*,#2937,.F.);
#6490 = PLANE('',#6491);
#6491 = AXIS2_PLACEMENT_3D('',#6492,#6493,#6494);
#6492 = CARTESIAN_POINT('',(-36.5,-38.5,0.));
#6493 = DIRECTION('',(0.,0.,1.));
#6494 = DIRECTION('',(1.,0.,0.));
#6495 = ADVANCED_FACE('',(#6496,#6507),#6510,.T.);
#6496 = FACE_BOUND('',#6497,.T.);
#6497 = EDGE_LOOP('',(#6498));
#6498 = ORIENTED_EDGE('',*,*,#6499,.T.);
#6499 = EDGE_CURVE('',#6500,#6500,#6502,.T.);
#6500 = VERTEX_POINT('',#6501);
#6501 = CARTESIAN_POINT('',(-17.45,17.5,0.));
#6502 = CIRCLE('',#6503,5.05);
#6503 = AXIS2_PLACEMENT_3D('',#6504,#6505,#6506);
#6504 = CARTESIAN_POINT('',(-22.5,17.5,0.));
#6505 = DIRECTION('',(0.,0.,1.));
#6506 = DIRECTION('',(1.,0.,0.));
#6507 = FACE_BOUND('',#6508,.T.);
#6508 = EDGE_LOOP('',(#6509));
#6509 = ORIENTED_EDGE('',*,*,#2962,.F.);
#6510 = PLANE('',#6511);
#6511 = AXIS2_PLACEMENT_3D('',#6512,#6513,#6514);
#6512 = CARTESIAN_POINT('',(-36.5,-38.5,0.));
#6513 = DIRECTION('',(0.,0.,1.));
#6514 = DIRECTION('',(1.,0.,0.));
#6515 = ADVANCED_FACE('',(#6516),#6522,.F.);
#6516 = FACE_BOUND('',#6517,.T.);
#6517 = EDGE_LOOP('',(#6518,#6519,#6520,#6521));
#6518 = ORIENTED_EDGE('',*,*,#3170,.F.);
#6519 = ORIENTED_EDGE('',*,*,#3007,.F.);
#6520 = ORIENTED_EDGE('',*,*,#3126,.T.);
#6521 = ORIENTED_EDGE('',*,*,#3094,.T.);
#6522 = CYLINDRICAL_SURFACE('',#6523,13.5);
#6523 = AXIS2_PLACEMENT_3D('',#6524,#6525,#6526);
#6524 = CARTESIAN_POINT('',(23.,-25.,0.));
#6525 = DIRECTION('',(0.,0.,1.));
#6526 = DIRECTION('',(1.,0.,0.));
#6527 = ADVANCED_FACE('',(#6528),#6534,.F.);
#6528 = FACE_BOUND('',#6529,.F.);
#6529 = EDGE_LOOP('',(#6530,#6531,#6532,#6533));
#6530 = ORIENTED_EDGE('',*,*,#3179,.F.);
#6531 = ORIENTED_EDGE('',*,*,#3023,.T.);
#6532 = ORIENTED_EDGE('',*,*,#3150,.T.);
#6533 = ORIENTED_EDGE('',*,*,#3077,.F.);
#6534 = CYLINDRICAL_SURFACE('',#6535,13.5);
#6535 = AXIS2_PLACEMENT_3D('',#6536,#6537,#6538);
#6536 = CARTESIAN_POINT('',(23.,25.,0.));
#6537 = DIRECTION('',(0.,0.,1.));
#6538 = DIRECTION('',(1.,0.,0.));
#6539 = ADVANCED_FACE('',(#6540),#6565,.F.);
#6540 = FACE_BOUND('',#6541,.F.);
#6541 = EDGE_LOOP('',(#6542,#6550,#6551,#6559));
#6542 = ORIENTED_EDGE('',*,*,#6543,.F.);
#6543 = EDGE_CURVE('',#3194,#6544,#6546,.T.);
#6544 = VERTEX_POINT('',#6545);
#6545 = CARTESIAN_POINT('',(-33.1,-21.,3.));
#6546 = LINE('',#6547,#6548);
#6547 = CARTESIAN_POINT('',(-33.1,-21.,-1.E-02));
#6548 = VECTOR('',#6549,1.);
#6549 = DIRECTION('',(0.,0.,1.));
#6550 = ORIENTED_EDGE('',*,*,#3234,.T.);
#6551 = ORIENTED_EDGE('',*,*,#6552,.T.);
#6552 = EDGE_CURVE('',#3235,#6553,#6555,.T.);
#6553 = VERTEX_POINT('',#6554);
#6554 = CARTESIAN_POINT('',(-33.1,-19.,3.));
#6555 = LINE('',#6556,#6557);
#6556 = CARTESIAN_POINT('',(-33.1,-19.,-1.E-02));
#6557 = VECTOR('',#6558,1.);
#6558 = DIRECTION('',(0.,0.,1.));
#6559 = ORIENTED_EDGE('',*,*,#6560,.F.);
#6560 = EDGE_CURVE('',#6544,#6553,#6561,.T.);
#6561 = LINE('',#6562,#6563);
#6562 = CARTESIAN_POINT('',(-33.1,-21.,3.));
#6563 = VECTOR('',#6564,1.);
#6564 = DIRECTION('',(0.,1.,0.));
#6565 = PLANE('',#6566);
#6566 = AXIS2_PLACEMENT_3D('',#6567,#6568,#6569);
#6567 = CARTESIAN_POINT('',(-33.1,-21.,-1.E-02));
#6568 = DIRECTION('',(1.,0.,0.));
#6569 = DIRECTION('',(0.,0.,1.));
#6570 = ADVANCED_FACE('',(#6571),#6596,.T.);
#6571 = FACE_BOUND('',#6572,.T.);
#6572 = EDGE_LOOP('',(#6573,#6581,#6582,#6590));
#6573 = ORIENTED_EDGE('',*,*,#6574,.F.);
#6574 = EDGE_CURVE('',#3352,#6575,#6577,.T.);
#6575 = VERTEX_POINT('',#6576);
#6576 = CARTESIAN_POINT('',(-28.9,-21.,3.));
#6577 = LINE('',#6578,#6579);
#6578 = CARTESIAN_POINT('',(-28.9,-21.,-1.E-02));
#6579 = VECTOR('',#6580,1.);
#6580 = DIRECTION('',(0.,0.,1.));
#6581 = ORIENTED_EDGE('',*,*,#3409,.T.);
#6582 = ORIENTED_EDGE('',*,*,#6583,.T.);
#6583 = EDGE_CURVE('',#3410,#6584,#6586,.T.);
#6584 = VERTEX_POINT('',#6585);
#6585 = CARTESIAN_POINT('',(-28.9,-19.,3.));
#6586 = LINE('',#6587,#6588);
#6587 = CARTESIAN_POINT('',(-28.9,-19.,-1.E-02));
#6588 = VECTOR('',#6589,1.);
#6589 = DIRECTION('',(0.,0.,1.));
#6590 = ORIENTED_EDGE('',*,*,#6591,.F.);
#6591 = EDGE_CURVE('',#6575,#6584,#6592,.T.);
#6592 = LINE('',#6593,#6594);
#6593 = CARTESIAN_POINT('',(-28.9,-21.,3.));
#6594 = VECTOR('',#6595,1.);
#6595 = DIRECTION('',(0.,1.,0.));
#6596 = PLANE('',#6597);
#6597 = AXIS2_PLACEMENT_3D('',#6598,#6599,#6600);
#6598 = CARTESIAN_POINT('',(-28.9,-21.,-1.E-02));
#6599 = DIRECTION('',(1.,0.,0.));
#6600 = DIRECTION('',(0.,0.,1.));
#6601 = ADVANCED_FACE('',(#6602),#6627,.F.);
#6602 = FACE_BOUND('',#6603,.F.);
#6603 = EDGE_LOOP('',(#6604,#6612,#6613,#6621));
#6604 = ORIENTED_EDGE('',*,*,#6605,.F.);
#6605 = EDGE_CURVE('',#3492,#6606,#6608,.T.);
#6606 = VERTEX_POINT('',#6607);
#6607 = CARTESIAN_POINT('',(-11.,-35.1,3.));
#6608 = LINE('',#6609,#6610);
#6609 = CARTESIAN_POINT('',(-11.,-35.1,-1.E-02));
#6610 = VECTOR('',#6611,1.);
#6611 = DIRECTION('',(0.,0.,1.));
#6612 = ORIENTED_EDGE('',*,*,#3532,.T.);
#6613 = ORIENTED_EDGE('',*,*,#6614,.T.);
#6614 = EDGE_CURVE('',#3533,#6615,#6617,.T.);
#6615 = VERTEX_POINT('',#6616);
#6616 = CARTESIAN_POINT('',(-13.,-35.1,3.));
#6617 = LINE('',#6618,#6619);
#6618 = CARTESIAN_POINT('',(-13.,-35.1,-1.E-02));
#6619 = VECTOR('',#6620,1.);
#6620 = DIRECTION('',(0.,0.,1.));
#6621 = ORIENTED_EDGE('',*,*,#6622,.F.);
#6622 = EDGE_CURVE('',#6606,#6615,#6623,.T.);
#6623 = LINE('',#6624,#6625);
#6624 = CARTESIAN_POINT('',(-11.,-35.1,3.));
#6625 = VECTOR('',#6626,1.);
#6626 = DIRECTION('',(-1.,1.110223024625E-16,0.));
#6627 = PLANE('',#6628);
#6628 = AXIS2_PLACEMENT_3D('',#6629,#6630,#6631);
#6629 = CARTESIAN_POINT('',(-11.,-35.1,-1.E-02));
#6630 = DIRECTION('',(1.110223024625E-16,1.,0.));
#6631 = DIRECTION('',(0.,0.,1.));
#6632 = ADVANCED_FACE('',(#6633),#6658,.T.);
#6633 = FACE_BOUND('',#6634,.T.);
#6634 = EDGE_LOOP('',(#6635,#6643,#6644,#6652));
#6635 = ORIENTED_EDGE('',*,*,#6636,.F.);
#6636 = EDGE_CURVE('',#3650,#6637,#6639,.T.);
#6637 = VERTEX_POINT('',#6638);
#6638 = CARTESIAN_POINT('',(-11.,-30.9,3.));
#6639 = LINE('',#6640,#6641);
#6640 = CARTESIAN_POINT('',(-11.,-30.9,-1.E-02));
#6641 = VECTOR('',#6642,1.);
#6642 = DIRECTION('',(0.,0.,1.));
#6643 = ORIENTED_EDGE('',*,*,#3707,.T.);
#6644 = ORIENTED_EDGE('',*,*,#6645,.T.);
#6645 = EDGE_CURVE('',#3708,#6646,#6648,.T.);
#6646 = VERTEX_POINT('',#6647);
#6647 = CARTESIAN_POINT('',(-13.,-30.9,3.));
#6648 = LINE('',#6649,#6650);
#6649 = CARTESIAN_POINT('',(-13.,-30.9,-1.E-02));
#6650 = VECTOR('',#6651,1.);
#6651 = DIRECTION('',(0.,0.,1.));
#6652 = ORIENTED_EDGE('',*,*,#6653,.F.);
#6653 = EDGE_CURVE('',#6637,#6646,#6654,.T.);
#6654 = LINE('',#6655,#6656);
#6655 = CARTESIAN_POINT('',(-11.,-30.9,3.));
#6656 = VECTOR('',#6657,1.);
#6657 = DIRECTION('',(-1.,1.110223024625E-16,0.));
#6658 = PLANE('',#6659);
#6659 = AXIS2_PLACEMENT_3D('',#6660,#6661,#6662);
#6660 = CARTESIAN_POINT('',(-11.,-30.9,-1.E-02));
#6661 = DIRECTION('',(1.110223024625E-16,1.,0.));
#6662 = DIRECTION('',(0.,0.,1.));
#6663 = ADVANCED_FACE('',(#6664),#6689,.F.);
#6664 = FACE_BOUND('',#6665,.F.);
#6665 = EDGE_LOOP('',(#6666,#6674,#6675,#6683));
#6666 = ORIENTED_EDGE('',*,*,#6667,.F.);
#6667 = EDGE_CURVE('',#3790,#6668,#6670,.T.);
#6668 = VERTEX_POINT('',#6669);
#6669 = CARTESIAN_POINT('',(-33.1,-1.,3.));
#6670 = LINE('',#6671,#6672);
#6671 = CARTESIAN_POINT('',(-33.1,-1.,-1.E-02));
#6672 = VECTOR('',#6673,1.);
#6673 = DIRECTION('',(0.,0.,1.));
#6674 = ORIENTED_EDGE('',*,*,#3830,.T.);
#6675 = ORIENTED_EDGE('',*,*,#6676,.T.);
#6676 = EDGE_CURVE('',#3831,#6677,#6679,.T.);
#6677 = VERTEX_POINT('',#6678);
#6678 = CARTESIAN_POINT('',(-33.1,1.,3.));
#6679 = LINE('',#6680,#6681);
#6680 = CARTESIAN_POINT('',(-33.1,1.,-1.E-02));
#6681 = VECTOR('',#6682,1.);
#6682 = DIRECTION('',(0.,0.,1.));
#6683 = ORIENTED_EDGE('',*,*,#6684,.F.);
#6684 = EDGE_CURVE('',#6668,#6677,#6685,.T.);
#6685 = LINE('',#6686,#6687);
#6686 = CARTESIAN_POINT('',(-33.1,-1.,3.));
#6687 = VECTOR('',#6688,1.);
#6688 = DIRECTION('',(0.,1.,0.));
#6689 = PLANE('',#6690);
#6690 = AXIS2_PLACEMENT_3D('',#6691,#6692,#6693);
#6691 = CARTESIAN_POINT('',(-33.1,-1.,-1.E-02));
#6692 = DIRECTION('',(1.,0.,0.));
#6693 = DIRECTION('',(0.,0.,1.));
#6694 = ADVANCED_FACE('',(#6695),#6720,.T.);
#6695 = FACE_BOUND('',#6696,.T.);
#6696 = EDGE_LOOP('',(#6697,#6705,#6706,#6714));
#6697 = ORIENTED_EDGE('',*,*,#6698,.F.);
#6698 = EDGE_CURVE('',#3948,#6699,#6701,.T.);
#6699 = VERTEX_POINT('',#6700);
#6700 = CARTESIAN_POINT('',(-28.9,-1.,3.));
#6701 = LINE('',#6702,#6703);
#6702 = CARTESIAN_POINT('',(-28.9,-1.,-1.E-02));
#6703 = VECTOR('',#6704,1.);
#6704 = DIRECTION('',(0.,0.,1.));
#6705 = ORIENTED_EDGE('',*,*,#4005,.T.);
#6706 = ORIENTED_EDGE('',*,*,#6707,.T.);
#6707 = EDGE_CURVE('',#4006,#6708,#6710,.T.);
#6708 = VERTEX_POINT('',#6709);
#6709 = CARTESIAN_POINT('',(-28.9,1.,3.));
#6710 = LINE('',#6711,#6712);
#6711 = CARTESIAN_POINT('',(-28.9,1.,-1.E-02));
#6712 = VECTOR('',#6713,1.);
#6713 = DIRECTION('',(0.,0.,1.));
#6714 = ORIENTED_EDGE('',*,*,#6715,.F.);
#6715 = EDGE_CURVE('',#6699,#6708,#6716,.T.);
#6716 = LINE('',#6717,#6718);
#6717 = CARTESIAN_POINT('',(-28.9,-1.,3.));
#6718 = VECTOR('',#6719,1.);
#6719 = DIRECTION('',(0.,1.,0.));
#6720 = PLANE('',#6721);
#6721 = AXIS2_PLACEMENT_3D('',#6722,#6723,#6724);
#6722 = CARTESIAN_POINT('',(-28.9,-1.,-1.E-02));
#6723 = DIRECTION('',(1.,0.,0.));
#6724 = DIRECTION('',(0.,0.,1.));
#6725 = ADVANCED_FACE('',(#6726,#6729),#6740,.T.);
#6726 = FACE_BOUND('',#6727,.T.);
#6727 = EDGE_LOOP('',(#6728));
#6728 = ORIENTED_EDGE('',*,*,#4095,.T.);
#6729 = FACE_BOUND('',#6730,.T.);
#6730 = EDGE_LOOP('',(#6731));
#6731 = ORIENTED_EDGE('',*,*,#6732,.F.);
#6732 = EDGE_CURVE('',#6733,#6733,#6735,.T.);
#6733 = VERTEX_POINT('',#6734);
#6734 = CARTESIAN_POINT('',(-7.49,-12.7,1.));
#6735 = CIRCLE('',#6736,1.4);
#6736 = AXIS2_PLACEMENT_3D('',#6737,#6738,#6739);
#6737 = CARTESIAN_POINT('',(-8.89,-12.7,1.));
#6738 = DIRECTION('',(0.,0.,1.));
#6739 = DIRECTION('',(1.,0.,0.));
#6740 = PLANE('',#6741);
#6741 = AXIS2_PLACEMENT_3D('',#6742,#6743,#6744);
#6742 = CARTESIAN_POINT('',(-8.89,-12.7,1.));
#6743 = DIRECTION('',(0.,0.,1.));
#6744 = DIRECTION('',(1.,0.,0.));
#6745 = ADVANCED_FACE('',(#6746),#6771,.F.);
#6746 = FACE_BOUND('',#6747,.F.);
#6747 = EDGE_LOOP('',(#6748,#6756,#6757,#6765));
#6748 = ORIENTED_EDGE('',*,*,#6749,.F.);
#6749 = EDGE_CURVE('',#4113,#6750,#6752,.T.);
#6750 = VERTEX_POINT('',#6751);
#6751 = CARTESIAN_POINT('',(-13.53,-10.,3.9));
#6752 = LINE('',#6753,#6754);
#6753 = CARTESIAN_POINT('',(-13.53,-10.,-1.E-02));
#6754 = VECTOR('',#6755,1.);
#6755 = DIRECTION('',(0.,0.,1.));
#6756 = ORIENTED_EDGE('',*,*,#4112,.T.);
#6757 = ORIENTED_EDGE('',*,*,#6758,.T.);
#6758 = EDGE_CURVE('',#4115,#6759,#6761,.T.);
#6759 = VERTEX_POINT('',#6760);
#6760 = CARTESIAN_POINT('',(-13.53,-7.,3.9));
#6761 = LINE('',#6762,#6763);
#6762 = CARTESIAN_POINT('',(-13.53,-7.,-1.E-02));
#6763 = VECTOR('',#6764,1.);
#6764 = DIRECTION('',(0.,0.,1.));
#6765 = ORIENTED_EDGE('',*,*,#6766,.F.);
#6766 = EDGE_CURVE('',#6750,#6759,#6767,.T.);
#6767 = LINE('',#6768,#6769);
#6768 = CARTESIAN_POINT('',(-13.53,-10.,3.9));
#6769 = VECTOR('',#6770,1.);
#6770 = DIRECTION('',(0.,1.,0.));
#6771 = PLANE('',#6772);
#6772 = AXIS2_PLACEMENT_3D('',#6773,#6774,#6775);
#6773 = CARTESIAN_POINT('',(-13.53,-10.,-1.E-02));
#6774 = DIRECTION('',(1.,0.,0.));
#6775 = DIRECTION('',(0.,0.,1.));
#6776 = ADVANCED_FACE('',(#6777),#6802,.F.);
#6777 = FACE_BOUND('',#6778,.F.);
#6778 = EDGE_LOOP('',(#6779,#6787,#6788,#6796));
#6779 = ORIENTED_EDGE('',*,*,#6780,.F.);
#6780 = EDGE_CURVE('',#4146,#6781,#6783,.T.);
#6781 = VERTEX_POINT('',#6782);
#6782 = CARTESIAN_POINT('',(13.,-35.1,3.));
#6783 = LINE('',#6784,#6785);
#6784 = CARTESIAN_POINT('',(13.,-35.1,-1.E-02));
#6785 = VECTOR('',#6786,1.);
#6786 = DIRECTION('',(0.,0.,1.));
#6787 = ORIENTED_EDGE('',*,*,#4186,.T.);
#6788 = ORIENTED_EDGE('',*,*,#6789,.T.);
#6789 = EDGE_CURVE('',#4187,#6790,#6792,.T.);
#6790 = VERTEX_POINT('',#6791);
#6791 = CARTESIAN_POINT('',(11.,-35.1,3.));
#6792 = LINE('',#6793,#6794);
#6793 = CARTESIAN_POINT('',(11.,-35.1,-1.E-02));
#6794 = VECTOR('',#6795,1.);
#6795 = DIRECTION('',(0.,0.,1.));
#6796 = ORIENTED_EDGE('',*,*,#6797,.F.);
#6797 = EDGE_CURVE('',#6781,#6790,#6798,.T.);
#6798 = LINE('',#6799,#6800);
#6799 = CARTESIAN_POINT('',(13.,-35.1,3.));
#6800 = VECTOR('',#6801,1.);
#6801 = DIRECTION('',(-1.,1.110223024625E-16,0.));
#6802 = PLANE('',#6803);
#6803 = AXIS2_PLACEMENT_3D('',#6804,#6805,#6806);
#6804 = CARTESIAN_POINT('',(13.,-35.1,-1.E-02));
#6805 = DIRECTION('',(1.110223024625E-16,1.,0.));
#6806 = DIRECTION('',(0.,0.,1.));
#6807 = ADVANCED_FACE('',(#6808),#6833,.T.);
#6808 = FACE_BOUND('',#6809,.T.);
#6809 = EDGE_LOOP('',(#6810,#6818,#6819,#6827));
#6810 = ORIENTED_EDGE('',*,*,#6811,.F.);
#6811 = EDGE_CURVE('',#4304,#6812,#6814,.T.);
#6812 = VERTEX_POINT('',#6813);
#6813 = CARTESIAN_POINT('',(13.,-30.9,3.));
#6814 = LINE('',#6815,#6816);
#6815 = CARTESIAN_POINT('',(13.,-30.9,-1.E-02));
#6816 = VECTOR('',#6817,1.);
#6817 = DIRECTION('',(0.,0.,1.));
#6818 = ORIENTED_EDGE('',*,*,#4361,.T.);
#6819 = ORIENTED_EDGE('',*,*,#6820,.T.);
#6820 = EDGE_CURVE('',#4362,#6821,#6823,.T.);
#6821 = VERTEX_POINT('',#6822);
#6822 = CARTESIAN_POINT('',(11.,-30.9,3.));
#6823 = LINE('',#6824,#6825);
#6824 = CARTESIAN_POINT('',(11.,-30.9,-1.E-02));
#6825 = VECTOR('',#6826,1.);
#6826 = DIRECTION('',(0.,0.,1.));
#6827 = ORIENTED_EDGE('',*,*,#6828,.F.);
#6828 = EDGE_CURVE('',#6812,#6821,#6829,.T.);
#6829 = LINE('',#6830,#6831);
#6830 = CARTESIAN_POINT('',(13.,-30.9,3.));
#6831 = VECTOR('',#6832,1.);
#6832 = DIRECTION('',(-1.,1.110223024625E-16,0.));
#6833 = PLANE('',#6834);
#6834 = AXIS2_PLACEMENT_3D('',#6835,#6836,#6837);
#6835 = CARTESIAN_POINT('',(13.,-30.9,-1.E-02));
#6836 = DIRECTION('',(1.110223024625E-16,1.,0.));
#6837 = DIRECTION('',(0.,0.,1.));
#6838 = ADVANCED_FACE('',(#6839),#6864,.F.);
#6839 = FACE_BOUND('',#6840,.F.);
#6840 = EDGE_LOOP('',(#6841,#6849,#6850,#6858));
#6841 = ORIENTED_EDGE('',*,*,#6842,.F.);
#6842 = EDGE_CURVE('',#4444,#6843,#6845,.T.);
#6843 = VERTEX_POINT('',#6844);
#6844 = CARTESIAN_POINT('',(28.9,-21.,3.));
#6845 = LINE('',#6846,#6847);
#6846 = CARTESIAN_POINT('',(28.9,-21.,-1.E-02));
#6847 = VECTOR('',#6848,1.);
#6848 = DIRECTION('',(0.,0.,1.));
#6849 = ORIENTED_EDGE('',*,*,#4484,.T.);
#6850 = ORIENTED_EDGE('',*,*,#6851,.T.);
#6851 = EDGE_CURVE('',#4485,#6852,#6854,.T.);
#6852 = VERTEX_POINT('',#6853);
#6853 = CARTESIAN_POINT('',(28.9,-19.,3.));
#6854 = LINE('',#6855,#6856);
#6855 = CARTESIAN_POINT('',(28.9,-19.,-1.E-02));
#6856 = VECTOR('',#6857,1.);
#6857 = DIRECTION('',(0.,0.,1.));
#6858 = ORIENTED_EDGE('',*,*,#6859,.F.);
#6859 = EDGE_CURVE('',#6843,#6852,#6860,.T.);
#6860 = LINE('',#6861,#6862);
#6861 = CARTESIAN_POINT('',(28.9,-21.,3.));
#6862 = VECTOR('',#6863,1.);
#6863 = DIRECTION('',(0.,1.,0.));
#6864 = PLANE('',#6865);
#6865 = AXIS2_PLACEMENT_3D('',#6866,#6867,#6868);
#6866 = CARTESIAN_POINT('',(28.9,-21.,-1.E-02));
#6867 = DIRECTION('',(1.,0.,0.));
#6868 = DIRECTION('',(0.,0.,1.));
#6869 = ADVANCED_FACE('',(#6870),#6895,.T.);
#6870 = FACE_BOUND('',#6871,.T.);
#6871 = EDGE_LOOP('',(#6872,#6880,#6881,#6889));
#6872 = ORIENTED_EDGE('',*,*,#6873,.F.);
#6873 = EDGE_CURVE('',#4602,#6874,#6876,.T.);
#6874 = VERTEX_POINT('',#6875);
#6875 = CARTESIAN_POINT('',(33.1,-21.,3.));
#6876 = LINE('',#6877,#6878);
#6877 = CARTESIAN_POINT('',(33.1,-21.,-1.E-02));
#6878 = VECTOR('',#6879,1.);
#6879 = DIRECTION('',(0.,0.,1.));
#6880 = ORIENTED_EDGE('',*,*,#4659,.T.);
#6881 = ORIENTED_EDGE('',*,*,#6882,.T.);
#6882 = EDGE_CURVE('',#4660,#6883,#6885,.T.);
#6883 = VERTEX_POINT('',#6884);
#6884 = CARTESIAN_POINT('',(33.1,-19.,3.));
#6885 = LINE('',#6886,#6887);
#6886 = CARTESIAN_POINT('',(33.1,-19.,-1.E-02));
#6887 = VECTOR('',#6888,1.);
#6888 = DIRECTION('',(0.,0.,1.));
#6889 = ORIENTED_EDGE('',*,*,#6890,.F.);
#6890 = EDGE_CURVE('',#6874,#6883,#6891,.T.);
#6891 = LINE('',#6892,#6893);
#6892 = CARTESIAN_POINT('',(33.1,-21.,3.));
#6893 = VECTOR('',#6894,1.);
#6894 = DIRECTION('',(0.,1.,0.));
#6895 = PLANE('',#6896);
#6896 = AXIS2_PLACEMENT_3D('',#6897,#6898,#6899);
#6897 = CARTESIAN_POINT('',(33.1,-21.,-1.E-02));
#6898 = DIRECTION('',(1.,0.,0.));
#6899 = DIRECTION('',(0.,0.,1.));
#6900 = ADVANCED_FACE('',(#6901,#6904),#6915,.T.);
#6901 = FACE_BOUND('',#6902,.T.);
#6902 = EDGE_LOOP('',(#6903));
#6903 = ORIENTED_EDGE('',*,*,#4749,.T.);
#6904 = FACE_BOUND('',#6905,.T.);
#6905 = EDGE_LOOP('',(#6906));
#6906 = ORIENTED_EDGE('',*,*,#6907,.F.);
#6907 = EDGE_CURVE('',#6908,#6908,#6910,.T.);
#6908 = VERTEX_POINT('',#6909);
#6909 = CARTESIAN_POINT('',(10.29,-12.7,1.));
#6910 = CIRCLE('',#6911,1.4);
#6911 = AXIS2_PLACEMENT_3D('',#6912,#6913,#6914);
#6912 = CARTESIAN_POINT('',(8.89,-12.7,1.));
#6913 = DIRECTION('',(0.,0.,1.));
#6914 = DIRECTION('',(1.,0.,0.));
#6915 = PLANE('',#6916);
#6916 = AXIS2_PLACEMENT_3D('',#6917,#6918,#6919);
#6917 = CARTESIAN_POINT('',(8.89,-12.7,1.));
#6918 = DIRECTION('',(0.,0.,1.));
#6919 = DIRECTION('',(1.,0.,0.));
#6920 = ADVANCED_FACE('',(#6921),#6946,.T.);
#6921 = FACE_BOUND('',#6922,.T.);
#6922 = EDGE_LOOP('',(#6923,#6931,#6932,#6940));
#6923 = ORIENTED_EDGE('',*,*,#6924,.F.);
#6924 = EDGE_CURVE('',#4767,#6925,#6927,.T.);
#6925 = VERTEX_POINT('',#6926);
#6926 = CARTESIAN_POINT('',(13.53,-10.,3.9));
#6927 = LINE('',#6928,#6929);
#6928 = CARTESIAN_POINT('',(13.53,-10.,-1.E-02));
#6929 = VECTOR('',#6930,1.);
#6930 = DIRECTION('',(0.,0.,1.));
#6931 = ORIENTED_EDGE('',*,*,#4775,.T.);
#6932 = ORIENTED_EDGE('',*,*,#6933,.T.);
#6933 = EDGE_CURVE('',#4776,#6934,#6936,.T.);
#6934 = VERTEX_POINT('',#6935);
#6935 = CARTESIAN_POINT('',(13.53,-7.,3.9));
#6936 = LINE('',#6937,#6938);
#6937 = CARTESIAN_POINT('',(13.53,-7.,-1.E-02));
#6938 = VECTOR('',#6939,1.);
#6939 = DIRECTION('',(0.,0.,1.));
#6940 = ORIENTED_EDGE('',*,*,#6941,.F.);
#6941 = EDGE_CURVE('',#6925,#6934,#6942,.T.);
#6942 = LINE('',#6943,#6944);
#6943 = CARTESIAN_POINT('',(13.53,-10.,3.9));
#6944 = VECTOR('',#6945,1.);
#6945 = DIRECTION('',(0.,1.,0.));
#6946 = PLANE('',#6947);
#6947 = AXIS2_PLACEMENT_3D('',#6948,#6949,#6950);
#6948 = CARTESIAN_POINT('',(13.53,-10.,-1.E-02));
#6949 = DIRECTION('',(1.,0.,0.));
#6950 = DIRECTION('',(0.,0.,1.));
#6951 = ADVANCED_FACE('',(#6952,#6955),#6966,.T.);
#6952 = FACE_BOUND('',#6953,.T.);
#6953 = EDGE_LOOP('',(#6954));
#6954 = ORIENTED_EDGE('',*,*,#4807,.T.);
#6955 = FACE_BOUND('',#6956,.T.);
#6956 = EDGE_LOOP('',(#6957));
#6957 = ORIENTED_EDGE('',*,*,#6958,.F.);
#6958 = EDGE_CURVE('',#6959,#6959,#6961,.T.);
#6959 = VERTEX_POINT('',#6960);
#6960 = CARTESIAN_POINT('',(27.55,-17.5,0.4));
#6961 = CIRCLE('',#6962,5.05);
#6962 = AXIS2_PLACEMENT_3D('',#6963,#6964,#6965);
#6963 = CARTESIAN_POINT('',(22.5,-17.5,0.4));
#6964 = DIRECTION('',(0.,0.,1.));
#6965 = DIRECTION('',(1.,0.,0.));
#6966 = PLANE('',#6967);
#6967 = AXIS2_PLACEMENT_3D('',#6968,#6969,#6970);
#6968 = CARTESIAN_POINT('',(22.5,-17.5,0.4));
#6969 = DIRECTION('',(0.,0.,1.));
#6970 = DIRECTION('',(1.,0.,0.));
#6971 = ADVANCED_FACE('',(#6972),#6997,.F.);
#6972 = FACE_BOUND('',#6973,.F.);
#6973 = EDGE_LOOP('',(#6974,#6982,#6983,#6991));
#6974 = ORIENTED_EDGE('',*,*,#6975,.F.);
#6975 = EDGE_CURVE('',#4825,#6976,#6978,.T.);
#6976 = VERTEX_POINT('',#6977);
#6977 = CARTESIAN_POINT('',(28.9,-1.,3.));
#6978 = LINE('',#6979,#6980);
#6979 = CARTESIAN_POINT('',(28.9,-1.,-1.E-02));
#6980 = VECTOR('',#6981,1.);
#6981 = DIRECTION('',(0.,0.,1.));
#6982 = ORIENTED_EDGE('',*,*,#4865,.T.);
#6983 = ORIENTED_EDGE('',*,*,#6984,.T.);
#6984 = EDGE_CURVE('',#4866,#6985,#6987,.T.);
#6985 = VERTEX_POINT('',#6986);
#6986 = CARTESIAN_POINT('',(28.9,1.,3.));
#6987 = LINE('',#6988,#6989);
#6988 = CARTESIAN_POINT('',(28.9,1.,-1.E-02));
#6989 = VECTOR('',#6990,1.);
#6990 = DIRECTION('',(0.,0.,1.));
#6991 = ORIENTED_EDGE('',*,*,#6992,.F.);
#6992 = EDGE_CURVE('',#6976,#6985,#6993,.T.);
#6993 = LINE('',#6994,#6995);
#6994 = CARTESIAN_POINT('',(28.9,-1.,3.));
#6995 = VECTOR('',#6996,1.);
#6996 = DIRECTION('',(0.,1.,0.));
#6997 = PLANE('',#6998);
#6998 = AXIS2_PLACEMENT_3D('',#6999,#7000,#7001);
#6999 = CARTESIAN_POINT('',(28.9,-1.,-1.E-02));
#7000 = DIRECTION('',(1.,0.,0.));
#7001 = DIRECTION('',(0.,0.,1.));
#7002 = ADVANCED_FACE('',(#7003),#7028,.T.);
#7003 = FACE_BOUND('',#7004,.T.);
#7004 = EDGE_LOOP('',(#7005,#7013,#7014,#7022));
#7005 = ORIENTED_EDGE('',*,*,#7006,.F.);
#7006 = EDGE_CURVE('',#4983,#7007,#7009,.T.);
#7007 = VERTEX_POINT('',#7008);
#7008 = CARTESIAN_POINT('',(33.1,-1.,3.));
#7009 = LINE('',#7010,#7011);
#7010 = CARTESIAN_POINT('',(33.1,-1.,-1.E-02));
#7011 = VECTOR('',#7012,1.);
#7012 = DIRECTION('',(0.,0.,1.));
#7013 = ORIENTED_EDGE('',*,*,#5040,.T.);
#7014 = ORIENTED_EDGE('',*,*,#7015,.T.);
#7015 = EDGE_CURVE('',#5041,#7016,#7018,.T.);
#7016 = VERTEX_POINT('',#7017);
#7017 = CARTESIAN_POINT('',(33.1,1.,3.));
#7018 = LINE('',#7019,#7020);
#7019 = CARTESIAN_POINT('',(33.1,1.,-1.E-02));
#7020 = VECTOR('',#7021,1.);
#7021 = DIRECTION('',(0.,0.,1.));
#7022 = ORIENTED_EDGE('',*,*,#7023,.F.);
#7023 = EDGE_CURVE('',#7007,#7016,#7024,.T.);
#7024 = LINE('',#7025,#7026);
#7025 = CARTESIAN_POINT('',(33.1,-1.,3.));
#7026 = VECTOR('',#7027,1.);
#7027 = DIRECTION('',(0.,1.,0.));
#7028 = PLANE('',#7029);
#7029 = AXIS2_PLACEMENT_3D('',#7030,#7031,#7032);
#7030 = CARTESIAN_POINT('',(33.1,-1.,-1.E-02));
#7031 = DIRECTION('',(1.,0.,0.));
#7032 = DIRECTION('',(0.,0.,1.));
#7033 = ADVANCED_FACE('',(#7034,#7037),#7048,.T.);
#7034 = FACE_BOUND('',#7035,.T.);
#7035 = EDGE_LOOP('',(#7036));
#7036 = ORIENTED_EDGE('',*,*,#5130,.T.);
#7037 = FACE_BOUND('',#7038,.T.);
#7038 = EDGE_LOOP('',(#7039));
#7039 = ORIENTED_EDGE('',*,*,#7040,.F.);
#7040 = EDGE_CURVE('',#7041,#7041,#7043,.T.);
#7041 = VERTEX_POINT('',#7042);
#7042 = CARTESIAN_POINT('',(-17.45,17.5,0.4));
#7043 = CIRCLE('',#7044,5.05);
#7044 = AXIS2_PLACEMENT_3D('',#7045,#7046,#7047);
#7045 = CARTESIAN_POINT('',(-22.5,17.5,0.4));
#7046 = DIRECTION('',(0.,0.,1.));
#7047 = DIRECTION('',(1.,0.,0.));
#7048 = PLANE('',#7049);
#7049 = AXIS2_PLACEMENT_3D('',#7050,#7051,#7052);
#7050 = CARTESIAN_POINT('',(-22.5,17.5,0.4));
#7051 = DIRECTION('',(0.,0.,1.));
#7052 = DIRECTION('',(1.,0.,0.));
#7053 = ADVANCED_FACE('',(#7054),#7079,.F.);
#7054 = FACE_BOUND('',#7055,.F.);
#7055 = EDGE_LOOP('',(#7056,#7064,#7065,#7073));
#7056 = ORIENTED_EDGE('',*,*,#7057,.F.);
#7057 = EDGE_CURVE('',#5148,#7058,#7060,.T.);
#7058 = VERTEX_POINT('',#7059);
#7059 = CARTESIAN_POINT('',(-13.53,7.,3.9));
#7060 = LINE('',#7061,#7062);
#7061 = CARTESIAN_POINT('',(-13.53,7.,-1.E-02));
#7062 = VECTOR('',#7063,1.);
#7063 = DIRECTION('',(0.,0.,1.));
#7064 = ORIENTED_EDGE('',*,*,#5147,.T.);
#7065 = ORIENTED_EDGE('',*,*,#7066,.T.);
#7066 = EDGE_CURVE('',#5150,#7067,#7069,.T.);
#7067 = VERTEX_POINT('',#7068);
#7068 = CARTESIAN_POINT('',(-13.53,10.,3.9));
#7069 = LINE('',#7070,#7071);
#7070 = CARTESIAN_POINT('',(-13.53,10.,-1.E-02));
#7071 = VECTOR('',#7072,1.);
#7072 = DIRECTION('',(0.,0.,1.));
#7073 = ORIENTED_EDGE('',*,*,#7074,.F.);
#7074 = EDGE_CURVE('',#7058,#7067,#7075,.T.);
#7075 = LINE('',#7076,#7077);
#7076 = CARTESIAN_POINT('',(-13.53,7.,3.9));
#7077 = VECTOR('',#7078,1.);
#7078 = DIRECTION('',(0.,1.,0.));
#7079 = PLANE('',#7080);
#7080 = AXIS2_PLACEMENT_3D('',#7081,#7082,#7083);
#7081 = CARTESIAN_POINT('',(-13.53,7.,-1.E-02));
#7082 = DIRECTION('',(1.,0.,0.));
#7083 = DIRECTION('',(0.,0.,1.));
#7084 = ADVANCED_FACE('',(#7085,#7088),#7099,.T.);
#7085 = FACE_BOUND('',#7086,.T.);
#7086 = EDGE_LOOP('',(#7087));
#7087 = ORIENTED_EDGE('',*,*,#5188,.T.);
#7088 = FACE_BOUND('',#7089,.T.);
#7089 = EDGE_LOOP('',(#7090));
#7090 = ORIENTED_EDGE('',*,*,#7091,.F.);
#7091 = EDGE_CURVE('',#7092,#7092,#7094,.T.);
#7092 = VERTEX_POINT('',#7093);
#7093 = CARTESIAN_POINT('',(-7.49,12.7,1.));
#7094 = CIRCLE('',#7095,1.4);
#7095 = AXIS2_PLACEMENT_3D('',#7096,#7097,#7098);
#7096 = CARTESIAN_POINT('',(-8.89,12.7,1.));
#7097 = DIRECTION('',(0.,0.,1.));
#7098 = DIRECTION('',(1.,0.,0.));
#7099 = PLANE('',#7100);
#7100 = AXIS2_PLACEMENT_3D('',#7101,#7102,#7103);
#7101 = CARTESIAN_POINT('',(-8.89,12.7,1.));
#7102 = DIRECTION('',(0.,0.,1.));
#7103 = DIRECTION('',(1.,0.,0.));
#7104 = ADVANCED_FACE('',(#7105),#7130,.F.);
#7105 = FACE_BOUND('',#7106,.F.);
#7106 = EDGE_LOOP('',(#7107,#7115,#7116,#7124));
#7107 = ORIENTED_EDGE('',*,*,#7108,.F.);
#7108 = EDGE_CURVE('',#5206,#7109,#7111,.T.);
#7109 = VERTEX_POINT('',#7110);
#7110 = CARTESIAN_POINT('',(-33.1,19.,3.));
#7111 = LINE('',#7112,#7113);
#7112 = CARTESIAN_POINT('',(-33.1,19.,-1.E-02));
#7113 = VECTOR('',#7114,1.);
#7114 = DIRECTION('',(0.,0.,1.));
#7115 = ORIENTED_EDGE('',*,*,#5246,.T.);
#7116 = ORIENTED_EDGE('',*,*,#7117,.T.);
#7117 = EDGE_CURVE('',#5247,#7118,#7120,.T.);
#7118 = VERTEX_POINT('',#7119);
#7119 = CARTESIAN_POINT('',(-33.1,21.,3.));
#7120 = LINE('',#7121,#7122);
#7121 = CARTESIAN_POINT('',(-33.1,21.,-1.E-02));
#7122 = VECTOR('',#7123,1.);
#7123 = DIRECTION('',(0.,0.,1.));
#7124 = ORIENTED_EDGE('',*,*,#7125,.F.);
#7125 = EDGE_CURVE('',#7109,#7118,#7126,.T.);
#7126 = LINE('',#7127,#7128);
#7127 = CARTESIAN_POINT('',(-33.1,19.,3.));
#7128 = VECTOR('',#7129,1.);
#7129 = DIRECTION('',(0.,1.,0.));
#7130 = PLANE('',#7131);
#7131 = AXIS2_PLACEMENT_3D('',#7132,#7133,#7134);
#7132 = CARTESIAN_POINT('',(-33.1,19.,-1.E-02));
#7133 = DIRECTION('',(1.,0.,0.));
#7134 = DIRECTION('',(0.,0.,1.));
#7135 = ADVANCED_FACE('',(#7136),#7161,.T.);
#7136 = FACE_BOUND('',#7137,.T.);
#7137 = EDGE_LOOP('',(#7138,#7146,#7147,#7155));
#7138 = ORIENTED_EDGE('',*,*,#7139,.F.);
#7139 = EDGE_CURVE('',#5364,#7140,#7142,.T.);
#7140 = VERTEX_POINT('',#7141);
#7141 = CARTESIAN_POINT('',(-28.9,19.,3.));
#7142 = LINE('',#7143,#7144);
#7143 = CARTESIAN_POINT('',(-28.9,19.,-1.E-02));
#7144 = VECTOR('',#7145,1.);
#7145 = DIRECTION('',(0.,0.,1.));
#7146 = ORIENTED_EDGE('',*,*,#5421,.T.);
#7147 = ORIENTED_EDGE('',*,*,#7148,.T.);
#7148 = EDGE_CURVE('',#5422,#7149,#7151,.T.);
#7149 = VERTEX_POINT('',#7150);
#7150 = CARTESIAN_POINT('',(-28.9,21.,3.));
#7151 = LINE('',#7152,#7153);
#7152 = CARTESIAN_POINT('',(-28.9,21.,-1.E-02));
#7153 = VECTOR('',#7154,1.);
#7154 = DIRECTION('',(0.,0.,1.));
#7155 = ORIENTED_EDGE('',*,*,#7156,.F.);
#7156 = EDGE_CURVE('',#7140,#7149,#7157,.T.);
#7157 = LINE('',#7158,#7159);
#7158 = CARTESIAN_POINT('',(-28.9,19.,3.));
#7159 = VECTOR('',#7160,1.);
#7160 = DIRECTION('',(0.,1.,0.));
#7161 = PLANE('',#7162);
#7162 = AXIS2_PLACEMENT_3D('',#7163,#7164,#7165);
#7163 = CARTESIAN_POINT('',(-28.9,19.,-1.E-02));
#7164 = DIRECTION('',(1.,0.,0.));
#7165 = DIRECTION('',(0.,0.,1.));
#7166 = ADVANCED_FACE('',(#7167),#7192,.F.);
#7167 = FACE_BOUND('',#7168,.F.);
#7168 = EDGE_LOOP('',(#7169,#7177,#7178,#7186));
#7169 = ORIENTED_EDGE('',*,*,#7170,.F.);
#7170 = EDGE_CURVE('',#5504,#7171,#7173,.T.);
#7171 = VERTEX_POINT('',#7172);
#7172 = CARTESIAN_POINT('',(-11.,30.9,3.));
#7173 = LINE('',#7174,#7175);
#7174 = CARTESIAN_POINT('',(-11.,30.9,-1.E-02));
#7175 = VECTOR('',#7176,1.);
#7176 = DIRECTION('',(0.,0.,1.));
#7177 = ORIENTED_EDGE('',*,*,#5544,.T.);
#7178 = ORIENTED_EDGE('',*,*,#7179,.T.);
#7179 = EDGE_CURVE('',#5545,#7180,#7182,.T.);
#7180 = VERTEX_POINT('',#7181);
#7181 = CARTESIAN_POINT('',(-13.,30.9,3.));
#7182 = LINE('',#7183,#7184);
#7183 = CARTESIAN_POINT('',(-13.,30.9,-1.E-02));
#7184 = VECTOR('',#7185,1.);
#7185 = DIRECTION('',(0.,0.,1.));
#7186 = ORIENTED_EDGE('',*,*,#7187,.F.);
#7187 = EDGE_CURVE('',#7171,#7180,#7188,.T.);
#7188 = LINE('',#7189,#7190);
#7189 = CARTESIAN_POINT('',(-11.,30.9,3.));
#7190 = VECTOR('',#7191,1.);
#7191 = DIRECTION('',(-1.,1.110223024625E-16,0.));
#7192 = PLANE('',#7193);
#7193 = AXIS2_PLACEMENT_3D('',#7194,#7195,#7196);
#7194 = CARTESIAN_POINT('',(-11.,30.9,-1.E-02));
#7195 = DIRECTION('',(1.110223024625E-16,1.,0.));
#7196 = DIRECTION('',(0.,0.,1.));
#7197 = ADVANCED_FACE('',(#7198),#7223,.T.);
#7198 = FACE_BOUND('',#7199,.T.);
#7199 = EDGE_LOOP('',(#7200,#7208,#7209,#7217));
#7200 = ORIENTED_EDGE('',*,*,#7201,.F.);
#7201 = EDGE_CURVE('',#5662,#7202,#7204,.T.);
#7202 = VERTEX_POINT('',#7203);
#7203 = CARTESIAN_POINT('',(-11.,35.1,3.));
#7204 = LINE('',#7205,#7206);
#7205 = CARTESIAN_POINT('',(-11.,35.1,-1.E-02));
#7206 = VECTOR('',#7207,1.);
#7207 = DIRECTION('',(0.,0.,1.));
#7208 = ORIENTED_EDGE('',*,*,#5719,.T.);
#7209 = ORIENTED_EDGE('',*,*,#7210,.T.);
#7210 = EDGE_CURVE('',#5720,#7211,#7213,.T.);
#7211 = VERTEX_POINT('',#7212);
#7212 = CARTESIAN_POINT('',(-13.,35.1,3.));
#7213 = LINE('',#7214,#7215);
#7214 = CARTESIAN_POINT('',(-13.,35.1,-1.E-02));
#7215 = VECTOR('',#7216,1.);
#7216 = DIRECTION('',(0.,0.,1.));
#7217 = ORIENTED_EDGE('',*,*,#7218,.F.);
#7218 = EDGE_CURVE('',#7202,#7211,#7219,.T.);
#7219 = LINE('',#7220,#7221);
#7220 = CARTESIAN_POINT('',(-11.,35.1,3.));
#7221 = VECTOR('',#7222,1.);
#7222 = DIRECTION('',(-1.,1.110223024625E-16,0.));
#7223 = PLANE('',#7224);
#7224 = AXIS2_PLACEMENT_3D('',#7225,#7226,#7227);
#7225 = CARTESIAN_POINT('',(-11.,35.1,-1.E-02));
#7226 = DIRECTION('',(1.110223024625E-16,1.,0.));
#7227 = DIRECTION('',(0.,0.,1.));
#7228 = ADVANCED_FACE('',(#7229),#7254,.F.);
#7229 = FACE_BOUND('',#7230,.F.);
#7230 = EDGE_LOOP('',(#7231,#7239,#7240,#7248));
#7231 = ORIENTED_EDGE('',*,*,#7232,.F.);
#7232 = EDGE_CURVE('',#5802,#7233,#7235,.T.);
#7233 = VERTEX_POINT('',#7234);
#7234 = CARTESIAN_POINT('',(1.,30.9,3.));
#7235 = LINE('',#7236,#7237);
#7236 = CARTESIAN_POINT('',(1.,30.9,-1.E-02));
#7237 = VECTOR('',#7238,1.);
#7238 = DIRECTION('',(0.,0.,1.));
#7239 = ORIENTED_EDGE('',*,*,#5842,.T.);
#7240 = ORIENTED_EDGE('',*,*,#7241,.T.);
#7241 = EDGE_CURVE('',#5843,#7242,#7244,.T.);
#7242 = VERTEX_POINT('',#7243);
#7243 = CARTESIAN_POINT('',(-1.,30.9,3.));
#7244 = LINE('',#7245,#7246);
#7245 = CARTESIAN_POINT('',(-1.,30.9,-1.E-02));
#7246 = VECTOR('',#7247,1.);
#7247 = DIRECTION('',(0.,0.,1.));
#7248 = ORIENTED_EDGE('',*,*,#7249,.F.);
#7249 = EDGE_CURVE('',#7233,#7242,#7250,.T.);
#7250 = LINE('',#7251,#7252);
#7251 = CARTESIAN_POINT('',(1.,30.9,3.));
#7252 = VECTOR('',#7253,1.);
#7253 = DIRECTION('',(-1.,1.110223024625E-16,0.));
#7254 = PLANE('',#7255);
#7255 = AXIS2_PLACEMENT_3D('',#7256,#7257,#7258);
#7256 = CARTESIAN_POINT('',(1.,30.9,-1.E-02));
#7257 = DIRECTION('',(1.110223024625E-16,1.,0.));
#7258 = DIRECTION('',(0.,0.,1.));
#7259 = ADVANCED_FACE('',(#7260),#7285,.T.);
#7260 = FACE_BOUND('',#7261,.T.);
#7261 = EDGE_LOOP('',(#7262,#7270,#7271,#7279));
#7262 = ORIENTED_EDGE('',*,*,#7263,.F.);
#7263 = EDGE_CURVE('',#5960,#7264,#7266,.T.);
#7264 = VERTEX_POINT('',#7265);
#7265 = CARTESIAN_POINT('',(1.,35.1,3.));
#7266 = LINE('',#7267,#7268);
#7267 = CARTESIAN_POINT('',(1.,35.1,-1.E-02));
#7268 = VECTOR('',#7269,1.);
#7269 = DIRECTION('',(0.,0.,1.));
#7270 = ORIENTED_EDGE('',*,*,#6017,.T.);
#7271 = ORIENTED_EDGE('',*,*,#7272,.T.);
#7272 = EDGE_CURVE('',#6018,#7273,#7275,.T.);
#7273 = VERTEX_POINT('',#7274);
#7274 = CARTESIAN_POINT('',(-1.,35.1,3.));
#7275 = LINE('',#7276,#7277);
#7276 = CARTESIAN_POINT('',(-1.,35.1,-1.E-02));
#7277 = VECTOR('',#7278,1.);
#7278 = DIRECTION('',(0.,0.,1.));
#7279 = ORIENTED_EDGE('',*,*,#7280,.F.);
#7280 = EDGE_CURVE('',#7264,#7273,#7281,.T.);
#7281 = LINE('',#7282,#7283);
#7282 = CARTESIAN_POINT('',(1.,35.1,3.));
#7283 = VECTOR('',#7284,1.);
#7284 = DIRECTION('',(-1.,1.110223024625E-16,0.));
#7285 = PLANE('',#7286);
#7286 = AXIS2_PLACEMENT_3D('',#7287,#7288,#7289);
#7287 = CARTESIAN_POINT('',(1.,35.1,-1.E-02));
#7288 = DIRECTION('',(1.110223024625E-16,1.,0.));
#7289 = DIRECTION('',(0.,0.,1.));
#7290 = ADVANCED_FACE('',(#7291),#7316,.T.);
#7291 = FACE_BOUND('',#7292,.T.);
#7292 = EDGE_LOOP('',(#7293,#7301,#7302,#7310));
#7293 = ORIENTED_EDGE('',*,*,#7294,.F.);
#7294 = EDGE_CURVE('',#6100,#7295,#7297,.T.);
#7295 = VERTEX_POINT('',#7296);
#7296 = CARTESIAN_POINT('',(13.53,7.,3.9));
#7297 = LINE('',#7298,#7299);
#7298 = CARTESIAN_POINT('',(13.53,7.,-1.E-02));
#7299 = VECTOR('',#7300,1.);
#7300 = DIRECTION('',(0.,0.,1.));
#7301 = ORIENTED_EDGE('',*,*,#6108,.T.);
#7302 = ORIENTED_EDGE('',*,*,#7303,.T.);
#7303 = EDGE_CURVE('',#6109,#7304,#7306,.T.);
#7304 = VERTEX_POINT('',#7305);
#7305 = CARTESIAN_POINT('',(13.53,10.,3.9));
#7306 = LINE('',#7307,#7308);
#7307 = CARTESIAN_POINT('',(13.53,10.,-1.E-02));
#7308 = VECTOR('',#7309,1.);
#7309 = DIRECTION('',(0.,0.,1.));
#7310 = ORIENTED_EDGE('',*,*,#7311,.F.);
#7311 = EDGE_CURVE('',#7295,#7304,#7312,.T.);
#7312 = LINE('',#7313,#7314);
#7313 = CARTESIAN_POINT('',(13.53,7.,3.9));
#7314 = VECTOR('',#7315,1.);
#7315 = DIRECTION('',(0.,1.,0.));
#7316 = PLANE('',#7317);
#7317 = AXIS2_PLACEMENT_3D('',#7318,#7319,#7320);
#7318 = CARTESIAN_POINT('',(13.53,7.,-1.E-02));
#7319 = DIRECTION('',(1.,0.,0.));
#7320 = DIRECTION('',(0.,0.,1.));
#7321 = ADVANCED_FACE('',(#7322,#7325),#7336,.T.);
#7322 = FACE_BOUND('',#7323,.T.);
#7323 = EDGE_LOOP('',(#7324));
#7324 = ORIENTED_EDGE('',*,*,#6140,.T.);
#7325 = FACE_BOUND('',#7326,.T.);
#7326 = EDGE_LOOP('',(#7327));
#7327 = ORIENTED_EDGE('',*,*,#7328,.F.);
#7328 = EDGE_CURVE('',#7329,#7329,#7331,.T.);
#7329 = VERTEX_POINT('',#7330);
#7330 = CARTESIAN_POINT('',(10.29,12.7,1.));
#7331 = CIRCLE('',#7332,1.4);
#7332 = AXIS2_PLACEMENT_3D('',#7333,#7334,#7335);
#7333 = CARTESIAN_POINT('',(8.89,12.7,1.));
#7334 = DIRECTION('',(0.,0.,1.));
#7335 = DIRECTION('',(1.,0.,0.));
#7336 = PLANE('',#7337);
#7337 = AXIS2_PLACEMENT_3D('',#7338,#7339,#7340);
#7338 = CARTESIAN_POINT('',(8.89,12.7,1.));
#7339 = DIRECTION('',(0.,0.,1.));
#7340 = DIRECTION('',(1.,0.,0.));
#7341 = ADVANCED_FACE('',(#7342),#7367,.F.);
#7342 = FACE_BOUND('',#7343,.F.);
#7343 = EDGE_LOOP('',(#7344,#7352,#7353,#7361));
#7344 = ORIENTED_EDGE('',*,*,#7345,.F.);
#7345 = EDGE_CURVE('',#6158,#7346,#7348,.T.);
#7346 = VERTEX_POINT('',#7347);
#7347 = CARTESIAN_POINT('',(28.9,19.,3.));
#7348 = LINE('',#7349,#7350);
#7349 = CARTESIAN_POINT('',(28.9,19.,-1.E-02));
#7350 = VECTOR('',#7351,1.);
#7351 = DIRECTION('',(0.,0.,1.));
#7352 = ORIENTED_EDGE('',*,*,#6198,.T.);
#7353 = ORIENTED_EDGE('',*,*,#7354,.T.);
#7354 = EDGE_CURVE('',#6199,#7355,#7357,.T.);
#7355 = VERTEX_POINT('',#7356);
#7356 = CARTESIAN_POINT('',(28.9,21.,3.));
#7357 = LINE('',#7358,#7359);
#7358 = CARTESIAN_POINT('',(28.9,21.,-1.E-02));
#7359 = VECTOR('',#7360,1.);
#7360 = DIRECTION('',(0.,0.,1.));
#7361 = ORIENTED_EDGE('',*,*,#7362,.F.);
#7362 = EDGE_CURVE('',#7346,#7355,#7363,.T.);
#7363 = LINE('',#7364,#7365);
#7364 = CARTESIAN_POINT('',(28.9,19.,3.));
#7365 = VECTOR('',#7366,1.);
#7366 = DIRECTION('',(0.,1.,0.));
#7367 = PLANE('',#7368);
#7368 = AXIS2_PLACEMENT_3D('',#7369,#7370,#7371);
#7369 = CARTESIAN_POINT('',(28.9,19.,-1.E-02));
#7370 = DIRECTION('',(1.,0.,0.));
#7371 = DIRECTION('',(0.,0.,1.));
#7372 = ADVANCED_FACE('',(#7373),#7398,.T.);
#7373 = FACE_BOUND('',#7374,.T.);
#7374 = EDGE_LOOP('',(#7375,#7383,#7384,#7392));
#7375 = ORIENTED_EDGE('',*,*,#7376,.F.);
#7376 = EDGE_CURVE('',#6316,#7377,#7379,.T.);
#7377 = VERTEX_POINT('',#7378);
#7378 = CARTESIAN_POINT('',(33.1,19.,3.));
#7379 = LINE('',#7380,#7381);
#7380 = CARTESIAN_POINT('',(33.1,19.,-1.E-02));
#7381 = VECTOR('',#7382,1.);
#7382 = DIRECTION('',(0.,0.,1.));
#7383 = ORIENTED_EDGE('',*,*,#6373,.T.);
#7384 = ORIENTED_EDGE('',*,*,#7385,.T.);
#7385 = EDGE_CURVE('',#6374,#7386,#7388,.T.);
#7386 = VERTEX_POINT('',#7387);
#7387 = CARTESIAN_POINT('',(33.1,21.,3.));
#7388 = LINE('',#7389,#7390);
#7389 = CARTESIAN_POINT('',(33.1,21.,-1.E-02));
#7390 = VECTOR('',#7391,1.);
#7391 = DIRECTION('',(0.,0.,1.));
#7392 = ORIENTED_EDGE('',*,*,#7393,.F.);
#7393 = EDGE_CURVE('',#7377,#7386,#7394,.T.);
#7394 = LINE('',#7395,#7396);
#7395 = CARTESIAN_POINT('',(33.1,19.,3.));
#7396 = VECTOR('',#7397,1.);
#7397 = DIRECTION('',(0.,1.,0.));
#7398 = PLANE('',#7399);
#7399 = AXIS2_PLACEMENT_3D('',#7400,#7401,#7402);
#7400 = CARTESIAN_POINT('',(33.1,19.,-1.E-02));
#7401 = DIRECTION('',(1.,0.,0.));
#7402 = DIRECTION('',(0.,0.,1.));
#7403 = ADVANCED_FACE('',(#7404),#7415,.F.);
#7404 = FACE_BOUND('',#7405,.F.);
#7405 = EDGE_LOOP('',(#7406,#7412,#7413,#7414));
#7406 = ORIENTED_EDGE('',*,*,#7407,.T.);
#7407 = EDGE_CURVE('',#6480,#6959,#7408,.T.);
#7408 = LINE('',#7409,#7410);
#7409 = CARTESIAN_POINT('',(27.55,-17.5,-1.));
#7410 = VECTOR('',#7411,1.);
#7411 = DIRECTION('',(0.,0.,1.));
#7412 = ORIENTED_EDGE('',*,*,#6958,.F.);
#7413 = ORIENTED_EDGE('',*,*,#7407,.F.);
#7414 = ORIENTED_EDGE('',*,*,#6479,.T.);
#7415 = CYLINDRICAL_SURFACE('',#7416,5.05);
#7416 = AXIS2_PLACEMENT_3D('',#7417,#7418,#7419);
#7417 = CARTESIAN_POINT('',(22.5,-17.5,-1.));
#7418 = DIRECTION('',(0.,0.,1.));
#7419 = DIRECTION('',(1.,0.,0.));
#7420 = ADVANCED_FACE('',(#7421),#7432,.F.);
#7421 = FACE_BOUND('',#7422,.F.);
#7422 = EDGE_LOOP('',(#7423,#7429,#7430,#7431));
#7423 = ORIENTED_EDGE('',*,*,#7424,.T.);
#7424 = EDGE_CURVE('',#6500,#7041,#7425,.T.);
#7425 = LINE('',#7426,#7427);
#7426 = CARTESIAN_POINT('',(-17.45,17.5,-1.));
#7427 = VECTOR('',#7428,1.);
#7428 = DIRECTION('',(0.,0.,1.));
#7429 = ORIENTED_EDGE('',*,*,#7040,.F.);
#7430 = ORIENTED_EDGE('',*,*,#7424,.F.);
#7431 = ORIENTED_EDGE('',*,*,#6499,.T.);
#7432 = CYLINDRICAL_SURFACE('',#7433,5.05);
#7433 = AXIS2_PLACEMENT_3D('',#7434,#7435,#7436);
#7434 = CARTESIAN_POINT('',(-22.5,17.5,-1.));
#7435 = DIRECTION('',(0.,0.,1.));
#7436 = DIRECTION('',(1.,0.,0.));
#7437 = ADVANCED_FACE('',(#7438),#7457,.T.);
#7438 = FACE_BOUND('',#7439,.T.);
#7439 = EDGE_LOOP('',(#7440,#7448,#7455,#7456));
#7440 = ORIENTED_EDGE('',*,*,#7441,.T.);
#7441 = EDGE_CURVE('',#6733,#7442,#7444,.T.);
#7442 = VERTEX_POINT('',#7443);
#7443 = CARTESIAN_POINT('',(-7.49,-12.7,1.8));
#7444 = LINE('',#7445,#7446);
#7445 = CARTESIAN_POINT('',(-7.49,-12.7,0.99));
#7446 = VECTOR('',#7447,1.);
#7447 = DIRECTION('',(0.,0.,1.));
#7448 = ORIENTED_EDGE('',*,*,#7449,.F.);
#7449 = EDGE_CURVE('',#7442,#7442,#7450,.T.);
#7450 = CIRCLE('',#7451,1.4);
#7451 = AXIS2_PLACEMENT_3D('',#7452,#7453,#7454);
#7452 = CARTESIAN_POINT('',(-8.89,-12.7,1.8));
#7453 = DIRECTION('',(0.,0.,1.));
#7454 = DIRECTION('',(1.,0.,0.));
#7455 = ORIENTED_EDGE('',*,*,#7441,.F.);
#7456 = ORIENTED_EDGE('',*,*,#6732,.T.);
#7457 = CYLINDRICAL_SURFACE('',#7458,1.4);
#7458 = AXIS2_PLACEMENT_3D('',#7459,#7460,#7461);
#7459 = CARTESIAN_POINT('',(-8.89,-12.7,0.99));
#7460 = DIRECTION('',(0.,0.,1.));
#7461 = DIRECTION('',(1.,0.,0.));
#7462 = ADVANCED_FACE('',(#7463),#7482,.T.);
#7463 = FACE_BOUND('',#7464,.T.);
#7464 = EDGE_LOOP('',(#7465,#7473,#7480,#7481));
#7465 = ORIENTED_EDGE('',*,*,#7466,.T.);
#7466 = EDGE_CURVE('',#6908,#7467,#7469,.T.);
#7467 = VERTEX_POINT('',#7468);
#7468 = CARTESIAN_POINT('',(10.29,-12.7,1.8));
#7469 = LINE('',#7470,#7471);
#7470 = CARTESIAN_POINT('',(10.29,-12.7,0.99));
#7471 = VECTOR('',#7472,1.);
#7472 = DIRECTION('',(0.,0.,1.));
#7473 = ORIENTED_EDGE('',*,*,#7474,.F.);
#7474 = EDGE_CURVE('',#7467,#7467,#7475,.T.);
#7475 = CIRCLE('',#7476,1.4);
#7476 = AXIS2_PLACEMENT_3D('',#7477,#7478,#7479);
#7477 = CARTESIAN_POINT('',(8.89,-12.7,1.8));
#7478 = DIRECTION('',(0.,0.,1.));
#7479 = DIRECTION('',(1.,0.,0.));
#7480 = ORIENTED_EDGE('',*,*,#7466,.F.);
#7481 = ORIENTED_EDGE('',*,*,#6907,.T.);
#7482 = CYLINDRICAL_SURFACE('',#7483,1.4);
#7483 = AXIS2_PLACEMENT_3D('',#7484,#7485,#7486);
#7484 = CARTESIAN_POINT('',(8.89,-12.7,0.99));
#7485 = DIRECTION('',(0.,0.,1.));
#7486 = DIRECTION('',(1.,0.,0.));
#7487 = ADVANCED_FACE('',(#7488),#7507,.T.);
#7488 = FACE_BOUND('',#7489,.T.);
#7489 = EDGE_LOOP('',(#7490,#7498,#7505,#7506));
#7490 = ORIENTED_EDGE('',*,*,#7491,.T.);
#7491 = EDGE_CURVE('',#7092,#7492,#7494,.T.);
#7492 = VERTEX_POINT('',#7493);
#7493 = CARTESIAN_POINT('',(-7.49,12.7,1.8));
#7494 = LINE('',#7495,#7496);
#7495 = CARTESIAN_POINT('',(-7.49,12.7,0.99));
#7496 = VECTOR('',#7497,1.);
#7497 = DIRECTION('',(0.,0.,1.));
#7498 = ORIENTED_EDGE('',*,*,#7499,.F.);
#7499 = EDGE_CURVE('',#7492,#7492,#7500,.T.);
#7500 = CIRCLE('',#7501,1.4);
#7501 = AXIS2_PLACEMENT_3D('',#7502,#7503,#7504);
#7502 = CARTESIAN_POINT('',(-8.89,12.7,1.8));
#7503 = DIRECTION('',(0.,0.,1.));
#7504 = DIRECTION('',(1.,0.,0.));
#7505 = ORIENTED_EDGE('',*,*,#7491,.F.);
#7506 = ORIENTED_EDGE('',*,*,#7091,.T.);
#7507 = CYLINDRICAL_SURFACE('',#7508,1.4);
#7508 = AXIS2_PLACEMENT_3D('',#7509,#7510,#7511);
#7509 = CARTESIAN_POINT('',(-8.89,12.7,0.99));
#7510 = DIRECTION('',(0.,0.,1.));
#7511 = DIRECTION('',(1.,0.,0.));
#7512 = ADVANCED_FACE('',(#7513),#7532,.T.);
#7513 = FACE_BOUND('',#7514,.T.);
#7514 = EDGE_LOOP('',(#7515,#7523,#7530,#7531));
#7515 = ORIENTED_EDGE('',*,*,#7516,.T.);
#7516 = EDGE_CURVE('',#7329,#7517,#7519,.T.);
#7517 = VERTEX_POINT('',#7518);
#7518 = CARTESIAN_POINT('',(10.29,12.7,1.8));
#7519 = LINE('',#7520,#7521);
#7520 = CARTESIAN_POINT('',(10.29,12.7,0.99));
#7521 = VECTOR('',#7522,1.);
#7522 = DIRECTION('',(0.,0.,1.));
#7523 = ORIENTED_EDGE('',*,*,#7524,.F.);
#7524 = EDGE_CURVE('',#7517,#7517,#7525,.T.);
#7525 = CIRCLE('',#7526,1.4);
#7526 = AXIS2_PLACEMENT_3D('',#7527,#7528,#7529);
#7527 = CARTESIAN_POINT('',(8.89,12.7,1.8));
#7528 = DIRECTION('',(0.,0.,1.));
#7529 = DIRECTION('',(1.,0.,0.));
#7530 = ORIENTED_EDGE('',*,*,#7516,.F.);
#7531 = ORIENTED_EDGE('',*,*,#7328,.T.);
#7532 = CYLINDRICAL_SURFACE('',#7533,1.4);
#7533 = AXIS2_PLACEMENT_3D('',#7534,#7535,#7536);
#7534 = CARTESIAN_POINT('',(8.89,12.7,0.99));
#7535 = DIRECTION('',(0.,0.,1.));
#7536 = DIRECTION('',(1.,0.,0.));
#7537 = ADVANCED_FACE('',(#7538),#7541,.T.);
#7538 = FACE_BOUND('',#7539,.T.);
#7539 = EDGE_LOOP('',(#7540));
#7540 = ORIENTED_EDGE('',*,*,#7449,.T.);
#7541 = PLANE('',#7542);
#7542 = AXIS2_PLACEMENT_3D('',#7543,#7544,#7545);
#7543 = CARTESIAN_POINT('',(-8.89,-12.7,1.8));
#7544 = DIRECTION('',(0.,0.,1.));
#7545 = DIRECTION('',(1.,0.,0.));
#7546 = ADVANCED_FACE('',(#7547),#7550,.T.);
#7547 = FACE_BOUND('',#7548,.T.);
#7548 = EDGE_LOOP('',(#7549));
#7549 = ORIENTED_EDGE('',*,*,#7474,.T.);
#7550 = PLANE('',#7551);
#7551 = AXIS2_PLACEMENT_3D('',#7552,#7553,#7554);
#7552 = CARTESIAN_POINT('',(8.89,-12.7,1.8));
#7553 = DIRECTION('',(0.,0.,1.));
#7554 = DIRECTION('',(1.,0.,0.));
#7555 = ADVANCED_FACE('',(#7556),#7559,.T.);
#7556 = FACE_BOUND('',#7557,.T.);
#7557 = EDGE_LOOP('',(#7558));
#7558 = ORIENTED_EDGE('',*,*,#7499,.T.);
#7559 = PLANE('',#7560);
#7560 = AXIS2_PLACEMENT_3D('',#7561,#7562,#7563);
#7561 = CARTESIAN_POINT('',(-8.89,12.7,1.8));
#7562 = DIRECTION('',(0.,0.,1.));
#7563 = DIRECTION('',(1.,0.,0.));
#7564 = ADVANCED_FACE('',(#7565),#7568,.T.);
#7565 = FACE_BOUND('',#7566,.T.);
#7566 = EDGE_LOOP('',(#7567));
#7567 = ORIENTED_EDGE('',*,*,#7524,.T.);
#7568 = PLANE('',#7569);
#7569 = AXIS2_PLACEMENT_3D('',#7570,#7571,#7572);
#7570 = CARTESIAN_POINT('',(8.89,12.7,1.8));
#7571 = DIRECTION('',(0.,0.,1.));
#7572 = DIRECTION('',(1.,0.,0.));
#7573 = ADVANCED_FACE('',(#7574),#7600,.T.);
#7574 = FACE_BOUND('',#7575,.T.);
#7575 = EDGE_LOOP('',(#7576,#7577,#7585,#7593,#7599));
#7576 = ORIENTED_EDGE('',*,*,#3260,.T.);
#7577 = ORIENTED_EDGE('',*,*,#7578,.T.);
#7578 = EDGE_CURVE('',#3261,#7579,#7581,.T.);
#7579 = VERTEX_POINT('',#7580);
#7580 = CARTESIAN_POINT('',(-32.1,-21.,2.15));
#7581 = LINE('',#7582,#7583);
#7582 = CARTESIAN_POINT('',(-32.1,-21.,-1.E-02));
#7583 = VECTOR('',#7584,1.);
#7584 = DIRECTION('',(0.,0.,1.));
#7585 = ORIENTED_EDGE('',*,*,#7586,.T.);
#7586 = EDGE_CURVE('',#7579,#7587,#7589,.T.);
#7587 = VERTEX_POINT('',#7588);
#7588 = CARTESIAN_POINT('',(-31.25,-21.,3.));
#7589 = LINE('',#7590,#7591);
#7590 = CARTESIAN_POINT('',(-32.1,-21.,2.15));
#7591 = VECTOR('',#7592,1.);
#7592 = DIRECTION('',(0.707106781187,0.,0.707106781187));
#7593 = ORIENTED_EDGE('',*,*,#7594,.T.);
#7594 = EDGE_CURVE('',#7587,#6544,#7595,.T.);
#7595 = LINE('',#7596,#7597);
#7596 = CARTESIAN_POINT('',(-31.25,-21.,3.));
#7597 = VECTOR('',#7598,1.);
#7598 = DIRECTION('',(-1.,0.,0.));
#7599 = ORIENTED_EDGE('',*,*,#6543,.F.);
#7600 = PLANE('',#7601);
#7601 = AXIS2_PLACEMENT_3D('',#7602,#7603,#7604);
#7602 = CARTESIAN_POINT('',(-32.40621420488,-21.,2.054254466634));
#7603 = DIRECTION('',(-0.,-1.,-0.));
#7604 = DIRECTION('',(0.,0.,-1.));
#7605 = ADVANCED_FACE('',(#7606),#7631,.T.);
#7606 = FACE_BOUND('',#7607,.T.);
#7607 = EDGE_LOOP('',(#7608,#7616,#7624,#7630));
#7608 = ORIENTED_EDGE('',*,*,#7609,.T.);
#7609 = EDGE_CURVE('',#7579,#7610,#7612,.T.);
#7610 = VERTEX_POINT('',#7611);
#7611 = CARTESIAN_POINT('',(-32.1,-19.,2.15));
#7612 = LINE('',#7613,#7614);
#7613 = CARTESIAN_POINT('',(-32.1,-21.,2.15));
#7614 = VECTOR('',#7615,1.);
#7615 = DIRECTION('',(0.,1.,0.));
#7616 = ORIENTED_EDGE('',*,*,#7617,.T.);
#7617 = EDGE_CURVE('',#7610,#7618,#7620,.T.);
#7618 = VERTEX_POINT('',#7619);
#7619 = CARTESIAN_POINT('',(-31.25,-19.,3.));
#7620 = LINE('',#7621,#7622);
#7621 = CARTESIAN_POINT('',(-32.1,-19.,2.15));
#7622 = VECTOR('',#7623,1.);
#7623 = DIRECTION('',(0.707106781187,0.,0.707106781187));
#7624 = ORIENTED_EDGE('',*,*,#7625,.F.);
#7625 = EDGE_CURVE('',#7587,#7618,#7626,.T.);
#7626 = LINE('',#7627,#7628);
#7627 = CARTESIAN_POINT('',(-31.25,-21.,3.));
#7628 = VECTOR('',#7629,1.);
#7629 = DIRECTION('',(0.,1.,0.));
#7630 = ORIENTED_EDGE('',*,*,#7586,.F.);
#7631 = PLANE('',#7632);
#7632 = AXIS2_PLACEMENT_3D('',#7633,#7634,#7635);
#7633 = CARTESIAN_POINT('',(-32.1,-21.,2.15));
#7634 = DIRECTION('',(0.707106781187,0.,-0.707106781187));
#7635 = DIRECTION('',(0.707106781187,0.,0.707106781187));
#7636 = ADVANCED_FACE('',(#7637),#7663,.T.);
#7637 = FACE_BOUND('',#7638,.T.);
#7638 = EDGE_LOOP('',(#7639,#7640,#7641,#7649,#7657));
#7639 = ORIENTED_EDGE('',*,*,#3351,.T.);
#7640 = ORIENTED_EDGE('',*,*,#6574,.T.);
#7641 = ORIENTED_EDGE('',*,*,#7642,.F.);
#7642 = EDGE_CURVE('',#7643,#6575,#7645,.T.);
#7643 = VERTEX_POINT('',#7644);
#7644 = CARTESIAN_POINT('',(-30.75,-21.,3.));
#7645 = LINE('',#7646,#7647);
#7646 = CARTESIAN_POINT('',(-29.9,-21.,3.));
#7647 = VECTOR('',#7648,1.);
#7648 = DIRECTION('',(1.,0.,0.));
#7649 = ORIENTED_EDGE('',*,*,#7650,.F.);
#7650 = EDGE_CURVE('',#7651,#7643,#7653,.T.);
#7651 = VERTEX_POINT('',#7652);
#7652 = CARTESIAN_POINT('',(-29.9,-21.,2.15));
#7653 = LINE('',#7654,#7655);
#7654 = CARTESIAN_POINT('',(-29.9,-21.,2.15));
#7655 = VECTOR('',#7656,1.);
#7656 = DIRECTION('',(-0.707106781187,0.,0.707106781187));
#7657 = ORIENTED_EDGE('',*,*,#7658,.F.);
#7658 = EDGE_CURVE('',#3343,#7651,#7659,.T.);
#7659 = LINE('',#7660,#7661);
#7660 = CARTESIAN_POINT('',(-29.9,-21.,-1.E-02));
#7661 = VECTOR('',#7662,1.);
#7662 = DIRECTION('',(0.,0.,1.));
#7663 = PLANE('',#7664);
#7664 = AXIS2_PLACEMENT_3D('',#7665,#7666,#7667);
#7665 = CARTESIAN_POINT('',(-29.59378579511,-21.,2.054254466634));
#7666 = DIRECTION('',(-0.,-1.,-0.));
#7667 = DIRECTION('',(0.,0.,-1.));
#7668 = ADVANCED_FACE('',(#7669),#7694,.F.);
#7669 = FACE_BOUND('',#7670,.F.);
#7670 = EDGE_LOOP('',(#7671,#7679,#7687,#7693));
#7671 = ORIENTED_EDGE('',*,*,#7672,.T.);
#7672 = EDGE_CURVE('',#7651,#7673,#7675,.T.);
#7673 = VERTEX_POINT('',#7674);
#7674 = CARTESIAN_POINT('',(-29.9,-19.,2.15));
#7675 = LINE('',#7676,#7677);
#7676 = CARTESIAN_POINT('',(-29.9,-21.,2.15));
#7677 = VECTOR('',#7678,1.);
#7678 = DIRECTION('',(0.,1.,0.));
#7679 = ORIENTED_EDGE('',*,*,#7680,.T.);
#7680 = EDGE_CURVE('',#7673,#7681,#7683,.T.);
#7681 = VERTEX_POINT('',#7682);
#7682 = CARTESIAN_POINT('',(-30.75,-19.,3.));
#7683 = LINE('',#7684,#7685);
#7684 = CARTESIAN_POINT('',(-29.9,-19.,2.15));
#7685 = VECTOR('',#7686,1.);
#7686 = DIRECTION('',(-0.707106781187,0.,0.707106781187));
#7687 = ORIENTED_EDGE('',*,*,#7688,.F.);
#7688 = EDGE_CURVE('',#7643,#7681,#7689,.T.);
#7689 = LINE('',#7690,#7691);
#7690 = CARTESIAN_POINT('',(-30.75,-21.,3.));
#7691 = VECTOR('',#7692,1.);
#7692 = DIRECTION('',(0.,1.,0.));
#7693 = ORIENTED_EDGE('',*,*,#7650,.F.);
#7694 = PLANE('',#7695);
#7695 = AXIS2_PLACEMENT_3D('',#7696,#7697,#7698);
#7696 = CARTESIAN_POINT('',(-29.9,-21.,2.15));
#7697 = DIRECTION('',(0.707106781187,0.,0.707106781187));
#7698 = DIRECTION('',(-0.707106781187,0.,0.707106781187));
#7699 = ADVANCED_FACE('',(#7700),#7726,.T.);
#7700 = FACE_BOUND('',#7701,.T.);
#7701 = EDGE_LOOP('',(#7702,#7703,#7711,#7719,#7725));
#7702 = ORIENTED_EDGE('',*,*,#4510,.T.);
#7703 = ORIENTED_EDGE('',*,*,#7704,.T.);
#7704 = EDGE_CURVE('',#4511,#7705,#7707,.T.);
#7705 = VERTEX_POINT('',#7706);
#7706 = CARTESIAN_POINT('',(29.9,-21.,2.15));
#7707 = LINE('',#7708,#7709);
#7708 = CARTESIAN_POINT('',(29.9,-21.,-1.E-02));
#7709 = VECTOR('',#7710,1.);
#7710 = DIRECTION('',(0.,0.,1.));
#7711 = ORIENTED_EDGE('',*,*,#7712,.T.);
#7712 = EDGE_CURVE('',#7705,#7713,#7715,.T.);
#7713 = VERTEX_POINT('',#7714);
#7714 = CARTESIAN_POINT('',(30.75,-21.,3.));
#7715 = LINE('',#7716,#7717);
#7716 = CARTESIAN_POINT('',(29.9,-21.,2.15));
#7717 = VECTOR('',#7718,1.);
#7718 = DIRECTION('',(0.707106781187,0.,0.707106781187));
#7719 = ORIENTED_EDGE('',*,*,#7720,.T.);
#7720 = EDGE_CURVE('',#7713,#6843,#7721,.T.);
#7721 = LINE('',#7722,#7723);
#7722 = CARTESIAN_POINT('',(30.75,-21.,3.));
#7723 = VECTOR('',#7724,1.);
#7724 = DIRECTION('',(-1.,0.,0.));
#7725 = ORIENTED_EDGE('',*,*,#6842,.F.);
#7726 = PLANE('',#7727);
#7727 = AXIS2_PLACEMENT_3D('',#7728,#7729,#7730);
#7728 = CARTESIAN_POINT('',(29.593785795112,-21.,2.054254466634));
#7729 = DIRECTION('',(-0.,-1.,-0.));
#7730 = DIRECTION('',(0.,0.,-1.));
#7731 = ADVANCED_FACE('',(#7732),#7757,.T.);
#7732 = FACE_BOUND('',#7733,.T.);
#7733 = EDGE_LOOP('',(#7734,#7742,#7750,#7756));
#7734 = ORIENTED_EDGE('',*,*,#7735,.T.);
#7735 = EDGE_CURVE('',#7705,#7736,#7738,.T.);
#7736 = VERTEX_POINT('',#7737);
#7737 = CARTESIAN_POINT('',(29.9,-19.,2.15));
#7738 = LINE('',#7739,#7740);
#7739 = CARTESIAN_POINT('',(29.9,-21.,2.15));
#7740 = VECTOR('',#7741,1.);
#7741 = DIRECTION('',(0.,1.,0.));
#7742 = ORIENTED_EDGE('',*,*,#7743,.T.);
#7743 = EDGE_CURVE('',#7736,#7744,#7746,.T.);
#7744 = VERTEX_POINT('',#7745);
#7745 = CARTESIAN_POINT('',(30.75,-19.,3.));
#7746 = LINE('',#7747,#7748);
#7747 = CARTESIAN_POINT('',(29.9,-19.,2.15));
#7748 = VECTOR('',#7749,1.);
#7749 = DIRECTION('',(0.707106781187,0.,0.707106781187));
#7750 = ORIENTED_EDGE('',*,*,#7751,.F.);
#7751 = EDGE_CURVE('',#7713,#7744,#7752,.T.);
#7752 = LINE('',#7753,#7754);
#7753 = CARTESIAN_POINT('',(30.75,-21.,3.));
#7754 = VECTOR('',#7755,1.);
#7755 = DIRECTION('',(0.,1.,0.));
#7756 = ORIENTED_EDGE('',*,*,#7712,.F.);
#7757 = PLANE('',#7758);
#7758 = AXIS2_PLACEMENT_3D('',#7759,#7760,#7761);
#7759 = CARTESIAN_POINT('',(29.9,-21.,2.15));
#7760 = DIRECTION('',(0.707106781187,0.,-0.707106781187));
#7761 = DIRECTION('',(0.707106781187,0.,0.707106781187));
#7762 = ADVANCED_FACE('',(#7763),#7789,.T.);
#7763 = FACE_BOUND('',#7764,.T.);
#7764 = EDGE_LOOP('',(#7765,#7766,#7767,#7775,#7783));
#7765 = ORIENTED_EDGE('',*,*,#4601,.T.);
#7766 = ORIENTED_EDGE('',*,*,#6873,.T.);
#7767 = ORIENTED_EDGE('',*,*,#7768,.F.);
#7768 = EDGE_CURVE('',#7769,#6874,#7771,.T.);
#7769 = VERTEX_POINT('',#7770);
#7770 = CARTESIAN_POINT('',(31.25,-21.,3.));
#7771 = LINE('',#7772,#7773);
#7772 = CARTESIAN_POINT('',(32.1,-21.,3.));
#7773 = VECTOR('',#7774,1.);
#7774 = DIRECTION('',(1.,0.,0.));
#7775 = ORIENTED_EDGE('',*,*,#7776,.F.);
#7776 = EDGE_CURVE('',#7777,#7769,#7779,.T.);
#7777 = VERTEX_POINT('',#7778);
#7778 = CARTESIAN_POINT('',(32.1,-21.,2.15));
#7779 = LINE('',#7780,#7781);
#7780 = CARTESIAN_POINT('',(32.1,-21.,2.15));
#7781 = VECTOR('',#7782,1.);
#7782 = DIRECTION('',(-0.707106781187,0.,0.707106781187));
#7783 = ORIENTED_EDGE('',*,*,#7784,.F.);
#7784 = EDGE_CURVE('',#4593,#7777,#7785,.T.);
#7785 = LINE('',#7786,#7787);
#7786 = CARTESIAN_POINT('',(32.1,-21.,-1.E-02));
#7787 = VECTOR('',#7788,1.);
#7788 = DIRECTION('',(0.,0.,1.));
#7789 = PLANE('',#7790);
#7790 = AXIS2_PLACEMENT_3D('',#7791,#7792,#7793);
#7791 = CARTESIAN_POINT('',(32.406214204888,-21.,2.054254466634));
#7792 = DIRECTION('',(-0.,-1.,-0.));
#7793 = DIRECTION('',(0.,0.,-1.));
#7794 = ADVANCED_FACE('',(#7795),#7820,.F.);
#7795 = FACE_BOUND('',#7796,.F.);
#7796 = EDGE_LOOP('',(#7797,#7805,#7813,#7819));
#7797 = ORIENTED_EDGE('',*,*,#7798,.T.);
#7798 = EDGE_CURVE('',#7777,#7799,#7801,.T.);
#7799 = VERTEX_POINT('',#7800);
#7800 = CARTESIAN_POINT('',(32.1,-19.,2.15));
#7801 = LINE('',#7802,#7803);
#7802 = CARTESIAN_POINT('',(32.1,-21.,2.15));
#7803 = VECTOR('',#7804,1.);
#7804 = DIRECTION('',(0.,1.,0.));
#7805 = ORIENTED_EDGE('',*,*,#7806,.T.);
#7806 = EDGE_CURVE('',#7799,#7807,#7809,.T.);
#7807 = VERTEX_POINT('',#7808);
#7808 = CARTESIAN_POINT('',(31.25,-19.,3.));
#7809 = LINE('',#7810,#7811);
#7810 = CARTESIAN_POINT('',(32.1,-19.,2.15));
#7811 = VECTOR('',#7812,1.);
#7812 = DIRECTION('',(-0.707106781187,0.,0.707106781187));
#7813 = ORIENTED_EDGE('',*,*,#7814,.F.);
#7814 = EDGE_CURVE('',#7769,#7807,#7815,.T.);
#7815 = LINE('',#7816,#7817);
#7816 = CARTESIAN_POINT('',(31.25,-21.,3.));
#7817 = VECTOR('',#7818,1.);
#7818 = DIRECTION('',(0.,1.,0.));
#7819 = ORIENTED_EDGE('',*,*,#7776,.F.);
#7820 = PLANE('',#7821);
#7821 = AXIS2_PLACEMENT_3D('',#7822,#7823,#7824);
#7822 = CARTESIAN_POINT('',(32.1,-21.,2.15));
#7823 = DIRECTION('',(0.707106781187,0.,0.707106781187));
#7824 = DIRECTION('',(-0.707106781187,0.,0.707106781187));
#7825 = ADVANCED_FACE('',(#7826),#7843,.T.);
#7826 = FACE_BOUND('',#7827,.T.);
#7827 = EDGE_LOOP('',(#7828,#7829,#7830,#7836,#7837));
#7828 = ORIENTED_EDGE('',*,*,#3317,.F.);
#7829 = ORIENTED_EDGE('',*,*,#6552,.T.);
#7830 = ORIENTED_EDGE('',*,*,#7831,.T.);
#7831 = EDGE_CURVE('',#6553,#7618,#7832,.T.);
#7832 = LINE('',#7833,#7834);
#7833 = CARTESIAN_POINT('',(-33.1,-19.,3.));
#7834 = VECTOR('',#7835,1.);
#7835 = DIRECTION('',(1.,0.,0.));
#7836 = ORIENTED_EDGE('',*,*,#7617,.F.);
#7837 = ORIENTED_EDGE('',*,*,#7838,.F.);
#7838 = EDGE_CURVE('',#3318,#7610,#7839,.T.);
#7839 = LINE('',#7840,#7841);
#7840 = CARTESIAN_POINT('',(-32.1,-19.,-1.E-02));
#7841 = VECTOR('',#7842,1.);
#7842 = DIRECTION('',(0.,0.,1.));
#7843 = PLANE('',#7844);
#7844 = AXIS2_PLACEMENT_3D('',#7845,#7846,#7847);
#7845 = CARTESIAN_POINT('',(-32.40621420488,-19.,2.054254466634));
#7846 = DIRECTION('',(0.,1.,0.));
#7847 = DIRECTION('',(0.,0.,1.));
#7848 = ADVANCED_FACE('',(#7849),#7866,.T.);
#7849 = FACE_BOUND('',#7850,.T.);
#7850 = EDGE_LOOP('',(#7851,#7852,#7858,#7859,#7865));
#7851 = ORIENTED_EDGE('',*,*,#3433,.F.);
#7852 = ORIENTED_EDGE('',*,*,#7853,.T.);
#7853 = EDGE_CURVE('',#3434,#7673,#7854,.T.);
#7854 = LINE('',#7855,#7856);
#7855 = CARTESIAN_POINT('',(-29.9,-19.,-1.E-02));
#7856 = VECTOR('',#7857,1.);
#7857 = DIRECTION('',(0.,0.,1.));
#7858 = ORIENTED_EDGE('',*,*,#7680,.T.);
#7859 = ORIENTED_EDGE('',*,*,#7860,.T.);
#7860 = EDGE_CURVE('',#7681,#6584,#7861,.T.);
#7861 = LINE('',#7862,#7863);
#7862 = CARTESIAN_POINT('',(-30.75,-19.,3.));
#7863 = VECTOR('',#7864,1.);
#7864 = DIRECTION('',(1.,0.,0.));
#7865 = ORIENTED_EDGE('',*,*,#6583,.F.);
#7866 = PLANE('',#7867);
#7867 = AXIS2_PLACEMENT_3D('',#7868,#7869,#7870);
#7868 = CARTESIAN_POINT('',(-29.59378579511,-19.,2.054254466634));
#7869 = DIRECTION('',(0.,1.,0.));
#7870 = DIRECTION('',(0.,0.,1.));
#7871 = ADVANCED_FACE('',(#7872),#7889,.T.);
#7872 = FACE_BOUND('',#7873,.T.);
#7873 = EDGE_LOOP('',(#7874,#7875,#7876,#7882,#7883));
#7874 = ORIENTED_EDGE('',*,*,#4567,.F.);
#7875 = ORIENTED_EDGE('',*,*,#6851,.T.);
#7876 = ORIENTED_EDGE('',*,*,#7877,.T.);
#7877 = EDGE_CURVE('',#6852,#7744,#7878,.T.);
#7878 = LINE('',#7879,#7880);
#7879 = CARTESIAN_POINT('',(28.9,-19.,3.));
#7880 = VECTOR('',#7881,1.);
#7881 = DIRECTION('',(1.,0.,0.));
#7882 = ORIENTED_EDGE('',*,*,#7743,.F.);
#7883 = ORIENTED_EDGE('',*,*,#7884,.F.);
#7884 = EDGE_CURVE('',#4568,#7736,#7885,.T.);
#7885 = LINE('',#7886,#7887);
#7886 = CARTESIAN_POINT('',(29.9,-19.,-1.E-02));
#7887 = VECTOR('',#7888,1.);
#7888 = DIRECTION('',(0.,0.,1.));
#7889 = PLANE('',#7890);
#7890 = AXIS2_PLACEMENT_3D('',#7891,#7892,#7893);
#7891 = CARTESIAN_POINT('',(29.593785795112,-19.,2.054254466634));
#7892 = DIRECTION('',(0.,1.,0.));
#7893 = DIRECTION('',(0.,0.,1.));
#7894 = ADVANCED_FACE('',(#7895),#7912,.T.);
#7895 = FACE_BOUND('',#7896,.T.);
#7896 = EDGE_LOOP('',(#7897,#7898,#7904,#7905,#7911));
#7897 = ORIENTED_EDGE('',*,*,#4683,.F.);
#7898 = ORIENTED_EDGE('',*,*,#7899,.T.);
#7899 = EDGE_CURVE('',#4684,#7799,#7900,.T.);
#7900 = LINE('',#7901,#7902);
#7901 = CARTESIAN_POINT('',(32.1,-19.,-1.E-02));
#7902 = VECTOR('',#7903,1.);
#7903 = DIRECTION('',(0.,0.,1.));
#7904 = ORIENTED_EDGE('',*,*,#7806,.T.);
#7905 = ORIENTED_EDGE('',*,*,#7906,.T.);
#7906 = EDGE_CURVE('',#7807,#6883,#7907,.T.);
#7907 = LINE('',#7908,#7909);
#7908 = CARTESIAN_POINT('',(31.25,-19.,3.));
#7909 = VECTOR('',#7910,1.);
#7910 = DIRECTION('',(1.,0.,0.));
#7911 = ORIENTED_EDGE('',*,*,#6882,.F.);
#7912 = PLANE('',#7913);
#7913 = AXIS2_PLACEMENT_3D('',#7914,#7915,#7916);
#7914 = CARTESIAN_POINT('',(32.406214204888,-19.,2.054254466634));
#7915 = DIRECTION('',(0.,1.,0.));
#7916 = DIRECTION('',(0.,0.,1.));
#7917 = ADVANCED_FACE('',(#7918),#7926,.T.);
#7918 = FACE_BOUND('',#7919,.T.);
#7919 = EDGE_LOOP('',(#7920,#7921,#7922,#7923,#7924,#7925));
#7920 = ORIENTED_EDGE('',*,*,#3268,.F.);
#7921 = ORIENTED_EDGE('',*,*,#1091,.T.);
#7922 = ORIENTED_EDGE('',*,*,#3327,.F.);
#7923 = ORIENTED_EDGE('',*,*,#7838,.T.);
#7924 = ORIENTED_EDGE('',*,*,#7609,.F.);
#7925 = ORIENTED_EDGE('',*,*,#7578,.F.);
#7926 = PLANE('',#7927);
#7927 = AXIS2_PLACEMENT_3D('',#7928,#7929,#7930);
#7928 = CARTESIAN_POINT('',(-32.1,-20.,0.837656712003));
#7929 = DIRECTION('',(1.,0.,0.));
#7930 = DIRECTION('',(0.,0.,1.));
#7931 = ADVANCED_FACE('',(#7932),#7959,.T.);
#7932 = FACE_BOUND('',#7933,.T.);
#7933 = EDGE_LOOP('',(#7934,#7935,#7936,#7937,#7945,#7953));
#7934 = ORIENTED_EDGE('',*,*,#3864,.F.);
#7935 = ORIENTED_EDGE('',*,*,#1355,.T.);
#7936 = ORIENTED_EDGE('',*,*,#3923,.F.);
#7937 = ORIENTED_EDGE('',*,*,#7938,.T.);
#7938 = EDGE_CURVE('',#3914,#7939,#7941,.T.);
#7939 = VERTEX_POINT('',#7940);
#7940 = CARTESIAN_POINT('',(-32.1,1.,2.15));
#7941 = LINE('',#7942,#7943);
#7942 = CARTESIAN_POINT('',(-32.1,1.,-1.E-02));
#7943 = VECTOR('',#7944,1.);
#7944 = DIRECTION('',(0.,0.,1.));
#7945 = ORIENTED_EDGE('',*,*,#7946,.F.);
#7946 = EDGE_CURVE('',#7947,#7939,#7949,.T.);
#7947 = VERTEX_POINT('',#7948);
#7948 = CARTESIAN_POINT('',(-32.1,-1.,2.15));
#7949 = LINE('',#7950,#7951);
#7950 = CARTESIAN_POINT('',(-32.1,-1.,2.15));
#7951 = VECTOR('',#7952,1.);
#7952 = DIRECTION('',(0.,1.,0.));
#7953 = ORIENTED_EDGE('',*,*,#7954,.F.);
#7954 = EDGE_CURVE('',#3857,#7947,#7955,.T.);
#7955 = LINE('',#7956,#7957);
#7956 = CARTESIAN_POINT('',(-32.1,-1.,-1.E-02));
#7957 = VECTOR('',#7958,1.);
#7958 = DIRECTION('',(0.,0.,1.));
#7959 = PLANE('',#7960);
#7960 = AXIS2_PLACEMENT_3D('',#7961,#7962,#7963);
#7961 = CARTESIAN_POINT('',(-32.1,6.176677241478E-17,0.837656712003));
#7962 = DIRECTION('',(1.,0.,0.));
#7963 = DIRECTION('',(0.,0.,1.));
#7964 = ADVANCED_FACE('',(#7965),#7990,.T.);
#7965 = FACE_BOUND('',#7966,.T.);
#7966 = EDGE_LOOP('',(#7967,#7968,#7976,#7984));
#7967 = ORIENTED_EDGE('',*,*,#7946,.T.);
#7968 = ORIENTED_EDGE('',*,*,#7969,.T.);
#7969 = EDGE_CURVE('',#7939,#7970,#7972,.T.);
#7970 = VERTEX_POINT('',#7971);
#7971 = CARTESIAN_POINT('',(-31.25,1.,3.));
#7972 = LINE('',#7973,#7974);
#7973 = CARTESIAN_POINT('',(-32.1,1.,2.15));
#7974 = VECTOR('',#7975,1.);
#7975 = DIRECTION('',(0.707106781187,0.,0.707106781187));
#7976 = ORIENTED_EDGE('',*,*,#7977,.F.);
#7977 = EDGE_CURVE('',#7978,#7970,#7980,.T.);
#7978 = VERTEX_POINT('',#7979);
#7979 = CARTESIAN_POINT('',(-31.25,-1.,3.));
#7980 = LINE('',#7981,#7982);
#7981 = CARTESIAN_POINT('',(-31.25,-1.,3.));
#7982 = VECTOR('',#7983,1.);
#7983 = DIRECTION('',(0.,1.,0.));
#7984 = ORIENTED_EDGE('',*,*,#7985,.F.);
#7985 = EDGE_CURVE('',#7947,#7978,#7986,.T.);
#7986 = LINE('',#7987,#7988);
#7987 = CARTESIAN_POINT('',(-32.1,-1.,2.15));
#7988 = VECTOR('',#7989,1.);
#7989 = DIRECTION('',(0.707106781187,0.,0.707106781187));
#7990 = PLANE('',#7991);
#7991 = AXIS2_PLACEMENT_3D('',#7992,#7993,#7994);
#7992 = CARTESIAN_POINT('',(-32.1,-1.,2.15));
#7993 = DIRECTION('',(0.707106781187,0.,-0.707106781187));
#7994 = DIRECTION('',(0.707106781187,0.,0.707106781187));
#7995 = ADVANCED_FACE('',(#7996),#8023,.T.);
#7996 = FACE_BOUND('',#7997,.T.);
#7997 = EDGE_LOOP('',(#7998,#7999,#8000,#8001,#8009,#8017));
#7998 = ORIENTED_EDGE('',*,*,#5280,.F.);
#7999 = ORIENTED_EDGE('',*,*,#2040,.T.);
#8000 = ORIENTED_EDGE('',*,*,#5339,.F.);
#8001 = ORIENTED_EDGE('',*,*,#8002,.T.);
#8002 = EDGE_CURVE('',#5330,#8003,#8005,.T.);
#8003 = VERTEX_POINT('',#8004);
#8004 = CARTESIAN_POINT('',(-32.1,21.,2.15));
#8005 = LINE('',#8006,#8007);
#8006 = CARTESIAN_POINT('',(-32.1,21.,-1.E-02));
#8007 = VECTOR('',#8008,1.);
#8008 = DIRECTION('',(0.,0.,1.));
#8009 = ORIENTED_EDGE('',*,*,#8010,.F.);
#8010 = EDGE_CURVE('',#8011,#8003,#8013,.T.);
#8011 = VERTEX_POINT('',#8012);
#8012 = CARTESIAN_POINT('',(-32.1,19.,2.15));
#8013 = LINE('',#8014,#8015);
#8014 = CARTESIAN_POINT('',(-32.1,19.,2.15));
#8015 = VECTOR('',#8016,1.);
#8016 = DIRECTION('',(0.,1.,0.));
#8017 = ORIENTED_EDGE('',*,*,#8018,.F.);
#8018 = EDGE_CURVE('',#5273,#8011,#8019,.T.);
#8019 = LINE('',#8020,#8021);
#8020 = CARTESIAN_POINT('',(-32.1,19.,-1.E-02));
#8021 = VECTOR('',#8022,1.);
#8022 = DIRECTION('',(0.,0.,1.));
#8023 = PLANE('',#8024);
#8024 = AXIS2_PLACEMENT_3D('',#8025,#8026,#8027);
#8025 = CARTESIAN_POINT('',(-32.1,20.,0.837656712003));
#8026 = DIRECTION('',(1.,0.,0.));
#8027 = DIRECTION('',(0.,0.,1.));
#8028 = ADVANCED_FACE('',(#8029),#8054,.T.);
#8029 = FACE_BOUND('',#8030,.T.);
#8030 = EDGE_LOOP('',(#8031,#8032,#8040,#8048));
#8031 = ORIENTED_EDGE('',*,*,#8010,.T.);
#8032 = ORIENTED_EDGE('',*,*,#8033,.T.);
#8033 = EDGE_CURVE('',#8003,#8034,#8036,.T.);
#8034 = VERTEX_POINT('',#8035);
#8035 = CARTESIAN_POINT('',(-31.25,21.,3.));
#8036 = LINE('',#8037,#8038);
#8037 = CARTESIAN_POINT('',(-32.1,21.,2.15));
#8038 = VECTOR('',#8039,1.);
#8039 = DIRECTION('',(0.707106781187,0.,0.707106781187));
#8040 = ORIENTED_EDGE('',*,*,#8041,.F.);
#8041 = EDGE_CURVE('',#8042,#8034,#8044,.T.);
#8042 = VERTEX_POINT('',#8043);
#8043 = CARTESIAN_POINT('',(-31.25,19.,3.));
#8044 = LINE('',#8045,#8046);
#8045 = CARTESIAN_POINT('',(-31.25,19.,3.));
#8046 = VECTOR('',#8047,1.);
#8047 = DIRECTION('',(0.,1.,0.));
#8048 = ORIENTED_EDGE('',*,*,#8049,.F.);
#8049 = EDGE_CURVE('',#8011,#8042,#8050,.T.);
#8050 = LINE('',#8051,#8052);
#8051 = CARTESIAN_POINT('',(-32.1,19.,2.15));
#8052 = VECTOR('',#8053,1.);
#8053 = DIRECTION('',(0.707106781187,0.,0.707106781187));
#8054 = PLANE('',#8055);
#8055 = AXIS2_PLACEMENT_3D('',#8056,#8057,#8058);
#8056 = CARTESIAN_POINT('',(-32.1,19.,2.15));
#8057 = DIRECTION('',(0.707106781187,0.,-0.707106781187));
#8058 = DIRECTION('',(0.707106781187,0.,0.707106781187));
#8059 = ADVANCED_FACE('',(#8060),#8068,.T.);
#8060 = FACE_BOUND('',#8061,.T.);
#8061 = EDGE_LOOP('',(#8062,#8063,#8064,#8065,#8066,#8067));
#8062 = ORIENTED_EDGE('',*,*,#3342,.T.);
#8063 = ORIENTED_EDGE('',*,*,#7658,.T.);
#8064 = ORIENTED_EDGE('',*,*,#7672,.T.);
#8065 = ORIENTED_EDGE('',*,*,#7853,.F.);
#8066 = ORIENTED_EDGE('',*,*,#3441,.T.);
#8067 = ORIENTED_EDGE('',*,*,#1125,.F.);
#8068 = PLANE('',#8069);
#8069 = AXIS2_PLACEMENT_3D('',#8070,#8071,#8072);
#8070 = CARTESIAN_POINT('',(-29.9,-20.,0.837656712003));
#8071 = DIRECTION('',(-1.,-0.,-0.));
#8072 = DIRECTION('',(0.,0.,-1.));
#8073 = ADVANCED_FACE('',(#8074),#8101,.T.);
#8074 = FACE_BOUND('',#8075,.T.);
#8075 = EDGE_LOOP('',(#8076,#8077,#8085,#8093,#8099,#8100));
#8076 = ORIENTED_EDGE('',*,*,#3938,.T.);
#8077 = ORIENTED_EDGE('',*,*,#8078,.T.);
#8078 = EDGE_CURVE('',#3939,#8079,#8081,.T.);
#8079 = VERTEX_POINT('',#8080);
#8080 = CARTESIAN_POINT('',(-29.9,-1.,2.15));
#8081 = LINE('',#8082,#8083);
#8082 = CARTESIAN_POINT('',(-29.9,-1.,-1.E-02));
#8083 = VECTOR('',#8084,1.);
#8084 = DIRECTION('',(0.,0.,1.));
#8085 = ORIENTED_EDGE('',*,*,#8086,.T.);
#8086 = EDGE_CURVE('',#8079,#8087,#8089,.T.);
#8087 = VERTEX_POINT('',#8088);
#8088 = CARTESIAN_POINT('',(-29.9,1.,2.15));
#8089 = LINE('',#8090,#8091);
#8090 = CARTESIAN_POINT('',(-29.9,-1.,2.15));
#8091 = VECTOR('',#8092,1.);
#8092 = DIRECTION('',(0.,1.,0.));
#8093 = ORIENTED_EDGE('',*,*,#8094,.F.);
#8094 = EDGE_CURVE('',#4030,#8087,#8095,.T.);
#8095 = LINE('',#8096,#8097);
#8096 = CARTESIAN_POINT('',(-29.9,1.,-1.E-02));
#8097 = VECTOR('',#8098,1.);
#8098 = DIRECTION('',(0.,0.,1.));
#8099 = ORIENTED_EDGE('',*,*,#4037,.T.);
#8100 = ORIENTED_EDGE('',*,*,#1389,.F.);
#8101 = PLANE('',#8102);
#8102 = AXIS2_PLACEMENT_3D('',#8103,#8104,#8105);
#8103 = CARTESIAN_POINT('',(-29.9,1.029446206913E-17,0.837656712003));
#8104 = DIRECTION('',(-1.,-0.,-0.));
#8105 = DIRECTION('',(0.,0.,-1.));
#8106 = ADVANCED_FACE('',(#8107),#8132,.F.);
#8107 = FACE_BOUND('',#8108,.F.);
#8108 = EDGE_LOOP('',(#8109,#8110,#8118,#8126));
#8109 = ORIENTED_EDGE('',*,*,#8086,.T.);
#8110 = ORIENTED_EDGE('',*,*,#8111,.T.);
#8111 = EDGE_CURVE('',#8087,#8112,#8114,.T.);
#8112 = VERTEX_POINT('',#8113);
#8113 = CARTESIAN_POINT('',(-30.75,1.,3.));
#8114 = LINE('',#8115,#8116);
#8115 = CARTESIAN_POINT('',(-29.9,1.,2.15));
#8116 = VECTOR('',#8117,1.);
#8117 = DIRECTION('',(-0.707106781187,0.,0.707106781187));
#8118 = ORIENTED_EDGE('',*,*,#8119,.F.);
#8119 = EDGE_CURVE('',#8120,#8112,#8122,.T.);
#8120 = VERTEX_POINT('',#8121);
#8121 = CARTESIAN_POINT('',(-30.75,-1.,3.));
#8122 = LINE('',#8123,#8124);
#8123 = CARTESIAN_POINT('',(-30.75,-1.,3.));
#8124 = VECTOR('',#8125,1.);
#8125 = DIRECTION('',(0.,1.,0.));
#8126 = ORIENTED_EDGE('',*,*,#8127,.F.);
#8127 = EDGE_CURVE('',#8079,#8120,#8128,.T.);
#8128 = LINE('',#8129,#8130);
#8129 = CARTESIAN_POINT('',(-29.9,-1.,2.15));
#8130 = VECTOR('',#8131,1.);
#8131 = DIRECTION('',(-0.707106781187,0.,0.707106781187));
#8132 = PLANE('',#8133);
#8133 = AXIS2_PLACEMENT_3D('',#8134,#8135,#8136);
#8134 = CARTESIAN_POINT('',(-29.9,-1.,2.15));
#8135 = DIRECTION('',(0.707106781187,0.,0.707106781187));
#8136 = DIRECTION('',(-0.707106781187,0.,0.707106781187));
#8137 = ADVANCED_FACE('',(#8138),#8165,.T.);
#8138 = FACE_BOUND('',#8139,.T.);
#8139 = EDGE_LOOP('',(#8140,#8141,#8149,#8157,#8163,#8164));
#8140 = ORIENTED_EDGE('',*,*,#5354,.T.);
#8141 = ORIENTED_EDGE('',*,*,#8142,.T.);
#8142 = EDGE_CURVE('',#5355,#8143,#8145,.T.);
#8143 = VERTEX_POINT('',#8144);
#8144 = CARTESIAN_POINT('',(-29.9,19.,2.15));
#8145 = LINE('',#8146,#8147);
#8146 = CARTESIAN_POINT('',(-29.9,19.,-1.E-02));
#8147 = VECTOR('',#8148,1.);
#8148 = DIRECTION('',(0.,0.,1.));
#8149 = ORIENTED_EDGE('',*,*,#8150,.T.);
#8150 = EDGE_CURVE('',#8143,#8151,#8153,.T.);
#8151 = VERTEX_POINT('',#8152);
#8152 = CARTESIAN_POINT('',(-29.9,21.,2.15));
#8153 = LINE('',#8154,#8155);
#8154 = CARTESIAN_POINT('',(-29.9,19.,2.15));
#8155 = VECTOR('',#8156,1.);
#8156 = DIRECTION('',(0.,1.,0.));
#8157 = ORIENTED_EDGE('',*,*,#8158,.F.);
#8158 = EDGE_CURVE('',#5446,#8151,#8159,.T.);
#8159 = LINE('',#8160,#8161);
#8160 = CARTESIAN_POINT('',(-29.9,21.,-1.E-02));
#8161 = VECTOR('',#8162,1.);
#8162 = DIRECTION('',(0.,0.,1.));
#8163 = ORIENTED_EDGE('',*,*,#5453,.T.);
#8164 = ORIENTED_EDGE('',*,*,#2074,.F.);
#8165 = PLANE('',#8166);
#8166 = AXIS2_PLACEMENT_3D('',#8167,#8168,#8169);
#8167 = CARTESIAN_POINT('',(-29.9,20.,0.837656712003));
#8168 = DIRECTION('',(-1.,-0.,-0.));
#8169 = DIRECTION('',(0.,0.,-1.));
#8170 = ADVANCED_FACE('',(#8171),#8196,.F.);
#8171 = FACE_BOUND('',#8172,.F.);
#8172 = EDGE_LOOP('',(#8173,#8174,#8182,#8190));
#8173 = ORIENTED_EDGE('',*,*,#8150,.T.);
#8174 = ORIENTED_EDGE('',*,*,#8175,.T.);
#8175 = EDGE_CURVE('',#8151,#8176,#8178,.T.);
#8176 = VERTEX_POINT('',#8177);
#8177 = CARTESIAN_POINT('',(-30.75,21.,3.));
#8178 = LINE('',#8179,#8180);
#8179 = CARTESIAN_POINT('',(-29.9,21.,2.15));
#8180 = VECTOR('',#8181,1.);
#8181 = DIRECTION('',(-0.707106781187,0.,0.707106781187));
#8182 = ORIENTED_EDGE('',*,*,#8183,.F.);
#8183 = EDGE_CURVE('',#8184,#8176,#8186,.T.);
#8184 = VERTEX_POINT('',#8185);
#8185 = CARTESIAN_POINT('',(-30.75,19.,3.));
#8186 = LINE('',#8187,#8188);
#8187 = CARTESIAN_POINT('',(-30.75,19.,3.));
#8188 = VECTOR('',#8189,1.);
#8189 = DIRECTION('',(0.,1.,0.));
#8190 = ORIENTED_EDGE('',*,*,#8191,.F.);
#8191 = EDGE_CURVE('',#8143,#8184,#8192,.T.);
#8192 = LINE('',#8193,#8194);
#8193 = CARTESIAN_POINT('',(-29.9,19.,2.15));
#8194 = VECTOR('',#8195,1.);
#8195 = DIRECTION('',(-0.707106781187,0.,0.707106781187));
#8196 = PLANE('',#8197);
#8197 = AXIS2_PLACEMENT_3D('',#8198,#8199,#8200);
#8198 = CARTESIAN_POINT('',(-29.9,19.,2.15));
#8199 = DIRECTION('',(0.707106781187,0.,0.707106781187));
#8200 = DIRECTION('',(-0.707106781187,0.,0.707106781187));
#8201 = ADVANCED_FACE('',(#8202),#8228,.T.);
#8202 = FACE_BOUND('',#8203,.T.);
#8203 = EDGE_LOOP('',(#8204,#8205,#8213,#8221,#8227));
#8204 = ORIENTED_EDGE('',*,*,#3558,.T.);
#8205 = ORIENTED_EDGE('',*,*,#8206,.T.);
#8206 = EDGE_CURVE('',#3559,#8207,#8209,.T.);
#8207 = VERTEX_POINT('',#8208);
#8208 = CARTESIAN_POINT('',(-11.,-34.1,2.15));
#8209 = LINE('',#8210,#8211);
#8210 = CARTESIAN_POINT('',(-11.,-34.1,-1.E-02));
#8211 = VECTOR('',#8212,1.);
#8212 = DIRECTION('',(0.,0.,1.));
#8213 = ORIENTED_EDGE('',*,*,#8214,.T.);
#8214 = EDGE_CURVE('',#8207,#8215,#8217,.T.);
#8215 = VERTEX_POINT('',#8216);
#8216 = CARTESIAN_POINT('',(-11.,-33.25,3.));
#8217 = LINE('',#8218,#8219);
#8218 = CARTESIAN_POINT('',(-11.,-34.1,2.15));
#8219 = VECTOR('',#8220,1.);
#8220 = DIRECTION('',(7.850462293419E-17,0.707106781187,0.707106781187)
  );
#8221 = ORIENTED_EDGE('',*,*,#8222,.T.);
#8222 = EDGE_CURVE('',#8215,#6606,#8223,.T.);
#8223 = LINE('',#8224,#8225);
#8224 = CARTESIAN_POINT('',(-11.,-33.25,3.));
#8225 = VECTOR('',#8226,1.);
#8226 = DIRECTION('',(-1.110223024625E-16,-1.,0.));
#8227 = ORIENTED_EDGE('',*,*,#6605,.F.);
#8228 = PLANE('',#8229);
#8229 = AXIS2_PLACEMENT_3D('',#8230,#8231,#8232);
#8230 = CARTESIAN_POINT('',(-11.,-34.40621420488,2.054254466634));
#8231 = DIRECTION('',(1.,0.,0.));
#8232 = DIRECTION('',(0.,0.,1.));
#8233 = ADVANCED_FACE('',(#8234),#8259,.T.);
#8234 = FACE_BOUND('',#8235,.T.);
#8235 = EDGE_LOOP('',(#8236,#8244,#8252,#8258));
#8236 = ORIENTED_EDGE('',*,*,#8237,.T.);
#8237 = EDGE_CURVE('',#8207,#8238,#8240,.T.);
#8238 = VERTEX_POINT('',#8239);
#8239 = CARTESIAN_POINT('',(-13.,-34.1,2.15));
#8240 = LINE('',#8241,#8242);
#8241 = CARTESIAN_POINT('',(-11.,-34.1,2.15));
#8242 = VECTOR('',#8243,1.);
#8243 = DIRECTION('',(-1.,1.110223024625E-16,0.));
#8244 = ORIENTED_EDGE('',*,*,#8245,.T.);
#8245 = EDGE_CURVE('',#8238,#8246,#8248,.T.);
#8246 = VERTEX_POINT('',#8247);
#8247 = CARTESIAN_POINT('',(-13.,-33.25,3.));
#8248 = LINE('',#8249,#8250);
#8249 = CARTESIAN_POINT('',(-13.,-34.1,2.15));
#8250 = VECTOR('',#8251,1.);
#8251 = DIRECTION('',(7.850462293419E-17,0.707106781187,0.707106781187)
  );
#8252 = ORIENTED_EDGE('',*,*,#8253,.F.);
#8253 = EDGE_CURVE('',#8215,#8246,#8254,.T.);
#8254 = LINE('',#8255,#8256);
#8255 = CARTESIAN_POINT('',(-11.,-33.25,3.));
#8256 = VECTOR('',#8257,1.);
#8257 = DIRECTION('',(-1.,1.110223024625E-16,0.));
#8258 = ORIENTED_EDGE('',*,*,#8214,.F.);
#8259 = PLANE('',#8260);
#8260 = AXIS2_PLACEMENT_3D('',#8261,#8262,#8263);
#8261 = CARTESIAN_POINT('',(-11.,-34.1,2.15));
#8262 = DIRECTION('',(7.850462293419E-17,0.707106781187,-0.707106781187)
  );
#8263 = DIRECTION('',(7.850462293419E-17,0.707106781187,0.707106781187)
  );
#8264 = ADVANCED_FACE('',(#8265),#8291,.T.);
#8265 = FACE_BOUND('',#8266,.T.);
#8266 = EDGE_LOOP('',(#8267,#8268,#8269,#8277,#8285));
#8267 = ORIENTED_EDGE('',*,*,#3649,.T.);
#8268 = ORIENTED_EDGE('',*,*,#6636,.T.);
#8269 = ORIENTED_EDGE('',*,*,#8270,.F.);
#8270 = EDGE_CURVE('',#8271,#6637,#8273,.T.);
#8271 = VERTEX_POINT('',#8272);
#8272 = CARTESIAN_POINT('',(-11.,-32.75,3.));
#8273 = LINE('',#8274,#8275);
#8274 = CARTESIAN_POINT('',(-11.,-31.9,3.));
#8275 = VECTOR('',#8276,1.);
#8276 = DIRECTION('',(1.110223024625E-16,1.,0.));
#8277 = ORIENTED_EDGE('',*,*,#8278,.F.);
#8278 = EDGE_CURVE('',#8279,#8271,#8281,.T.);
#8279 = VERTEX_POINT('',#8280);
#8280 = CARTESIAN_POINT('',(-11.,-31.9,2.15));
#8281 = LINE('',#8282,#8283);
#8282 = CARTESIAN_POINT('',(-11.,-31.9,2.15));
#8283 = VECTOR('',#8284,1.);
#8284 = DIRECTION('',(-7.850462293419E-17,-0.707106781187,0.707106781187
    ));
#8285 = ORIENTED_EDGE('',*,*,#8286,.F.);
#8286 = EDGE_CURVE('',#3641,#8279,#8287,.T.);
#8287 = LINE('',#8288,#8289);
#8288 = CARTESIAN_POINT('',(-11.,-31.9,-1.E-02));
#8289 = VECTOR('',#8290,1.);
#8290 = DIRECTION('',(0.,0.,1.));
#8291 = PLANE('',#8292);
#8292 = AXIS2_PLACEMENT_3D('',#8293,#8294,#8295);
#8293 = CARTESIAN_POINT('',(-11.,-31.59378579511,2.054254466634));
#8294 = DIRECTION('',(1.,0.,0.));
#8295 = DIRECTION('',(0.,0.,1.));
#8296 = ADVANCED_FACE('',(#8297),#8322,.F.);
#8297 = FACE_BOUND('',#8298,.F.);
#8298 = EDGE_LOOP('',(#8299,#8307,#8315,#8321));
#8299 = ORIENTED_EDGE('',*,*,#8300,.T.);
#8300 = EDGE_CURVE('',#8279,#8301,#8303,.T.);
#8301 = VERTEX_POINT('',#8302);
#8302 = CARTESIAN_POINT('',(-13.,-31.9,2.15));
#8303 = LINE('',#8304,#8305);
#8304 = CARTESIAN_POINT('',(-11.,-31.9,2.15));
#8305 = VECTOR('',#8306,1.);
#8306 = DIRECTION('',(-1.,1.110223024625E-16,0.));
#8307 = ORIENTED_EDGE('',*,*,#8308,.T.);
#8308 = EDGE_CURVE('',#8301,#8309,#8311,.T.);
#8309 = VERTEX_POINT('',#8310);
#8310 = CARTESIAN_POINT('',(-13.,-32.75,3.));
#8311 = LINE('',#8312,#8313);
#8312 = CARTESIAN_POINT('',(-13.,-31.9,2.15));
#8313 = VECTOR('',#8314,1.);
#8314 = DIRECTION('',(-7.850462293419E-17,-0.707106781187,0.707106781187
    ));
#8315 = ORIENTED_EDGE('',*,*,#8316,.F.);
#8316 = EDGE_CURVE('',#8271,#8309,#8317,.T.);
#8317 = LINE('',#8318,#8319);
#8318 = CARTESIAN_POINT('',(-11.,-32.75,3.));
#8319 = VECTOR('',#8320,1.);
#8320 = DIRECTION('',(-1.,1.110223024625E-16,0.));
#8321 = ORIENTED_EDGE('',*,*,#8278,.F.);
#8322 = PLANE('',#8323);
#8323 = AXIS2_PLACEMENT_3D('',#8324,#8325,#8326);
#8324 = CARTESIAN_POINT('',(-11.,-31.9,2.15));
#8325 = DIRECTION('',(7.850462293419E-17,0.707106781187,0.707106781187)
  );
#8326 = DIRECTION('',(-7.850462293419E-17,-0.707106781187,0.707106781187
    ));
#8327 = ADVANCED_FACE('',(#8328),#8354,.T.);
#8328 = FACE_BOUND('',#8329,.T.);
#8329 = EDGE_LOOP('',(#8330,#8331,#8339,#8347,#8353));
#8330 = ORIENTED_EDGE('',*,*,#5570,.T.);
#8331 = ORIENTED_EDGE('',*,*,#8332,.T.);
#8332 = EDGE_CURVE('',#5571,#8333,#8335,.T.);
#8333 = VERTEX_POINT('',#8334);
#8334 = CARTESIAN_POINT('',(-11.,31.9,2.15));
#8335 = LINE('',#8336,#8337);
#8336 = CARTESIAN_POINT('',(-11.,31.9,-1.E-02));
#8337 = VECTOR('',#8338,1.);
#8338 = DIRECTION('',(0.,0.,1.));
#8339 = ORIENTED_EDGE('',*,*,#8340,.T.);
#8340 = EDGE_CURVE('',#8333,#8341,#8343,.T.);
#8341 = VERTEX_POINT('',#8342);
#8342 = CARTESIAN_POINT('',(-11.,32.75,3.));
#8343 = LINE('',#8344,#8345);
#8344 = CARTESIAN_POINT('',(-11.,31.9,2.15));
#8345 = VECTOR('',#8346,1.);
#8346 = DIRECTION('',(7.850462293419E-17,0.707106781187,0.707106781187)
  );
#8347 = ORIENTED_EDGE('',*,*,#8348,.T.);
#8348 = EDGE_CURVE('',#8341,#7171,#8349,.T.);
#8349 = LINE('',#8350,#8351);
#8350 = CARTESIAN_POINT('',(-11.,32.75,3.));
#8351 = VECTOR('',#8352,1.);
#8352 = DIRECTION('',(-1.110223024625E-16,-1.,0.));
#8353 = ORIENTED_EDGE('',*,*,#7170,.F.);
#8354 = PLANE('',#8355);
#8355 = AXIS2_PLACEMENT_3D('',#8356,#8357,#8358);
#8356 = CARTESIAN_POINT('',(-11.,31.593785795112,2.054254466634));
#8357 = DIRECTION('',(1.,0.,0.));
#8358 = DIRECTION('',(0.,0.,1.));
#8359 = ADVANCED_FACE('',(#8360),#8385,.T.);
#8360 = FACE_BOUND('',#8361,.T.);
#8361 = EDGE_LOOP('',(#8362,#8370,#8378,#8384));
#8362 = ORIENTED_EDGE('',*,*,#8363,.T.);
#8363 = EDGE_CURVE('',#8333,#8364,#8366,.T.);
#8364 = VERTEX_POINT('',#8365);
#8365 = CARTESIAN_POINT('',(-13.,31.9,2.15));
#8366 = LINE('',#8367,#8368);
#8367 = CARTESIAN_POINT('',(-11.,31.9,2.15));
#8368 = VECTOR('',#8369,1.);
#8369 = DIRECTION('',(-1.,1.110223024625E-16,0.));
#8370 = ORIENTED_EDGE('',*,*,#8371,.T.);
#8371 = EDGE_CURVE('',#8364,#8372,#8374,.T.);
#8372 = VERTEX_POINT('',#8373);
#8373 = CARTESIAN_POINT('',(-13.,32.75,3.));
#8374 = LINE('',#8375,#8376);
#8375 = CARTESIAN_POINT('',(-13.,31.9,2.15));
#8376 = VECTOR('',#8377,1.);
#8377 = DIRECTION('',(7.850462293419E-17,0.707106781187,0.707106781187)
  );
#8378 = ORIENTED_EDGE('',*,*,#8379,.F.);
#8379 = EDGE_CURVE('',#8341,#8372,#8380,.T.);
#8380 = LINE('',#8381,#8382);
#8381 = CARTESIAN_POINT('',(-11.,32.75,3.));
#8382 = VECTOR('',#8383,1.);
#8383 = DIRECTION('',(-1.,1.110223024625E-16,0.));
#8384 = ORIENTED_EDGE('',*,*,#8340,.F.);
#8385 = PLANE('',#8386);
#8386 = AXIS2_PLACEMENT_3D('',#8387,#8388,#8389);
#8387 = CARTESIAN_POINT('',(-11.,31.9,2.15));
#8388 = DIRECTION('',(7.850462293419E-17,0.707106781187,-0.707106781187)
  );
#8389 = DIRECTION('',(7.850462293419E-17,0.707106781187,0.707106781187)
  );
#8390 = ADVANCED_FACE('',(#8391),#8417,.T.);
#8391 = FACE_BOUND('',#8392,.T.);
#8392 = EDGE_LOOP('',(#8393,#8394,#8395,#8403,#8411));
#8393 = ORIENTED_EDGE('',*,*,#5661,.T.);
#8394 = ORIENTED_EDGE('',*,*,#7201,.T.);
#8395 = ORIENTED_EDGE('',*,*,#8396,.F.);
#8396 = EDGE_CURVE('',#8397,#7202,#8399,.T.);
#8397 = VERTEX_POINT('',#8398);
#8398 = CARTESIAN_POINT('',(-11.,33.25,3.));
#8399 = LINE('',#8400,#8401);
#8400 = CARTESIAN_POINT('',(-11.,34.1,3.));
#8401 = VECTOR('',#8402,1.);
#8402 = DIRECTION('',(1.110223024625E-16,1.,0.));
#8403 = ORIENTED_EDGE('',*,*,#8404,.F.);
#8404 = EDGE_CURVE('',#8405,#8397,#8407,.T.);
#8405 = VERTEX_POINT('',#8406);
#8406 = CARTESIAN_POINT('',(-11.,34.1,2.15));
#8407 = LINE('',#8408,#8409);
#8408 = CARTESIAN_POINT('',(-11.,34.1,2.15));
#8409 = VECTOR('',#8410,1.);
#8410 = DIRECTION('',(-7.850462293419E-17,-0.707106781187,0.707106781187
    ));
#8411 = ORIENTED_EDGE('',*,*,#8412,.F.);
#8412 = EDGE_CURVE('',#5653,#8405,#8413,.T.);
#8413 = LINE('',#8414,#8415);
#8414 = CARTESIAN_POINT('',(-11.,34.1,-1.E-02));
#8415 = VECTOR('',#8416,1.);
#8416 = DIRECTION('',(0.,0.,1.));
#8417 = PLANE('',#8418);
#8418 = AXIS2_PLACEMENT_3D('',#8419,#8420,#8421);
#8419 = CARTESIAN_POINT('',(-11.,34.406214204888,2.054254466634));
#8420 = DIRECTION('',(1.,0.,0.));
#8421 = DIRECTION('',(0.,0.,1.));
#8422 = ADVANCED_FACE('',(#8423),#8448,.F.);
#8423 = FACE_BOUND('',#8424,.F.);
#8424 = EDGE_LOOP('',(#8425,#8433,#8441,#8447));
#8425 = ORIENTED_EDGE('',*,*,#8426,.T.);
#8426 = EDGE_CURVE('',#8405,#8427,#8429,.T.);
#8427 = VERTEX_POINT('',#8428);
#8428 = CARTESIAN_POINT('',(-13.,34.1,2.15));
#8429 = LINE('',#8430,#8431);
#8430 = CARTESIAN_POINT('',(-11.,34.1,2.15));
#8431 = VECTOR('',#8432,1.);
#8432 = DIRECTION('',(-1.,1.110223024625E-16,0.));
#8433 = ORIENTED_EDGE('',*,*,#8434,.T.);
#8434 = EDGE_CURVE('',#8427,#8435,#8437,.T.);
#8435 = VERTEX_POINT('',#8436);
#8436 = CARTESIAN_POINT('',(-13.,33.25,3.));
#8437 = LINE('',#8438,#8439);
#8438 = CARTESIAN_POINT('',(-13.,34.1,2.15));
#8439 = VECTOR('',#8440,1.);
#8440 = DIRECTION('',(-7.850462293419E-17,-0.707106781187,0.707106781187
    ));
#8441 = ORIENTED_EDGE('',*,*,#8442,.F.);
#8442 = EDGE_CURVE('',#8397,#8435,#8443,.T.);
#8443 = LINE('',#8444,#8445);
#8444 = CARTESIAN_POINT('',(-11.,33.25,3.));
#8445 = VECTOR('',#8446,1.);
#8446 = DIRECTION('',(-1.,1.110223024625E-16,0.));
#8447 = ORIENTED_EDGE('',*,*,#8404,.F.);
#8448 = PLANE('',#8449);
#8449 = AXIS2_PLACEMENT_3D('',#8450,#8451,#8452);
#8450 = CARTESIAN_POINT('',(-11.,34.1,2.15));
#8451 = DIRECTION('',(7.850462293419E-17,0.707106781187,0.707106781187)
  );
#8452 = DIRECTION('',(-7.850462293419E-17,-0.707106781187,0.707106781187
    ));
#8453 = ADVANCED_FACE('',(#8454),#8471,.T.);
#8454 = FACE_BOUND('',#8455,.T.);
#8455 = EDGE_LOOP('',(#8456,#8457,#8458,#8464,#8465));
#8456 = ORIENTED_EDGE('',*,*,#3615,.F.);
#8457 = ORIENTED_EDGE('',*,*,#6614,.T.);
#8458 = ORIENTED_EDGE('',*,*,#8459,.T.);
#8459 = EDGE_CURVE('',#6615,#8246,#8460,.T.);
#8460 = LINE('',#8461,#8462);
#8461 = CARTESIAN_POINT('',(-13.,-35.1,3.));
#8462 = VECTOR('',#8463,1.);
#8463 = DIRECTION('',(1.110223024625E-16,1.,0.));
#8464 = ORIENTED_EDGE('',*,*,#8245,.F.);
#8465 = ORIENTED_EDGE('',*,*,#8466,.F.);
#8466 = EDGE_CURVE('',#3616,#8238,#8467,.T.);
#8467 = LINE('',#8468,#8469);
#8468 = CARTESIAN_POINT('',(-13.,-34.1,-1.E-02));
#8469 = VECTOR('',#8470,1.);
#8470 = DIRECTION('',(0.,0.,1.));
#8471 = PLANE('',#8472);
#8472 = AXIS2_PLACEMENT_3D('',#8473,#8474,#8475);
#8473 = CARTESIAN_POINT('',(-13.,-34.40621420488,2.054254466634));
#8474 = DIRECTION('',(-1.,-0.,-0.));
#8475 = DIRECTION('',(0.,0.,-1.));
#8476 = ADVANCED_FACE('',(#8477),#8494,.T.);
#8477 = FACE_BOUND('',#8478,.T.);
#8478 = EDGE_LOOP('',(#8479,#8480,#8486,#8487,#8493));
#8479 = ORIENTED_EDGE('',*,*,#3731,.F.);
#8480 = ORIENTED_EDGE('',*,*,#8481,.T.);
#8481 = EDGE_CURVE('',#3732,#8301,#8482,.T.);
#8482 = LINE('',#8483,#8484);
#8483 = CARTESIAN_POINT('',(-13.,-31.9,-1.E-02));
#8484 = VECTOR('',#8485,1.);
#8485 = DIRECTION('',(0.,0.,1.));
#8486 = ORIENTED_EDGE('',*,*,#8308,.T.);
#8487 = ORIENTED_EDGE('',*,*,#8488,.T.);
#8488 = EDGE_CURVE('',#8309,#6646,#8489,.T.);
#8489 = LINE('',#8490,#8491);
#8490 = CARTESIAN_POINT('',(-13.,-32.75,3.));
#8491 = VECTOR('',#8492,1.);
#8492 = DIRECTION('',(1.110223024625E-16,1.,0.));
#8493 = ORIENTED_EDGE('',*,*,#6645,.F.);
#8494 = PLANE('',#8495);
#8495 = AXIS2_PLACEMENT_3D('',#8496,#8497,#8498);
#8496 = CARTESIAN_POINT('',(-13.,-31.59378579511,2.054254466634));
#8497 = DIRECTION('',(-1.,-0.,-0.));
#8498 = DIRECTION('',(0.,0.,-1.));
#8499 = ADVANCED_FACE('',(#8500),#8517,.T.);
#8500 = FACE_BOUND('',#8501,.T.);
#8501 = EDGE_LOOP('',(#8502,#8503,#8504,#8510,#8511));
#8502 = ORIENTED_EDGE('',*,*,#5627,.F.);
#8503 = ORIENTED_EDGE('',*,*,#7179,.T.);
#8504 = ORIENTED_EDGE('',*,*,#8505,.T.);
#8505 = EDGE_CURVE('',#7180,#8372,#8506,.T.);
#8506 = LINE('',#8507,#8508);
#8507 = CARTESIAN_POINT('',(-13.,30.9,3.));
#8508 = VECTOR('',#8509,1.);
#8509 = DIRECTION('',(1.110223024625E-16,1.,0.));
#8510 = ORIENTED_EDGE('',*,*,#8371,.F.);
#8511 = ORIENTED_EDGE('',*,*,#8512,.F.);
#8512 = EDGE_CURVE('',#5628,#8364,#8513,.T.);
#8513 = LINE('',#8514,#8515);
#8514 = CARTESIAN_POINT('',(-13.,31.9,-1.E-02));
#8515 = VECTOR('',#8516,1.);
#8516 = DIRECTION('',(0.,0.,1.));
#8517 = PLANE('',#8518);
#8518 = AXIS2_PLACEMENT_3D('',#8519,#8520,#8521);
#8519 = CARTESIAN_POINT('',(-13.,31.593785795112,2.054254466634));
#8520 = DIRECTION('',(-1.,-0.,-0.));
#8521 = DIRECTION('',(0.,0.,-1.));
#8522 = ADVANCED_FACE('',(#8523),#8540,.T.);
#8523 = FACE_BOUND('',#8524,.T.);
#8524 = EDGE_LOOP('',(#8525,#8526,#8532,#8533,#8539));
#8525 = ORIENTED_EDGE('',*,*,#5743,.F.);
#8526 = ORIENTED_EDGE('',*,*,#8527,.T.);
#8527 = EDGE_CURVE('',#5744,#8427,#8528,.T.);
#8528 = LINE('',#8529,#8530);
#8529 = CARTESIAN_POINT('',(-13.,34.1,-1.E-02));
#8530 = VECTOR('',#8531,1.);
#8531 = DIRECTION('',(0.,0.,1.));
#8532 = ORIENTED_EDGE('',*,*,#8434,.T.);
#8533 = ORIENTED_EDGE('',*,*,#8534,.T.);
#8534 = EDGE_CURVE('',#8435,#7211,#8535,.T.);
#8535 = LINE('',#8536,#8537);
#8536 = CARTESIAN_POINT('',(-13.,33.25,3.));
#8537 = VECTOR('',#8538,1.);
#8538 = DIRECTION('',(1.110223024625E-16,1.,0.));
#8539 = ORIENTED_EDGE('',*,*,#7210,.F.);
#8540 = PLANE('',#8541);
#8541 = AXIS2_PLACEMENT_3D('',#8542,#8543,#8544);
#8542 = CARTESIAN_POINT('',(-13.,34.406214204888,2.054254466634));
#8543 = DIRECTION('',(-1.,-0.,-0.));
#8544 = DIRECTION('',(0.,0.,-1.));
#8545 = ADVANCED_FACE('',(#8546),#8554,.T.);
#8546 = FACE_BOUND('',#8547,.T.);
#8547 = EDGE_LOOP('',(#8548,#8549,#8550,#8551,#8552,#8553));
#8548 = ORIENTED_EDGE('',*,*,#3566,.F.);
#8549 = ORIENTED_EDGE('',*,*,#1223,.T.);
#8550 = ORIENTED_EDGE('',*,*,#3625,.F.);
#8551 = ORIENTED_EDGE('',*,*,#8466,.T.);
#8552 = ORIENTED_EDGE('',*,*,#8237,.F.);
#8553 = ORIENTED_EDGE('',*,*,#8206,.F.);
#8554 = PLANE('',#8555);
#8555 = AXIS2_PLACEMENT_3D('',#8556,#8557,#8558);
#8556 = CARTESIAN_POINT('',(-12.,-34.1,0.837656712003));
#8557 = DIRECTION('',(0.,1.,2.33175166199E-15));
#8558 = DIRECTION('',(0.,-2.33175166199E-15,1.));
#8559 = ADVANCED_FACE('',(#8560),#8587,.T.);
#8560 = FACE_BOUND('',#8561,.T.);
#8561 = EDGE_LOOP('',(#8562,#8563,#8564,#8565,#8573,#8581));
#8562 = ORIENTED_EDGE('',*,*,#4220,.F.);
#8563 = ORIENTED_EDGE('',*,*,#1532,.T.);
#8564 = ORIENTED_EDGE('',*,*,#4279,.F.);
#8565 = ORIENTED_EDGE('',*,*,#8566,.T.);
#8566 = EDGE_CURVE('',#4270,#8567,#8569,.T.);
#8567 = VERTEX_POINT('',#8568);
#8568 = CARTESIAN_POINT('',(11.,-34.1,2.15));
#8569 = LINE('',#8570,#8571);
#8570 = CARTESIAN_POINT('',(11.,-34.1,-1.E-02));
#8571 = VECTOR('',#8572,1.);
#8572 = DIRECTION('',(0.,0.,1.));
#8573 = ORIENTED_EDGE('',*,*,#8574,.F.);
#8574 = EDGE_CURVE('',#8575,#8567,#8577,.T.);
#8575 = VERTEX_POINT('',#8576);
#8576 = CARTESIAN_POINT('',(13.,-34.1,2.15));
#8577 = LINE('',#8578,#8579);
#8578 = CARTESIAN_POINT('',(13.,-34.1,2.15));
#8579 = VECTOR('',#8580,1.);
#8580 = DIRECTION('',(-1.,1.110223024625E-16,0.));
#8581 = ORIENTED_EDGE('',*,*,#8582,.F.);
#8582 = EDGE_CURVE('',#4213,#8575,#8583,.T.);
#8583 = LINE('',#8584,#8585);
#8584 = CARTESIAN_POINT('',(13.,-34.1,-1.E-02));
#8585 = VECTOR('',#8586,1.);
#8586 = DIRECTION('',(0.,0.,1.));
#8587 = PLANE('',#8588);
#8588 = AXIS2_PLACEMENT_3D('',#8589,#8590,#8591);
#8589 = CARTESIAN_POINT('',(12.,-34.1,0.837656712003));
#8590 = DIRECTION('',(0.,1.,2.33175166199E-15));
#8591 = DIRECTION('',(0.,-2.33175166199E-15,1.));
#8592 = ADVANCED_FACE('',(#8593),#8618,.T.);
#8593 = FACE_BOUND('',#8594,.T.);
#8594 = EDGE_LOOP('',(#8595,#8596,#8604,#8612));
#8595 = ORIENTED_EDGE('',*,*,#8574,.T.);
#8596 = ORIENTED_EDGE('',*,*,#8597,.T.);
#8597 = EDGE_CURVE('',#8567,#8598,#8600,.T.);
#8598 = VERTEX_POINT('',#8599);
#8599 = CARTESIAN_POINT('',(11.,-33.25,3.));
#8600 = LINE('',#8601,#8602);
#8601 = CARTESIAN_POINT('',(11.,-34.1,2.15));
#8602 = VECTOR('',#8603,1.);
#8603 = DIRECTION('',(7.850462293419E-17,0.707106781187,0.707106781187)
  );
#8604 = ORIENTED_EDGE('',*,*,#8605,.F.);
#8605 = EDGE_CURVE('',#8606,#8598,#8608,.T.);
#8606 = VERTEX_POINT('',#8607);
#8607 = CARTESIAN_POINT('',(13.,-33.25,3.));
#8608 = LINE('',#8609,#8610);
#8609 = CARTESIAN_POINT('',(13.,-33.25,3.));
#8610 = VECTOR('',#8611,1.);
#8611 = DIRECTION('',(-1.,1.110223024625E-16,0.));
#8612 = ORIENTED_EDGE('',*,*,#8613,.F.);
#8613 = EDGE_CURVE('',#8575,#8606,#8614,.T.);
#8614 = LINE('',#8615,#8616);
#8615 = CARTESIAN_POINT('',(13.,-34.1,2.15));
#8616 = VECTOR('',#8617,1.);
#8617 = DIRECTION('',(7.850462293419E-17,0.707106781187,0.707106781187)
  );
#8618 = PLANE('',#8619);
#8619 = AXIS2_PLACEMENT_3D('',#8620,#8621,#8622);
#8620 = CARTESIAN_POINT('',(13.,-34.1,2.15));
#8621 = DIRECTION('',(7.850462293419E-17,0.707106781187,-0.707106781187)
  );
#8622 = DIRECTION('',(7.850462293419E-17,0.707106781187,0.707106781187)
  );
#8623 = ADVANCED_FACE('',(#8624),#8632,.T.);
#8624 = FACE_BOUND('',#8625,.T.);
#8625 = EDGE_LOOP('',(#8626,#8627,#8628,#8629,#8630,#8631));
#8626 = ORIENTED_EDGE('',*,*,#3640,.T.);
#8627 = ORIENTED_EDGE('',*,*,#8286,.T.);
#8628 = ORIENTED_EDGE('',*,*,#8300,.T.);
#8629 = ORIENTED_EDGE('',*,*,#8481,.F.);
#8630 = ORIENTED_EDGE('',*,*,#3739,.T.);
#8631 = ORIENTED_EDGE('',*,*,#1257,.F.);
#8632 = PLANE('',#8633);
#8633 = AXIS2_PLACEMENT_3D('',#8634,#8635,#8636);
#8634 = CARTESIAN_POINT('',(-12.,-31.9,0.837656712003));
#8635 = DIRECTION('',(-0.,-1.,-1.165875830995E-15));
#8636 = DIRECTION('',(0.,1.165875830995E-15,-1.));
#8637 = ADVANCED_FACE('',(#8638),#8665,.T.);
#8638 = FACE_BOUND('',#8639,.T.);
#8639 = EDGE_LOOP('',(#8640,#8641,#8649,#8657,#8663,#8664));
#8640 = ORIENTED_EDGE('',*,*,#4294,.T.);
#8641 = ORIENTED_EDGE('',*,*,#8642,.T.);
#8642 = EDGE_CURVE('',#4295,#8643,#8645,.T.);
#8643 = VERTEX_POINT('',#8644);
#8644 = CARTESIAN_POINT('',(13.,-31.9,2.15));
#8645 = LINE('',#8646,#8647);
#8646 = CARTESIAN_POINT('',(13.,-31.9,-1.E-02));
#8647 = VECTOR('',#8648,1.);
#8648 = DIRECTION('',(0.,0.,1.));
#8649 = ORIENTED_EDGE('',*,*,#8650,.T.);
#8650 = EDGE_CURVE('',#8643,#8651,#8653,.T.);
#8651 = VERTEX_POINT('',#8652);
#8652 = CARTESIAN_POINT('',(11.,-31.9,2.15));
#8653 = LINE('',#8654,#8655);
#8654 = CARTESIAN_POINT('',(13.,-31.9,2.15));
#8655 = VECTOR('',#8656,1.);
#8656 = DIRECTION('',(-1.,1.110223024625E-16,0.));
#8657 = ORIENTED_EDGE('',*,*,#8658,.F.);
#8658 = EDGE_CURVE('',#4386,#8651,#8659,.T.);
#8659 = LINE('',#8660,#8661);
#8660 = CARTESIAN_POINT('',(11.,-31.9,-1.E-02));
#8661 = VECTOR('',#8662,1.);
#8662 = DIRECTION('',(0.,0.,1.));
#8663 = ORIENTED_EDGE('',*,*,#4393,.T.);
#8664 = ORIENTED_EDGE('',*,*,#1566,.F.);
#8665 = PLANE('',#8666);
#8666 = AXIS2_PLACEMENT_3D('',#8667,#8668,#8669);
#8667 = CARTESIAN_POINT('',(12.,-31.9,0.837656712003));
#8668 = DIRECTION('',(-0.,-1.,-0.));
#8669 = DIRECTION('',(0.,0.,-1.));
#8670 = ADVANCED_FACE('',(#8671),#8696,.F.);
#8671 = FACE_BOUND('',#8672,.F.);
#8672 = EDGE_LOOP('',(#8673,#8674,#8682,#8690));
#8673 = ORIENTED_EDGE('',*,*,#8650,.T.);
#8674 = ORIENTED_EDGE('',*,*,#8675,.T.);
#8675 = EDGE_CURVE('',#8651,#8676,#8678,.T.);
#8676 = VERTEX_POINT('',#8677);
#8677 = CARTESIAN_POINT('',(11.,-32.75,3.));
#8678 = LINE('',#8679,#8680);
#8679 = CARTESIAN_POINT('',(11.,-31.9,2.15));
#8680 = VECTOR('',#8681,1.);
#8681 = DIRECTION('',(-7.850462293419E-17,-0.707106781187,0.707106781187
    ));
#8682 = ORIENTED_EDGE('',*,*,#8683,.F.);
#8683 = EDGE_CURVE('',#8684,#8676,#8686,.T.);
#8684 = VERTEX_POINT('',#8685);
#8685 = CARTESIAN_POINT('',(13.,-32.75,3.));
#8686 = LINE('',#8687,#8688);
#8687 = CARTESIAN_POINT('',(13.,-32.75,3.));
#8688 = VECTOR('',#8689,1.);
#8689 = DIRECTION('',(-1.,1.110223024625E-16,0.));
#8690 = ORIENTED_EDGE('',*,*,#8691,.F.);
#8691 = EDGE_CURVE('',#8643,#8684,#8692,.T.);
#8692 = LINE('',#8693,#8694);
#8693 = CARTESIAN_POINT('',(13.,-31.9,2.15));
#8694 = VECTOR('',#8695,1.);
#8695 = DIRECTION('',(-7.850462293419E-17,-0.707106781187,0.707106781187
    ));
#8696 = PLANE('',#8697);
#8697 = AXIS2_PLACEMENT_3D('',#8698,#8699,#8700);
#8698 = CARTESIAN_POINT('',(13.,-31.9,2.15));
#8699 = DIRECTION('',(7.850462293419E-17,0.707106781187,0.707106781187)
  );
#8700 = DIRECTION('',(-7.850462293419E-17,-0.707106781187,0.707106781187
    ));
#8701 = ADVANCED_FACE('',(#8702),#8714,.T.);
#8702 = FACE_BOUND('',#8703,.T.);
#8703 = EDGE_LOOP('',(#8704,#8705,#8706,#8707,#8713));
#8704 = ORIENTED_EDGE('',*,*,#3856,.T.);
#8705 = ORIENTED_EDGE('',*,*,#7954,.T.);
#8706 = ORIENTED_EDGE('',*,*,#7985,.T.);
#8707 = ORIENTED_EDGE('',*,*,#8708,.T.);
#8708 = EDGE_CURVE('',#7978,#6668,#8709,.T.);
#8709 = LINE('',#8710,#8711);
#8710 = CARTESIAN_POINT('',(-31.25,-1.,3.));
#8711 = VECTOR('',#8712,1.);
#8712 = DIRECTION('',(-1.,0.,0.));
#8713 = ORIENTED_EDGE('',*,*,#6667,.F.);
#8714 = PLANE('',#8715);
#8715 = AXIS2_PLACEMENT_3D('',#8716,#8717,#8718);
#8716 = CARTESIAN_POINT('',(-32.40621420488,-1.,2.054254466634));
#8717 = DIRECTION('',(-0.,-1.,-0.));
#8718 = DIRECTION('',(0.,0.,-1.));
#8719 = ADVANCED_FACE('',(#8720),#8732,.T.);
#8720 = FACE_BOUND('',#8721,.T.);
#8721 = EDGE_LOOP('',(#8722,#8723,#8724,#8730,#8731));
#8722 = ORIENTED_EDGE('',*,*,#3947,.T.);
#8723 = ORIENTED_EDGE('',*,*,#6698,.T.);
#8724 = ORIENTED_EDGE('',*,*,#8725,.F.);
#8725 = EDGE_CURVE('',#8120,#6699,#8726,.T.);
#8726 = LINE('',#8727,#8728);
#8727 = CARTESIAN_POINT('',(-29.9,-1.,3.));
#8728 = VECTOR('',#8729,1.);
#8729 = DIRECTION('',(1.,0.,0.));
#8730 = ORIENTED_EDGE('',*,*,#8127,.F.);
#8731 = ORIENTED_EDGE('',*,*,#8078,.F.);
#8732 = PLANE('',#8733);
#8733 = AXIS2_PLACEMENT_3D('',#8734,#8735,#8736);
#8734 = CARTESIAN_POINT('',(-29.59378579511,-1.,2.054254466634));
#8735 = DIRECTION('',(-0.,-1.,-0.));
#8736 = DIRECTION('',(0.,0.,-1.));
#8737 = ADVANCED_FACE('',(#8738),#8764,.T.);
#8738 = FACE_BOUND('',#8739,.T.);
#8739 = EDGE_LOOP('',(#8740,#8741,#8749,#8757,#8763));
#8740 = ORIENTED_EDGE('',*,*,#4891,.T.);
#8741 = ORIENTED_EDGE('',*,*,#8742,.T.);
#8742 = EDGE_CURVE('',#4892,#8743,#8745,.T.);
#8743 = VERTEX_POINT('',#8744);
#8744 = CARTESIAN_POINT('',(29.9,-1.,2.15));
#8745 = LINE('',#8746,#8747);
#8746 = CARTESIAN_POINT('',(29.9,-1.,-1.E-02));
#8747 = VECTOR('',#8748,1.);
#8748 = DIRECTION('',(0.,0.,1.));
#8749 = ORIENTED_EDGE('',*,*,#8750,.T.);
#8750 = EDGE_CURVE('',#8743,#8751,#8753,.T.);
#8751 = VERTEX_POINT('',#8752);
#8752 = CARTESIAN_POINT('',(30.75,-1.,3.));
#8753 = LINE('',#8754,#8755);
#8754 = CARTESIAN_POINT('',(29.9,-1.,2.15));
#8755 = VECTOR('',#8756,1.);
#8756 = DIRECTION('',(0.707106781187,0.,0.707106781187));
#8757 = ORIENTED_EDGE('',*,*,#8758,.T.);
#8758 = EDGE_CURVE('',#8751,#6976,#8759,.T.);
#8759 = LINE('',#8760,#8761);
#8760 = CARTESIAN_POINT('',(30.75,-1.,3.));
#8761 = VECTOR('',#8762,1.);
#8762 = DIRECTION('',(-1.,0.,0.));
#8763 = ORIENTED_EDGE('',*,*,#6975,.F.);
#8764 = PLANE('',#8765);
#8765 = AXIS2_PLACEMENT_3D('',#8766,#8767,#8768);
#8766 = CARTESIAN_POINT('',(29.593785795112,-1.,2.054254466634));
#8767 = DIRECTION('',(-0.,-1.,-0.));
#8768 = DIRECTION('',(0.,0.,-1.));
#8769 = ADVANCED_FACE('',(#8770),#8795,.T.);
#8770 = FACE_BOUND('',#8771,.T.);
#8771 = EDGE_LOOP('',(#8772,#8780,#8788,#8794));
#8772 = ORIENTED_EDGE('',*,*,#8773,.T.);
#8773 = EDGE_CURVE('',#8743,#8774,#8776,.T.);
#8774 = VERTEX_POINT('',#8775);
#8775 = CARTESIAN_POINT('',(29.9,1.,2.15));
#8776 = LINE('',#8777,#8778);
#8777 = CARTESIAN_POINT('',(29.9,-1.,2.15));
#8778 = VECTOR('',#8779,1.);
#8779 = DIRECTION('',(0.,1.,0.));
#8780 = ORIENTED_EDGE('',*,*,#8781,.T.);
#8781 = EDGE_CURVE('',#8774,#8782,#8784,.T.);
#8782 = VERTEX_POINT('',#8783);
#8783 = CARTESIAN_POINT('',(30.75,1.,3.));
#8784 = LINE('',#8785,#8786);
#8785 = CARTESIAN_POINT('',(29.9,1.,2.15));
#8786 = VECTOR('',#8787,1.);
#8787 = DIRECTION('',(0.707106781187,0.,0.707106781187));
#8788 = ORIENTED_EDGE('',*,*,#8789,.F.);
#8789 = EDGE_CURVE('',#8751,#8782,#8790,.T.);
#8790 = LINE('',#8791,#8792);
#8791 = CARTESIAN_POINT('',(30.75,-1.,3.));
#8792 = VECTOR('',#8793,1.);
#8793 = DIRECTION('',(0.,1.,0.));
#8794 = ORIENTED_EDGE('',*,*,#8750,.F.);
#8795 = PLANE('',#8796);
#8796 = AXIS2_PLACEMENT_3D('',#8797,#8798,#8799);
#8797 = CARTESIAN_POINT('',(29.9,-1.,2.15));
#8798 = DIRECTION('',(0.707106781187,0.,-0.707106781187));
#8799 = DIRECTION('',(0.707106781187,0.,0.707106781187));
#8800 = ADVANCED_FACE('',(#8801),#8827,.T.);
#8801 = FACE_BOUND('',#8802,.T.);
#8802 = EDGE_LOOP('',(#8803,#8804,#8805,#8813,#8821));
#8803 = ORIENTED_EDGE('',*,*,#4982,.T.);
#8804 = ORIENTED_EDGE('',*,*,#7006,.T.);
#8805 = ORIENTED_EDGE('',*,*,#8806,.F.);
#8806 = EDGE_CURVE('',#8807,#7007,#8809,.T.);
#8807 = VERTEX_POINT('',#8808);
#8808 = CARTESIAN_POINT('',(31.25,-1.,3.));
#8809 = LINE('',#8810,#8811);
#8810 = CARTESIAN_POINT('',(32.1,-1.,3.));
#8811 = VECTOR('',#8812,1.);
#8812 = DIRECTION('',(1.,0.,0.));
#8813 = ORIENTED_EDGE('',*,*,#8814,.F.);
#8814 = EDGE_CURVE('',#8815,#8807,#8817,.T.);
#8815 = VERTEX_POINT('',#8816);
#8816 = CARTESIAN_POINT('',(32.1,-1.,2.15));
#8817 = LINE('',#8818,#8819);
#8818 = CARTESIAN_POINT('',(32.1,-1.,2.15));
#8819 = VECTOR('',#8820,1.);
#8820 = DIRECTION('',(-0.707106781187,0.,0.707106781187));
#8821 = ORIENTED_EDGE('',*,*,#8822,.F.);
#8822 = EDGE_CURVE('',#4974,#8815,#8823,.T.);
#8823 = LINE('',#8824,#8825);
#8824 = CARTESIAN_POINT('',(32.1,-1.,-1.E-02));
#8825 = VECTOR('',#8826,1.);
#8826 = DIRECTION('',(0.,0.,1.));
#8827 = PLANE('',#8828);
#8828 = AXIS2_PLACEMENT_3D('',#8829,#8830,#8831);
#8829 = CARTESIAN_POINT('',(32.406214204888,-1.,2.054254466634));
#8830 = DIRECTION('',(-0.,-1.,-0.));
#8831 = DIRECTION('',(0.,0.,-1.));
#8832 = ADVANCED_FACE('',(#8833),#8858,.F.);
#8833 = FACE_BOUND('',#8834,.F.);
#8834 = EDGE_LOOP('',(#8835,#8843,#8851,#8857));
#8835 = ORIENTED_EDGE('',*,*,#8836,.T.);
#8836 = EDGE_CURVE('',#8815,#8837,#8839,.T.);
#8837 = VERTEX_POINT('',#8838);
#8838 = CARTESIAN_POINT('',(32.1,1.,2.15));
#8839 = LINE('',#8840,#8841);
#8840 = CARTESIAN_POINT('',(32.1,-1.,2.15));
#8841 = VECTOR('',#8842,1.);
#8842 = DIRECTION('',(0.,1.,0.));
#8843 = ORIENTED_EDGE('',*,*,#8844,.T.);
#8844 = EDGE_CURVE('',#8837,#8845,#8847,.T.);
#8845 = VERTEX_POINT('',#8846);
#8846 = CARTESIAN_POINT('',(31.25,1.,3.));
#8847 = LINE('',#8848,#8849);
#8848 = CARTESIAN_POINT('',(32.1,1.,2.15));
#8849 = VECTOR('',#8850,1.);
#8850 = DIRECTION('',(-0.707106781187,0.,0.707106781187));
#8851 = ORIENTED_EDGE('',*,*,#8852,.F.);
#8852 = EDGE_CURVE('',#8807,#8845,#8853,.T.);
#8853 = LINE('',#8854,#8855);
#8854 = CARTESIAN_POINT('',(31.25,-1.,3.));
#8855 = VECTOR('',#8856,1.);
#8856 = DIRECTION('',(0.,1.,0.));
#8857 = ORIENTED_EDGE('',*,*,#8814,.F.);
#8858 = PLANE('',#8859);
#8859 = AXIS2_PLACEMENT_3D('',#8860,#8861,#8862);
#8860 = CARTESIAN_POINT('',(32.1,-1.,2.15));
#8861 = DIRECTION('',(0.707106781187,0.,0.707106781187));
#8862 = DIRECTION('',(-0.707106781187,0.,0.707106781187));
#8863 = ADVANCED_FACE('',(#8864),#8876,.T.);
#8864 = FACE_BOUND('',#8865,.T.);
#8865 = EDGE_LOOP('',(#8866,#8867,#8868,#8874,#8875));
#8866 = ORIENTED_EDGE('',*,*,#3913,.F.);
#8867 = ORIENTED_EDGE('',*,*,#6676,.T.);
#8868 = ORIENTED_EDGE('',*,*,#8869,.T.);
#8869 = EDGE_CURVE('',#6677,#7970,#8870,.T.);
#8870 = LINE('',#8871,#8872);
#8871 = CARTESIAN_POINT('',(-33.1,1.,3.));
#8872 = VECTOR('',#8873,1.);
#8873 = DIRECTION('',(1.,0.,0.));
#8874 = ORIENTED_EDGE('',*,*,#7969,.F.);
#8875 = ORIENTED_EDGE('',*,*,#7938,.F.);
#8876 = PLANE('',#8877);
#8877 = AXIS2_PLACEMENT_3D('',#8878,#8879,#8880);
#8878 = CARTESIAN_POINT('',(-32.40621420488,1.,2.054254466634));
#8879 = DIRECTION('',(0.,1.,0.));
#8880 = DIRECTION('',(0.,0.,1.));
#8881 = ADVANCED_FACE('',(#8882),#8894,.T.);
#8882 = FACE_BOUND('',#8883,.T.);
#8883 = EDGE_LOOP('',(#8884,#8885,#8886,#8887,#8893));
#8884 = ORIENTED_EDGE('',*,*,#4029,.F.);
#8885 = ORIENTED_EDGE('',*,*,#8094,.T.);
#8886 = ORIENTED_EDGE('',*,*,#8111,.T.);
#8887 = ORIENTED_EDGE('',*,*,#8888,.T.);
#8888 = EDGE_CURVE('',#8112,#6708,#8889,.T.);
#8889 = LINE('',#8890,#8891);
#8890 = CARTESIAN_POINT('',(-30.75,1.,3.));
#8891 = VECTOR('',#8892,1.);
#8892 = DIRECTION('',(1.,0.,0.));
#8893 = ORIENTED_EDGE('',*,*,#6707,.F.);
#8894 = PLANE('',#8895);
#8895 = AXIS2_PLACEMENT_3D('',#8896,#8897,#8898);
#8896 = CARTESIAN_POINT('',(-29.59378579511,1.,2.054254466634));
#8897 = DIRECTION('',(0.,1.,0.));
#8898 = DIRECTION('',(0.,0.,1.));
#8899 = ADVANCED_FACE('',(#8900),#8917,.T.);
#8900 = FACE_BOUND('',#8901,.T.);
#8901 = EDGE_LOOP('',(#8902,#8903,#8904,#8910,#8911));
#8902 = ORIENTED_EDGE('',*,*,#4948,.F.);
#8903 = ORIENTED_EDGE('',*,*,#6984,.T.);
#8904 = ORIENTED_EDGE('',*,*,#8905,.T.);
#8905 = EDGE_CURVE('',#6985,#8782,#8906,.T.);
#8906 = LINE('',#8907,#8908);
#8907 = CARTESIAN_POINT('',(28.9,1.,3.));
#8908 = VECTOR('',#8909,1.);
#8909 = DIRECTION('',(1.,0.,0.));
#8910 = ORIENTED_EDGE('',*,*,#8781,.F.);
#8911 = ORIENTED_EDGE('',*,*,#8912,.F.);
#8912 = EDGE_CURVE('',#4949,#8774,#8913,.T.);
#8913 = LINE('',#8914,#8915);
#8914 = CARTESIAN_POINT('',(29.9,1.,-1.E-02));
#8915 = VECTOR('',#8916,1.);
#8916 = DIRECTION('',(0.,0.,1.));
#8917 = PLANE('',#8918);
#8918 = AXIS2_PLACEMENT_3D('',#8919,#8920,#8921);
#8919 = CARTESIAN_POINT('',(29.593785795112,1.,2.054254466634));
#8920 = DIRECTION('',(0.,1.,0.));
#8921 = DIRECTION('',(0.,0.,1.));
#8922 = ADVANCED_FACE('',(#8923),#8940,.T.);
#8923 = FACE_BOUND('',#8924,.T.);
#8924 = EDGE_LOOP('',(#8925,#8926,#8932,#8933,#8939));
#8925 = ORIENTED_EDGE('',*,*,#5064,.F.);
#8926 = ORIENTED_EDGE('',*,*,#8927,.T.);
#8927 = EDGE_CURVE('',#5065,#8837,#8928,.T.);
#8928 = LINE('',#8929,#8930);
#8929 = CARTESIAN_POINT('',(32.1,1.,-1.E-02));
#8930 = VECTOR('',#8931,1.);
#8931 = DIRECTION('',(0.,0.,1.));
#8932 = ORIENTED_EDGE('',*,*,#8844,.T.);
#8933 = ORIENTED_EDGE('',*,*,#8934,.T.);
#8934 = EDGE_CURVE('',#8845,#7016,#8935,.T.);
#8935 = LINE('',#8936,#8937);
#8936 = CARTESIAN_POINT('',(31.25,1.,3.));
#8937 = VECTOR('',#8938,1.);
#8938 = DIRECTION('',(1.,0.,0.));
#8939 = ORIENTED_EDGE('',*,*,#7015,.F.);
#8940 = PLANE('',#8941);
#8941 = AXIS2_PLACEMENT_3D('',#8942,#8943,#8944);
#8942 = CARTESIAN_POINT('',(32.406214204888,1.,2.054254466634));
#8943 = DIRECTION('',(0.,1.,0.));
#8944 = DIRECTION('',(0.,0.,1.));
#8945 = ADVANCED_FACE('',(#8946),#8965,.T.);
#8946 = FACE_BOUND('',#8947,.T.);
#8947 = EDGE_LOOP('',(#8948,#8949,#8950,#8958,#8964));
#8948 = ORIENTED_EDGE('',*,*,#4122,.T.);
#8949 = ORIENTED_EDGE('',*,*,#1456,.F.);
#8950 = ORIENTED_EDGE('',*,*,#8951,.T.);
#8951 = EDGE_CURVE('',#1457,#8952,#8954,.T.);
#8952 = VERTEX_POINT('',#8953);
#8953 = CARTESIAN_POINT('',(-11.53,-10.,3.9));
#8954 = LINE('',#8955,#8956);
#8955 = CARTESIAN_POINT('',(-11.53,-10.,-1.E-02));
#8956 = VECTOR('',#8957,1.);
#8957 = DIRECTION('',(0.,0.,1.));
#8958 = ORIENTED_EDGE('',*,*,#8959,.F.);
#8959 = EDGE_CURVE('',#6750,#8952,#8960,.T.);
#8960 = LINE('',#8961,#8962);
#8961 = CARTESIAN_POINT('',(-13.53,-10.,3.9));
#8962 = VECTOR('',#8963,1.);
#8963 = DIRECTION('',(1.,0.,0.));
#8964 = ORIENTED_EDGE('',*,*,#6749,.F.);
#8965 = PLANE('',#8966);
#8966 = AXIS2_PLACEMENT_3D('',#8967,#8968,#8969);
#8967 = CARTESIAN_POINT('',(-12.86795526131,-10.,1.642374832755));
#8968 = DIRECTION('',(-0.,-1.,-0.));
#8969 = DIRECTION('',(0.,0.,-1.));
#8970 = ADVANCED_FACE('',(#8971),#8990,.T.);
#8971 = FACE_BOUND('',#8972,.T.);
#8972 = EDGE_LOOP('',(#8973,#8974,#8975,#8983,#8989));
#8973 = ORIENTED_EDGE('',*,*,#4766,.T.);
#8974 = ORIENTED_EDGE('',*,*,#6924,.T.);
#8975 = ORIENTED_EDGE('',*,*,#8976,.F.);
#8976 = EDGE_CURVE('',#8977,#6925,#8979,.T.);
#8977 = VERTEX_POINT('',#8978);
#8978 = CARTESIAN_POINT('',(11.53,-10.,3.9));
#8979 = LINE('',#8980,#8981);
#8980 = CARTESIAN_POINT('',(11.53,-10.,3.9));
#8981 = VECTOR('',#8982,1.);
#8982 = DIRECTION('',(1.,0.,0.));
#8983 = ORIENTED_EDGE('',*,*,#8984,.F.);
#8984 = EDGE_CURVE('',#1776,#8977,#8985,.T.);
#8985 = LINE('',#8986,#8987);
#8986 = CARTESIAN_POINT('',(11.53,-10.,-1.E-02));
#8987 = VECTOR('',#8988,1.);
#8988 = DIRECTION('',(0.,0.,1.));
#8989 = ORIENTED_EDGE('',*,*,#1775,.F.);
#8990 = PLANE('',#8991);
#8991 = AXIS2_PLACEMENT_3D('',#8992,#8993,#8994);
#8992 = CARTESIAN_POINT('',(12.867955261312,-10.,1.642374832755));
#8993 = DIRECTION('',(-0.,-1.,-0.));
#8994 = DIRECTION('',(0.,0.,-1.));
#8995 = ADVANCED_FACE('',(#8996),#9069,.T.);
#8996 = FACE_BOUND('',#8997,.T.);
#8997 = EDGE_LOOP('',(#8998,#8999,#9000,#9008,#9016,#9024,#9032,#9040,
    #9048,#9054,#9055,#9063));
#8998 = ORIENTED_EDGE('',*,*,#8951,.F.);
#8999 = ORIENTED_EDGE('',*,*,#1482,.T.);
#9000 = ORIENTED_EDGE('',*,*,#9001,.T.);
#9001 = EDGE_CURVE('',#1475,#9002,#9004,.T.);
#9002 = VERTEX_POINT('',#9003);
#9003 = CARTESIAN_POINT('',(-11.53,-7.,1.9));
#9004 = LINE('',#9005,#9006);
#9005 = CARTESIAN_POINT('',(-11.53,-7.,-1.E-02));
#9006 = VECTOR('',#9007,1.);
#9007 = DIRECTION('',(0.,0.,1.));
#9008 = ORIENTED_EDGE('',*,*,#9009,.T.);
#9009 = EDGE_CURVE('',#9002,#9010,#9012,.T.);
#9010 = VERTEX_POINT('',#9011);
#9011 = CARTESIAN_POINT('',(-11.53,-3.,1.9));
#9012 = LINE('',#9013,#9014);
#9013 = CARTESIAN_POINT('',(-11.53,-7.01,1.9));
#9014 = VECTOR('',#9015,1.);
#9015 = DIRECTION('',(0.,1.,0.));
#9016 = ORIENTED_EDGE('',*,*,#9017,.F.);
#9017 = EDGE_CURVE('',#9018,#9010,#9020,.T.);
#9018 = VERTEX_POINT('',#9019);
#9019 = CARTESIAN_POINT('',(-11.53,-3.,2.4));
#9020 = LINE('',#9021,#9022);
#9021 = CARTESIAN_POINT('',(-11.53,-3.,2.4));
#9022 = VECTOR('',#9023,1.);
#9023 = DIRECTION('',(0.,0.,-1.));
#9024 = ORIENTED_EDGE('',*,*,#9025,.T.);
#9025 = EDGE_CURVE('',#9018,#9026,#9028,.T.);
#9026 = VERTEX_POINT('',#9027);
#9027 = CARTESIAN_POINT('',(-11.53,3.,2.4));
#9028 = LINE('',#9029,#9030);
#9029 = CARTESIAN_POINT('',(-11.53,-3.,2.4));
#9030 = VECTOR('',#9031,1.);
#9031 = DIRECTION('',(0.,1.,0.));
#9032 = ORIENTED_EDGE('',*,*,#9033,.T.);
#9033 = EDGE_CURVE('',#9026,#9034,#9036,.T.);
#9034 = VERTEX_POINT('',#9035);
#9035 = CARTESIAN_POINT('',(-11.53,3.,1.9));
#9036 = LINE('',#9037,#9038);
#9037 = CARTESIAN_POINT('',(-11.53,3.,2.4));
#9038 = VECTOR('',#9039,1.);
#9039 = DIRECTION('',(0.,0.,-1.));
#9040 = ORIENTED_EDGE('',*,*,#9041,.T.);
#9041 = EDGE_CURVE('',#9034,#9042,#9044,.T.);
#9042 = VERTEX_POINT('',#9043);
#9043 = CARTESIAN_POINT('',(-11.53,7.,1.9));
#9044 = LINE('',#9045,#9046);
#9045 = CARTESIAN_POINT('',(-11.53,-7.01,1.9));
#9046 = VECTOR('',#9047,1.);
#9047 = DIRECTION('',(0.,1.,0.));
#9048 = ORIENTED_EDGE('',*,*,#9049,.F.);
#9049 = EDGE_CURVE('',#1954,#9042,#9050,.T.);
#9050 = LINE('',#9051,#9052);
#9051 = CARTESIAN_POINT('',(-11.53,7.,-1.E-02));
#9052 = VECTOR('',#9053,1.);
#9053 = DIRECTION('',(0.,0.,1.));
#9054 = ORIENTED_EDGE('',*,*,#1979,.T.);
#9055 = ORIENTED_EDGE('',*,*,#9056,.T.);
#9056 = EDGE_CURVE('',#1972,#9057,#9059,.T.);
#9057 = VERTEX_POINT('',#9058);
#9058 = CARTESIAN_POINT('',(-11.53,10.,3.9));
#9059 = LINE('',#9060,#9061);
#9060 = CARTESIAN_POINT('',(-11.53,10.,-1.E-02));
#9061 = VECTOR('',#9062,1.);
#9062 = DIRECTION('',(0.,0.,1.));
#9063 = ORIENTED_EDGE('',*,*,#9064,.F.);
#9064 = EDGE_CURVE('',#8952,#9057,#9065,.T.);
#9065 = LINE('',#9066,#9067);
#9066 = CARTESIAN_POINT('',(-11.53,7.,3.9));
#9067 = VECTOR('',#9068,1.);
#9068 = DIRECTION('',(0.,1.,0.));
#9069 = PLANE('',#9070);
#9070 = AXIS2_PLACEMENT_3D('',#9071,#9072,#9073);
#9071 = CARTESIAN_POINT('',(-11.53,-3.398211159024E-16,2.444296577947));
#9072 = DIRECTION('',(1.,0.,0.));
#9073 = DIRECTION('',(0.,0.,1.));
#9074 = ADVANCED_FACE('',(#9075),#9092,.F.);
#9075 = FACE_BOUND('',#9076,.F.);
#9076 = EDGE_LOOP('',(#9077,#9085,#9091));
#9077 = ORIENTED_EDGE('',*,*,#9078,.T.);
#9078 = EDGE_CURVE('',#9034,#9079,#9081,.T.);
#9079 = VERTEX_POINT('',#9080);
#9080 = CARTESIAN_POINT('',(-11.03,3.,1.9));
#9081 = LINE('',#9082,#9083);
#9082 = CARTESIAN_POINT('',(-11.53,3.,1.9));
#9083 = VECTOR('',#9084,1.);
#9084 = DIRECTION('',(1.,0.,0.));
#9085 = ORIENTED_EDGE('',*,*,#9086,.T.);
#9086 = EDGE_CURVE('',#9079,#9026,#9087,.T.);
#9087 = LINE('',#9088,#9089);
#9088 = CARTESIAN_POINT('',(-11.03,3.,1.9));
#9089 = VECTOR('',#9090,1.);
#9090 = DIRECTION('',(-0.707106781187,0.,0.707106781187));
#9091 = ORIENTED_EDGE('',*,*,#9033,.T.);
#9092 = PLANE('',#9093);
#9093 = AXIS2_PLACEMENT_3D('',#9094,#9095,#9096);
#9094 = CARTESIAN_POINT('',(-11.3532233047,3.,2.076776695297));
#9095 = DIRECTION('',(-0.,-1.,-0.));
#9096 = DIRECTION('',(0.,0.,-1.));
#9097 = ADVANCED_FACE('',(#9098),#9116,.T.);
#9098 = FACE_BOUND('',#9099,.T.);
#9099 = EDGE_LOOP('',(#9100,#9108,#9109,#9110));
#9100 = ORIENTED_EDGE('',*,*,#9101,.T.);
#9101 = EDGE_CURVE('',#9102,#9079,#9104,.T.);
#9102 = VERTEX_POINT('',#9103);
#9103 = CARTESIAN_POINT('',(-11.03,-3.,1.9));
#9104 = LINE('',#9105,#9106);
#9105 = CARTESIAN_POINT('',(-11.03,-3.,1.9));
#9106 = VECTOR('',#9107,1.);
#9107 = DIRECTION('',(0.,1.,0.));
#9108 = ORIENTED_EDGE('',*,*,#9086,.T.);
#9109 = ORIENTED_EDGE('',*,*,#9025,.F.);
#9110 = ORIENTED_EDGE('',*,*,#9111,.F.);
#9111 = EDGE_CURVE('',#9102,#9018,#9112,.T.);
#9112 = LINE('',#9113,#9114);
#9113 = CARTESIAN_POINT('',(-11.03,-3.,1.9));
#9114 = VECTOR('',#9115,1.);
#9115 = DIRECTION('',(-0.707106781187,0.,0.707106781187));
#9116 = PLANE('',#9117);
#9117 = AXIS2_PLACEMENT_3D('',#9118,#9119,#9120);
#9118 = CARTESIAN_POINT('',(-11.03,-3.,1.9));
#9119 = DIRECTION('',(0.707106781187,0.,0.707106781187));
#9120 = DIRECTION('',(-0.707106781187,0.,0.707106781187));
#9121 = ADVANCED_FACE('',(#9122),#9132,.T.);
#9122 = FACE_BOUND('',#9123,.T.);
#9123 = EDGE_LOOP('',(#9124,#9130,#9131));
#9124 = ORIENTED_EDGE('',*,*,#9125,.T.);
#9125 = EDGE_CURVE('',#9010,#9102,#9126,.T.);
#9126 = LINE('',#9127,#9128);
#9127 = CARTESIAN_POINT('',(-11.53,-3.,1.9));
#9128 = VECTOR('',#9129,1.);
#9129 = DIRECTION('',(1.,0.,0.));
#9130 = ORIENTED_EDGE('',*,*,#9111,.T.);
#9131 = ORIENTED_EDGE('',*,*,#9017,.T.);
#9132 = PLANE('',#9133);
#9133 = AXIS2_PLACEMENT_3D('',#9134,#9135,#9136);
#9134 = CARTESIAN_POINT('',(-11.3532233047,-3.,2.076776695297));
#9135 = DIRECTION('',(-0.,-1.,-0.));
#9136 = DIRECTION('',(0.,0.,-1.));
#9137 = ADVANCED_FACE('',(#9138),#9166,.T.);
#9138 = FACE_BOUND('',#9139,.T.);
#9139 = EDGE_LOOP('',(#9140,#9141,#9142,#9150,#9158,#9164,#9165));
#9140 = ORIENTED_EDGE('',*,*,#4130,.F.);
#9141 = ORIENTED_EDGE('',*,*,#6758,.T.);
#9142 = ORIENTED_EDGE('',*,*,#9143,.T.);
#9143 = EDGE_CURVE('',#6759,#9144,#9146,.T.);
#9144 = VERTEX_POINT('',#9145);
#9145 = CARTESIAN_POINT('',(-12.53,-7.,3.9));
#9146 = LINE('',#9147,#9148);
#9147 = CARTESIAN_POINT('',(-13.53,-7.,3.9));
#9148 = VECTOR('',#9149,1.);
#9149 = DIRECTION('',(1.,0.,0.));
#9150 = ORIENTED_EDGE('',*,*,#9151,.T.);
#9151 = EDGE_CURVE('',#9144,#9152,#9154,.T.);
#9152 = VERTEX_POINT('',#9153);
#9153 = CARTESIAN_POINT('',(-12.53,-7.,1.9));
#9154 = LINE('',#9155,#9156);
#9155 = CARTESIAN_POINT('',(-12.53,-7.,0.945));
#9156 = VECTOR('',#9157,1.);
#9157 = DIRECTION('',(0.,0.,-1.));
#9158 = ORIENTED_EDGE('',*,*,#9159,.T.);
#9159 = EDGE_CURVE('',#9152,#9002,#9160,.T.);
#9160 = LINE('',#9161,#9162);
#9161 = CARTESIAN_POINT('',(-13.03,-7.,1.9));
#9162 = VECTOR('',#9163,1.);
#9163 = DIRECTION('',(1.,0.,0.));
#9164 = ORIENTED_EDGE('',*,*,#9001,.F.);
#9165 = ORIENTED_EDGE('',*,*,#1474,.T.);
#9166 = PLANE('',#9167);
#9167 = AXIS2_PLACEMENT_3D('',#9168,#9169,#9170);
#9168 = CARTESIAN_POINT('',(-13.00950437503,-7.,1.50082571903));
#9169 = DIRECTION('',(0.,1.,0.));
#9170 = DIRECTION('',(0.,0.,1.));
#9171 = ADVANCED_FACE('',(#9172),#9197,.F.);
#9172 = FACE_BOUND('',#9173,.F.);
#9173 = EDGE_LOOP('',(#9174,#9175,#9183,#9191));
#9174 = ORIENTED_EDGE('',*,*,#9151,.T.);
#9175 = ORIENTED_EDGE('',*,*,#9176,.T.);
#9176 = EDGE_CURVE('',#9152,#9177,#9179,.T.);
#9177 = VERTEX_POINT('',#9178);
#9178 = CARTESIAN_POINT('',(-12.53,7.,1.9));
#9179 = LINE('',#9180,#9181);
#9180 = CARTESIAN_POINT('',(-12.53,-7.01,1.9));
#9181 = VECTOR('',#9182,1.);
#9182 = DIRECTION('',(0.,1.,0.));
#9183 = ORIENTED_EDGE('',*,*,#9184,.F.);
#9184 = EDGE_CURVE('',#9185,#9177,#9187,.T.);
#9185 = VERTEX_POINT('',#9186);
#9186 = CARTESIAN_POINT('',(-12.53,7.,3.9));
#9187 = LINE('',#9188,#9189);
#9188 = CARTESIAN_POINT('',(-12.53,7.,0.945));
#9189 = VECTOR('',#9190,1.);
#9190 = DIRECTION('',(0.,0.,-1.));
#9191 = ORIENTED_EDGE('',*,*,#9192,.F.);
#9192 = EDGE_CURVE('',#9144,#9185,#9193,.T.);
#9193 = LINE('',#9194,#9195);
#9194 = CARTESIAN_POINT('',(-12.53,-7.01,3.9));
#9195 = VECTOR('',#9196,1.);
#9196 = DIRECTION('',(0.,1.,0.));
#9197 = PLANE('',#9198);
#9198 = AXIS2_PLACEMENT_3D('',#9199,#9200,#9201);
#9199 = CARTESIAN_POINT('',(-12.53,-7.01,1.9));
#9200 = DIRECTION('',(1.,0.,0.));
#9201 = DIRECTION('',(0.,0.,1.));
#9202 = ADVANCED_FACE('',(#9203),#9238,.T.);
#9203 = FACE_BOUND('',#9204,.T.);
#9204 = EDGE_LOOP('',(#9205,#9206,#9207,#9215,#9223,#9231,#9237));
#9205 = ORIENTED_EDGE('',*,*,#4783,.F.);
#9206 = ORIENTED_EDGE('',*,*,#1791,.T.);
#9207 = ORIENTED_EDGE('',*,*,#9208,.T.);
#9208 = EDGE_CURVE('',#1784,#9209,#9211,.T.);
#9209 = VERTEX_POINT('',#9210);
#9210 = CARTESIAN_POINT('',(11.53,-7.,1.9));
#9211 = LINE('',#9212,#9213);
#9212 = CARTESIAN_POINT('',(11.53,-7.,-1.E-02));
#9213 = VECTOR('',#9214,1.);
#9214 = DIRECTION('',(0.,0.,1.));
#9215 = ORIENTED_EDGE('',*,*,#9216,.T.);
#9216 = EDGE_CURVE('',#9209,#9217,#9219,.T.);
#9217 = VERTEX_POINT('',#9218);
#9218 = CARTESIAN_POINT('',(12.53,-7.,1.9));
#9219 = LINE('',#9220,#9221);
#9220 = CARTESIAN_POINT('',(11.53,-7.,1.9));
#9221 = VECTOR('',#9222,1.);
#9222 = DIRECTION('',(1.,0.,0.));
#9223 = ORIENTED_EDGE('',*,*,#9224,.F.);
#9224 = EDGE_CURVE('',#9225,#9217,#9227,.T.);
#9225 = VERTEX_POINT('',#9226);
#9226 = CARTESIAN_POINT('',(12.53,-7.,3.9));
#9227 = LINE('',#9228,#9229);
#9228 = CARTESIAN_POINT('',(12.53,-7.,0.945));
#9229 = VECTOR('',#9230,1.);
#9230 = DIRECTION('',(0.,0.,-1.));
#9231 = ORIENTED_EDGE('',*,*,#9232,.T.);
#9232 = EDGE_CURVE('',#9225,#6934,#9233,.T.);
#9233 = LINE('',#9234,#9235);
#9234 = CARTESIAN_POINT('',(11.53,-7.,3.9));
#9235 = VECTOR('',#9236,1.);
#9236 = DIRECTION('',(1.,0.,0.));
#9237 = ORIENTED_EDGE('',*,*,#6933,.F.);
#9238 = PLANE('',#9239);
#9239 = AXIS2_PLACEMENT_3D('',#9240,#9241,#9242);
#9240 = CARTESIAN_POINT('',(13.009504375037,-7.,1.50082571903));
#9241 = DIRECTION('',(0.,1.,0.));
#9242 = DIRECTION('',(0.,0.,1.));
#9243 = ADVANCED_FACE('',(#9244),#9269,.T.);
#9244 = FACE_BOUND('',#9245,.T.);
#9245 = EDGE_LOOP('',(#9246,#9247,#9255,#9263));
#9246 = ORIENTED_EDGE('',*,*,#9224,.T.);
#9247 = ORIENTED_EDGE('',*,*,#9248,.T.);
#9248 = EDGE_CURVE('',#9217,#9249,#9251,.T.);
#9249 = VERTEX_POINT('',#9250);
#9250 = CARTESIAN_POINT('',(12.53,7.,1.9));
#9251 = LINE('',#9252,#9253);
#9252 = CARTESIAN_POINT('',(12.53,-7.01,1.9));
#9253 = VECTOR('',#9254,1.);
#9254 = DIRECTION('',(0.,1.,0.));
#9255 = ORIENTED_EDGE('',*,*,#9256,.F.);
#9256 = EDGE_CURVE('',#9257,#9249,#9259,.T.);
#9257 = VERTEX_POINT('',#9258);
#9258 = CARTESIAN_POINT('',(12.53,7.,3.9));
#9259 = LINE('',#9260,#9261);
#9260 = CARTESIAN_POINT('',(12.53,7.,0.945));
#9261 = VECTOR('',#9262,1.);
#9262 = DIRECTION('',(0.,0.,-1.));
#9263 = ORIENTED_EDGE('',*,*,#9264,.F.);
#9264 = EDGE_CURVE('',#9225,#9257,#9265,.T.);
#9265 = LINE('',#9266,#9267);
#9266 = CARTESIAN_POINT('',(12.53,-7.01,3.9));
#9267 = VECTOR('',#9268,1.);
#9268 = DIRECTION('',(0.,1.,0.));
#9269 = PLANE('',#9270);
#9270 = AXIS2_PLACEMENT_3D('',#9271,#9272,#9273);
#9271 = CARTESIAN_POINT('',(12.53,-7.01,1.9));
#9272 = DIRECTION('',(1.,0.,0.));
#9273 = DIRECTION('',(0.,0.,1.));
#9274 = ADVANCED_FACE('',(#9275),#9287,.T.);
#9275 = FACE_BOUND('',#9276,.T.);
#9276 = EDGE_LOOP('',(#9277,#9278,#9279,#9280,#9286));
#9277 = ORIENTED_EDGE('',*,*,#4212,.T.);
#9278 = ORIENTED_EDGE('',*,*,#8582,.T.);
#9279 = ORIENTED_EDGE('',*,*,#8613,.T.);
#9280 = ORIENTED_EDGE('',*,*,#9281,.T.);
#9281 = EDGE_CURVE('',#8606,#6781,#9282,.T.);
#9282 = LINE('',#9283,#9284);
#9283 = CARTESIAN_POINT('',(13.,-33.25,3.));
#9284 = VECTOR('',#9285,1.);
#9285 = DIRECTION('',(-1.110223024625E-16,-1.,0.));
#9286 = ORIENTED_EDGE('',*,*,#6780,.F.);
#9287 = PLANE('',#9288);
#9288 = AXIS2_PLACEMENT_3D('',#9289,#9290,#9291);
#9289 = CARTESIAN_POINT('',(13.,-34.40621420488,2.054254466634));
#9290 = DIRECTION('',(1.,0.,0.));
#9291 = DIRECTION('',(0.,0.,1.));
#9292 = ADVANCED_FACE('',(#9293),#9305,.T.);
#9293 = FACE_BOUND('',#9294,.T.);
#9294 = EDGE_LOOP('',(#9295,#9296,#9297,#9303,#9304));
#9295 = ORIENTED_EDGE('',*,*,#4303,.T.);
#9296 = ORIENTED_EDGE('',*,*,#6811,.T.);
#9297 = ORIENTED_EDGE('',*,*,#9298,.F.);
#9298 = EDGE_CURVE('',#8684,#6812,#9299,.T.);
#9299 = LINE('',#9300,#9301);
#9300 = CARTESIAN_POINT('',(13.,-31.9,3.));
#9301 = VECTOR('',#9302,1.);
#9302 = DIRECTION('',(1.110223024625E-16,1.,0.));
#9303 = ORIENTED_EDGE('',*,*,#8691,.F.);
#9304 = ORIENTED_EDGE('',*,*,#8642,.F.);
#9305 = PLANE('',#9306);
#9306 = AXIS2_PLACEMENT_3D('',#9307,#9308,#9309);
#9307 = CARTESIAN_POINT('',(13.,-31.59378579511,2.054254466634));
#9308 = DIRECTION('',(1.,0.,0.));
#9309 = DIRECTION('',(0.,0.,1.));
#9310 = ADVANCED_FACE('',(#9311),#9323,.T.);
#9311 = FACE_BOUND('',#9312,.T.);
#9312 = EDGE_LOOP('',(#9313,#9314,#9315,#9321,#9322));
#9313 = ORIENTED_EDGE('',*,*,#4269,.F.);
#9314 = ORIENTED_EDGE('',*,*,#6789,.T.);
#9315 = ORIENTED_EDGE('',*,*,#9316,.T.);
#9316 = EDGE_CURVE('',#6790,#8598,#9317,.T.);
#9317 = LINE('',#9318,#9319);
#9318 = CARTESIAN_POINT('',(11.,-35.1,3.));
#9319 = VECTOR('',#9320,1.);
#9320 = DIRECTION('',(1.110223024625E-16,1.,0.));
#9321 = ORIENTED_EDGE('',*,*,#8597,.F.);
#9322 = ORIENTED_EDGE('',*,*,#8566,.F.);
#9323 = PLANE('',#9324);
#9324 = AXIS2_PLACEMENT_3D('',#9325,#9326,#9327);
#9325 = CARTESIAN_POINT('',(11.,-34.40621420488,2.054254466634));
#9326 = DIRECTION('',(-1.,-0.,-0.));
#9327 = DIRECTION('',(0.,0.,-1.));
#9328 = ADVANCED_FACE('',(#9329),#9341,.T.);
#9329 = FACE_BOUND('',#9330,.T.);
#9330 = EDGE_LOOP('',(#9331,#9332,#9333,#9334,#9340));
#9331 = ORIENTED_EDGE('',*,*,#4385,.F.);
#9332 = ORIENTED_EDGE('',*,*,#8658,.T.);
#9333 = ORIENTED_EDGE('',*,*,#8675,.T.);
#9334 = ORIENTED_EDGE('',*,*,#9335,.T.);
#9335 = EDGE_CURVE('',#8676,#6821,#9336,.T.);
#9336 = LINE('',#9337,#9338);
#9337 = CARTESIAN_POINT('',(11.,-32.75,3.));
#9338 = VECTOR('',#9339,1.);
#9339 = DIRECTION('',(1.110223024625E-16,1.,0.));
#9340 = ORIENTED_EDGE('',*,*,#6820,.F.);
#9341 = PLANE('',#9342);
#9342 = AXIS2_PLACEMENT_3D('',#9343,#9344,#9345);
#9343 = CARTESIAN_POINT('',(11.,-31.59378579511,2.054254466634));
#9344 = DIRECTION('',(-1.,-0.,-0.));
#9345 = DIRECTION('',(0.,0.,-1.));
#9346 = ADVANCED_FACE('',(#9347),#9355,.T.);
#9347 = FACE_BOUND('',#9348,.T.);
#9348 = EDGE_LOOP('',(#9349,#9350,#9351,#9352,#9353,#9354));
#9349 = ORIENTED_EDGE('',*,*,#4518,.F.);
#9350 = ORIENTED_EDGE('',*,*,#1664,.T.);
#9351 = ORIENTED_EDGE('',*,*,#4577,.F.);
#9352 = ORIENTED_EDGE('',*,*,#7884,.T.);
#9353 = ORIENTED_EDGE('',*,*,#7735,.F.);
#9354 = ORIENTED_EDGE('',*,*,#7704,.F.);
#9355 = PLANE('',#9356);
#9356 = AXIS2_PLACEMENT_3D('',#9357,#9358,#9359);
#9357 = CARTESIAN_POINT('',(29.9,-20.,0.837656712003));
#9358 = DIRECTION('',(1.,0.,1.165875830995E-15));
#9359 = DIRECTION('',(-1.165875830995E-15,0.,1.));
#9360 = ADVANCED_FACE('',(#9361),#9369,.T.);
#9361 = FACE_BOUND('',#9362,.T.);
#9362 = EDGE_LOOP('',(#9363,#9364,#9365,#9366,#9367,#9368));
#9363 = ORIENTED_EDGE('',*,*,#4899,.F.);
#9364 = ORIENTED_EDGE('',*,*,#1852,.T.);
#9365 = ORIENTED_EDGE('',*,*,#4958,.F.);
#9366 = ORIENTED_EDGE('',*,*,#8912,.T.);
#9367 = ORIENTED_EDGE('',*,*,#8773,.F.);
#9368 = ORIENTED_EDGE('',*,*,#8742,.F.);
#9369 = PLANE('',#9370);
#9370 = AXIS2_PLACEMENT_3D('',#9371,#9372,#9373);
#9371 = CARTESIAN_POINT('',(29.9,6.176677241478E-17,0.837656712003));
#9372 = DIRECTION('',(1.,0.,1.165875830995E-15));
#9373 = DIRECTION('',(-1.165875830995E-15,0.,1.));
#9374 = ADVANCED_FACE('',(#9375),#9402,.T.);
#9375 = FACE_BOUND('',#9376,.T.);
#9376 = EDGE_LOOP('',(#9377,#9378,#9379,#9380,#9388,#9396));
#9377 = ORIENTED_EDGE('',*,*,#6232,.F.);
#9378 = ORIENTED_EDGE('',*,*,#2481,.T.);
#9379 = ORIENTED_EDGE('',*,*,#6291,.F.);
#9380 = ORIENTED_EDGE('',*,*,#9381,.T.);
#9381 = EDGE_CURVE('',#6282,#9382,#9384,.T.);
#9382 = VERTEX_POINT('',#9383);
#9383 = CARTESIAN_POINT('',(29.9,21.,2.15));
#9384 = LINE('',#9385,#9386);
#9385 = CARTESIAN_POINT('',(29.9,21.,-1.E-02));
#9386 = VECTOR('',#9387,1.);
#9387 = DIRECTION('',(0.,0.,1.));
#9388 = ORIENTED_EDGE('',*,*,#9389,.F.);
#9389 = EDGE_CURVE('',#9390,#9382,#9392,.T.);
#9390 = VERTEX_POINT('',#9391);
#9391 = CARTESIAN_POINT('',(29.9,19.,2.15));
#9392 = LINE('',#9393,#9394);
#9393 = CARTESIAN_POINT('',(29.9,19.,2.15));
#9394 = VECTOR('',#9395,1.);
#9395 = DIRECTION('',(0.,1.,0.));
#9396 = ORIENTED_EDGE('',*,*,#9397,.F.);
#9397 = EDGE_CURVE('',#6225,#9390,#9398,.T.);
#9398 = LINE('',#9399,#9400);
#9399 = CARTESIAN_POINT('',(29.9,19.,-1.E-02));
#9400 = VECTOR('',#9401,1.);
#9401 = DIRECTION('',(0.,0.,1.));
#9402 = PLANE('',#9403);
#9403 = AXIS2_PLACEMENT_3D('',#9404,#9405,#9406);
#9404 = CARTESIAN_POINT('',(29.9,20.,0.837656712003));
#9405 = DIRECTION('',(1.,0.,1.165875830995E-15));
#9406 = DIRECTION('',(-1.165875830995E-15,0.,1.));
#9407 = ADVANCED_FACE('',(#9408),#9433,.T.);
#9408 = FACE_BOUND('',#9409,.T.);
#9409 = EDGE_LOOP('',(#9410,#9411,#9419,#9427));
#9410 = ORIENTED_EDGE('',*,*,#9389,.T.);
#9411 = ORIENTED_EDGE('',*,*,#9412,.T.);
#9412 = EDGE_CURVE('',#9382,#9413,#9415,.T.);
#9413 = VERTEX_POINT('',#9414);
#9414 = CARTESIAN_POINT('',(30.75,21.,3.));
#9415 = LINE('',#9416,#9417);
#9416 = CARTESIAN_POINT('',(29.9,21.,2.15));
#9417 = VECTOR('',#9418,1.);
#9418 = DIRECTION('',(0.707106781187,0.,0.707106781187));
#9419 = ORIENTED_EDGE('',*,*,#9420,.F.);
#9420 = EDGE_CURVE('',#9421,#9413,#9423,.T.);
#9421 = VERTEX_POINT('',#9422);
#9422 = CARTESIAN_POINT('',(30.75,19.,3.));
#9423 = LINE('',#9424,#9425);
#9424 = CARTESIAN_POINT('',(30.75,19.,3.));
#9425 = VECTOR('',#9426,1.);
#9426 = DIRECTION('',(0.,1.,0.));
#9427 = ORIENTED_EDGE('',*,*,#9428,.F.);
#9428 = EDGE_CURVE('',#9390,#9421,#9429,.T.);
#9429 = LINE('',#9430,#9431);
#9430 = CARTESIAN_POINT('',(29.9,19.,2.15));
#9431 = VECTOR('',#9432,1.);
#9432 = DIRECTION('',(0.707106781187,0.,0.707106781187));
#9433 = PLANE('',#9434);
#9434 = AXIS2_PLACEMENT_3D('',#9435,#9436,#9437);
#9435 = CARTESIAN_POINT('',(29.9,19.,2.15));
#9436 = DIRECTION('',(0.707106781187,0.,-0.707106781187));
#9437 = DIRECTION('',(0.707106781187,0.,0.707106781187));
#9438 = ADVANCED_FACE('',(#9439),#9447,.T.);
#9439 = FACE_BOUND('',#9440,.T.);
#9440 = EDGE_LOOP('',(#9441,#9442,#9443,#9444,#9445,#9446));
#9441 = ORIENTED_EDGE('',*,*,#4592,.T.);
#9442 = ORIENTED_EDGE('',*,*,#7784,.T.);
#9443 = ORIENTED_EDGE('',*,*,#7798,.T.);
#9444 = ORIENTED_EDGE('',*,*,#7899,.F.);
#9445 = ORIENTED_EDGE('',*,*,#4691,.T.);
#9446 = ORIENTED_EDGE('',*,*,#1698,.F.);
#9447 = PLANE('',#9448);
#9448 = AXIS2_PLACEMENT_3D('',#9449,#9450,#9451);
#9449 = CARTESIAN_POINT('',(32.1,-20.,0.837656712003));
#9450 = DIRECTION('',(-1.,0.,2.33175166199E-15));
#9451 = DIRECTION('',(-2.33175166199E-15,0.,-1.));
#9452 = ADVANCED_FACE('',(#9453),#9461,.T.);
#9453 = FACE_BOUND('',#9454,.T.);
#9454 = EDGE_LOOP('',(#9455,#9456,#9457,#9458,#9459,#9460));
#9455 = ORIENTED_EDGE('',*,*,#4973,.T.);
#9456 = ORIENTED_EDGE('',*,*,#8822,.T.);
#9457 = ORIENTED_EDGE('',*,*,#8836,.T.);
#9458 = ORIENTED_EDGE('',*,*,#8927,.F.);
#9459 = ORIENTED_EDGE('',*,*,#5072,.T.);
#9460 = ORIENTED_EDGE('',*,*,#1886,.F.);
#9461 = PLANE('',#9462);
#9462 = AXIS2_PLACEMENT_3D('',#9463,#9464,#9465);
#9463 = CARTESIAN_POINT('',(32.1,1.029446206913E-17,0.837656712003));
#9464 = DIRECTION('',(-1.,0.,2.33175166199E-15));
#9465 = DIRECTION('',(-2.33175166199E-15,0.,-1.));
#9466 = ADVANCED_FACE('',(#9467),#9494,.T.);
#9467 = FACE_BOUND('',#9468,.T.);
#9468 = EDGE_LOOP('',(#9469,#9470,#9478,#9486,#9492,#9493));
#9469 = ORIENTED_EDGE('',*,*,#6306,.T.);
#9470 = ORIENTED_EDGE('',*,*,#9471,.T.);
#9471 = EDGE_CURVE('',#6307,#9472,#9474,.T.);
#9472 = VERTEX_POINT('',#9473);
#9473 = CARTESIAN_POINT('',(32.1,19.,2.15));
#9474 = LINE('',#9475,#9476);
#9475 = CARTESIAN_POINT('',(32.1,19.,-1.E-02));
#9476 = VECTOR('',#9477,1.);
#9477 = DIRECTION('',(0.,0.,1.));
#9478 = ORIENTED_EDGE('',*,*,#9479,.T.);
#9479 = EDGE_CURVE('',#9472,#9480,#9482,.T.);
#9480 = VERTEX_POINT('',#9481);
#9481 = CARTESIAN_POINT('',(32.1,21.,2.15));
#9482 = LINE('',#9483,#9484);
#9483 = CARTESIAN_POINT('',(32.1,19.,2.15));
#9484 = VECTOR('',#9485,1.);
#9485 = DIRECTION('',(0.,1.,0.));
#9486 = ORIENTED_EDGE('',*,*,#9487,.F.);
#9487 = EDGE_CURVE('',#6398,#9480,#9488,.T.);
#9488 = LINE('',#9489,#9490);
#9489 = CARTESIAN_POINT('',(32.1,21.,-1.E-02));
#9490 = VECTOR('',#9491,1.);
#9491 = DIRECTION('',(0.,0.,1.));
#9492 = ORIENTED_EDGE('',*,*,#6405,.T.);
#9493 = ORIENTED_EDGE('',*,*,#2515,.F.);
#9494 = PLANE('',#9495);
#9495 = AXIS2_PLACEMENT_3D('',#9496,#9497,#9498);
#9496 = CARTESIAN_POINT('',(32.1,20.,0.837656712003));
#9497 = DIRECTION('',(-1.,0.,2.33175166199E-15));
#9498 = DIRECTION('',(-2.33175166199E-15,0.,-1.));
#9499 = ADVANCED_FACE('',(#9500),#9525,.F.);
#9500 = FACE_BOUND('',#9501,.F.);
#9501 = EDGE_LOOP('',(#9502,#9503,#9511,#9519));
#9502 = ORIENTED_EDGE('',*,*,#9479,.T.);
#9503 = ORIENTED_EDGE('',*,*,#9504,.T.);
#9504 = EDGE_CURVE('',#9480,#9505,#9507,.T.);
#9505 = VERTEX_POINT('',#9506);
#9506 = CARTESIAN_POINT('',(31.25,21.,3.));
#9507 = LINE('',#9508,#9509);
#9508 = CARTESIAN_POINT('',(32.1,21.,2.15));
#9509 = VECTOR('',#9510,1.);
#9510 = DIRECTION('',(-0.707106781187,0.,0.707106781187));
#9511 = ORIENTED_EDGE('',*,*,#9512,.F.);
#9512 = EDGE_CURVE('',#9513,#9505,#9515,.T.);
#9513 = VERTEX_POINT('',#9514);
#9514 = CARTESIAN_POINT('',(31.25,19.,3.));
#9515 = LINE('',#9516,#9517);
#9516 = CARTESIAN_POINT('',(31.25,19.,3.));
#9517 = VECTOR('',#9518,1.);
#9518 = DIRECTION('',(0.,1.,0.));
#9519 = ORIENTED_EDGE('',*,*,#9520,.F.);
#9520 = EDGE_CURVE('',#9472,#9513,#9521,.T.);
#9521 = LINE('',#9522,#9523);
#9522 = CARTESIAN_POINT('',(32.1,19.,2.15));
#9523 = VECTOR('',#9524,1.);
#9524 = DIRECTION('',(-0.707106781187,0.,0.707106781187));
#9525 = PLANE('',#9526);
#9526 = AXIS2_PLACEMENT_3D('',#9527,#9528,#9529);
#9527 = CARTESIAN_POINT('',(32.1,19.,2.15));
#9528 = DIRECTION('',(0.707106781187,0.,0.707106781187));
#9529 = DIRECTION('',(-0.707106781187,0.,0.707106781187));
#9530 = ADVANCED_FACE('',(#9531),#9597,.T.);
#9531 = FACE_BOUND('',#9532,.T.);
#9532 = EDGE_LOOP('',(#9533,#9541,#9547,#9548,#9556,#9564,#9572,#9580,
    #9588,#9594,#9595,#9596));
#9533 = ORIENTED_EDGE('',*,*,#9534,.T.);
#9534 = EDGE_CURVE('',#8977,#9535,#9537,.T.);
#9535 = VERTEX_POINT('',#9536);
#9536 = CARTESIAN_POINT('',(11.53,10.,3.9));
#9537 = LINE('',#9538,#9539);
#9538 = CARTESIAN_POINT('',(11.53,-10.,3.9));
#9539 = VECTOR('',#9540,1.);
#9540 = DIRECTION('',(0.,1.,0.));
#9541 = ORIENTED_EDGE('',*,*,#9542,.F.);
#9542 = EDGE_CURVE('',#2413,#9535,#9543,.T.);
#9543 = LINE('',#9544,#9545);
#9544 = CARTESIAN_POINT('',(11.53,10.,-1.E-02));
#9545 = VECTOR('',#9546,1.);
#9546 = DIRECTION('',(0.,0.,1.));
#9547 = ORIENTED_EDGE('',*,*,#2412,.F.);
#9548 = ORIENTED_EDGE('',*,*,#9549,.T.);
#9549 = EDGE_CURVE('',#2405,#9550,#9552,.T.);
#9550 = VERTEX_POINT('',#9551);
#9551 = CARTESIAN_POINT('',(11.53,7.,1.9));
#9552 = LINE('',#9553,#9554);
#9553 = CARTESIAN_POINT('',(11.53,7.,-1.E-02));
#9554 = VECTOR('',#9555,1.);
#9555 = DIRECTION('',(0.,0.,1.));
#9556 = ORIENTED_EDGE('',*,*,#9557,.F.);
#9557 = EDGE_CURVE('',#9558,#9550,#9560,.T.);
#9558 = VERTEX_POINT('',#9559);
#9559 = CARTESIAN_POINT('',(11.53,3.,1.9));
#9560 = LINE('',#9561,#9562);
#9561 = CARTESIAN_POINT('',(11.53,-7.01,1.9));
#9562 = VECTOR('',#9563,1.);
#9563 = DIRECTION('',(0.,1.,0.));
#9564 = ORIENTED_EDGE('',*,*,#9565,.F.);
#9565 = EDGE_CURVE('',#9566,#9558,#9568,.T.);
#9566 = VERTEX_POINT('',#9567);
#9567 = CARTESIAN_POINT('',(11.53,3.,2.4));
#9568 = LINE('',#9569,#9570);
#9569 = CARTESIAN_POINT('',(11.53,3.,2.4));
#9570 = VECTOR('',#9571,1.);
#9571 = DIRECTION('',(0.,0.,-1.));
#9572 = ORIENTED_EDGE('',*,*,#9573,.F.);
#9573 = EDGE_CURVE('',#9574,#9566,#9576,.T.);
#9574 = VERTEX_POINT('',#9575);
#9575 = CARTESIAN_POINT('',(11.53,-3.,2.4));
#9576 = LINE('',#9577,#9578);
#9577 = CARTESIAN_POINT('',(11.53,-3.,2.4));
#9578 = VECTOR('',#9579,1.);
#9579 = DIRECTION('',(0.,1.,0.));
#9580 = ORIENTED_EDGE('',*,*,#9581,.T.);
#9581 = EDGE_CURVE('',#9574,#9582,#9584,.T.);
#9582 = VERTEX_POINT('',#9583);
#9583 = CARTESIAN_POINT('',(11.53,-3.,1.9));
#9584 = LINE('',#9585,#9586);
#9585 = CARTESIAN_POINT('',(11.53,-3.,2.4));
#9586 = VECTOR('',#9587,1.);
#9587 = DIRECTION('',(0.,0.,-1.));
#9588 = ORIENTED_EDGE('',*,*,#9589,.F.);
#9589 = EDGE_CURVE('',#9209,#9582,#9590,.T.);
#9590 = LINE('',#9591,#9592);
#9591 = CARTESIAN_POINT('',(11.53,-7.01,1.9));
#9592 = VECTOR('',#9593,1.);
#9593 = DIRECTION('',(0.,1.,0.));
#9594 = ORIENTED_EDGE('',*,*,#9208,.F.);
#9595 = ORIENTED_EDGE('',*,*,#1783,.F.);
#9596 = ORIENTED_EDGE('',*,*,#8984,.T.);
#9597 = PLANE('',#9598);
#9598 = AXIS2_PLACEMENT_3D('',#9599,#9600,#9601);
#9599 = CARTESIAN_POINT('',(11.53,0.,2.444296577947));
#9600 = DIRECTION('',(-1.,-0.,-0.));
#9601 = DIRECTION('',(0.,0.,-1.));
#9602 = ADVANCED_FACE('',(#9603),#9620,.T.);
#9603 = FACE_BOUND('',#9604,.T.);
#9604 = EDGE_LOOP('',(#9605,#9613,#9619));
#9605 = ORIENTED_EDGE('',*,*,#9606,.T.);
#9606 = EDGE_CURVE('',#9558,#9607,#9609,.T.);
#9607 = VERTEX_POINT('',#9608);
#9608 = CARTESIAN_POINT('',(11.03,3.,1.9));
#9609 = LINE('',#9610,#9611);
#9610 = CARTESIAN_POINT('',(11.53,3.,1.9));
#9611 = VECTOR('',#9612,1.);
#9612 = DIRECTION('',(-1.,0.,0.));
#9613 = ORIENTED_EDGE('',*,*,#9614,.T.);
#9614 = EDGE_CURVE('',#9607,#9566,#9615,.T.);
#9615 = LINE('',#9616,#9617);
#9616 = CARTESIAN_POINT('',(11.03,3.,1.9));
#9617 = VECTOR('',#9618,1.);
#9618 = DIRECTION('',(0.707106781187,0.,0.707106781187));
#9619 = ORIENTED_EDGE('',*,*,#9565,.T.);
#9620 = PLANE('',#9621);
#9621 = AXIS2_PLACEMENT_3D('',#9622,#9623,#9624);
#9622 = CARTESIAN_POINT('',(11.353223304703,3.,2.076776695297));
#9623 = DIRECTION('',(0.,1.,0.));
#9624 = DIRECTION('',(0.,0.,1.));
#9625 = ADVANCED_FACE('',(#9626),#9644,.F.);
#9626 = FACE_BOUND('',#9627,.F.);
#9627 = EDGE_LOOP('',(#9628,#9636,#9637,#9638));
#9628 = ORIENTED_EDGE('',*,*,#9629,.T.);
#9629 = EDGE_CURVE('',#9630,#9607,#9632,.T.);
#9630 = VERTEX_POINT('',#9631);
#9631 = CARTESIAN_POINT('',(11.03,-3.,1.9));
#9632 = LINE('',#9633,#9634);
#9633 = CARTESIAN_POINT('',(11.03,-3.,1.9));
#9634 = VECTOR('',#9635,1.);
#9635 = DIRECTION('',(0.,1.,0.));
#9636 = ORIENTED_EDGE('',*,*,#9614,.T.);
#9637 = ORIENTED_EDGE('',*,*,#9573,.F.);
#9638 = ORIENTED_EDGE('',*,*,#9639,.F.);
#9639 = EDGE_CURVE('',#9630,#9574,#9640,.T.);
#9640 = LINE('',#9641,#9642);
#9641 = CARTESIAN_POINT('',(11.03,-3.,1.9));
#9642 = VECTOR('',#9643,1.);
#9643 = DIRECTION('',(0.707106781187,0.,0.707106781187));
#9644 = PLANE('',#9645);
#9645 = AXIS2_PLACEMENT_3D('',#9646,#9647,#9648);
#9646 = CARTESIAN_POINT('',(11.03,-3.,1.9));
#9647 = DIRECTION('',(0.707106781187,0.,-0.707106781187));
#9648 = DIRECTION('',(0.707106781187,0.,0.707106781187));
#9649 = ADVANCED_FACE('',(#9650),#9660,.F.);
#9650 = FACE_BOUND('',#9651,.F.);
#9651 = EDGE_LOOP('',(#9652,#9658,#9659));
#9652 = ORIENTED_EDGE('',*,*,#9653,.T.);
#9653 = EDGE_CURVE('',#9582,#9630,#9654,.T.);
#9654 = LINE('',#9655,#9656);
#9655 = CARTESIAN_POINT('',(11.53,-3.,1.9));
#9656 = VECTOR('',#9657,1.);
#9657 = DIRECTION('',(-1.,0.,0.));
#9658 = ORIENTED_EDGE('',*,*,#9639,.T.);
#9659 = ORIENTED_EDGE('',*,*,#9581,.T.);
#9660 = PLANE('',#9661);
#9661 = AXIS2_PLACEMENT_3D('',#9662,#9663,#9664);
#9662 = CARTESIAN_POINT('',(11.353223304703,-3.,2.076776695297));
#9663 = DIRECTION('',(0.,1.,0.));
#9664 = DIRECTION('',(0.,0.,1.));
#9665 = ADVANCED_FACE('',(#9666),#9685,.T.);
#9666 = FACE_BOUND('',#9667,.T.);
#9667 = EDGE_LOOP('',(#9668,#9669,#9670,#9671,#9677,#9678,#9684));
#9668 = ORIENTED_EDGE('',*,*,#5157,.T.);
#9669 = ORIENTED_EDGE('',*,*,#1953,.F.);
#9670 = ORIENTED_EDGE('',*,*,#9049,.T.);
#9671 = ORIENTED_EDGE('',*,*,#9672,.F.);
#9672 = EDGE_CURVE('',#9177,#9042,#9673,.T.);
#9673 = LINE('',#9674,#9675);
#9674 = CARTESIAN_POINT('',(-13.03,7.,1.9));
#9675 = VECTOR('',#9676,1.);
#9676 = DIRECTION('',(1.,0.,0.));
#9677 = ORIENTED_EDGE('',*,*,#9184,.F.);
#9678 = ORIENTED_EDGE('',*,*,#9679,.F.);
#9679 = EDGE_CURVE('',#7058,#9185,#9680,.T.);
#9680 = LINE('',#9681,#9682);
#9681 = CARTESIAN_POINT('',(-13.53,7.,3.9));
#9682 = VECTOR('',#9683,1.);
#9683 = DIRECTION('',(1.,0.,0.));
#9684 = ORIENTED_EDGE('',*,*,#7057,.F.);
#9685 = PLANE('',#9686);
#9686 = AXIS2_PLACEMENT_3D('',#9687,#9688,#9689);
#9687 = CARTESIAN_POINT('',(-13.00950437503,7.,1.50082571903));
#9688 = DIRECTION('',(-0.,-1.,-0.));
#9689 = DIRECTION('',(0.,0.,-1.));
#9690 = ADVANCED_FACE('',(#9691),#9710,.T.);
#9691 = FACE_BOUND('',#9692,.T.);
#9692 = EDGE_LOOP('',(#9693,#9694,#9695,#9701,#9702,#9708,#9709));
#9693 = ORIENTED_EDGE('',*,*,#6099,.T.);
#9694 = ORIENTED_EDGE('',*,*,#7294,.T.);
#9695 = ORIENTED_EDGE('',*,*,#9696,.F.);
#9696 = EDGE_CURVE('',#9257,#7295,#9697,.T.);
#9697 = LINE('',#9698,#9699);
#9698 = CARTESIAN_POINT('',(11.53,7.,3.9));
#9699 = VECTOR('',#9700,1.);
#9700 = DIRECTION('',(1.,0.,0.));
#9701 = ORIENTED_EDGE('',*,*,#9256,.T.);
#9702 = ORIENTED_EDGE('',*,*,#9703,.F.);
#9703 = EDGE_CURVE('',#9550,#9249,#9704,.T.);
#9704 = LINE('',#9705,#9706);
#9705 = CARTESIAN_POINT('',(11.53,7.,1.9));
#9706 = VECTOR('',#9707,1.);
#9707 = DIRECTION('',(1.,0.,0.));
#9708 = ORIENTED_EDGE('',*,*,#9549,.F.);
#9709 = ORIENTED_EDGE('',*,*,#2404,.F.);
#9710 = PLANE('',#9711);
#9711 = AXIS2_PLACEMENT_3D('',#9712,#9713,#9714);
#9712 = CARTESIAN_POINT('',(13.009504375037,7.,1.50082571903));
#9713 = DIRECTION('',(-0.,-1.,-0.));
#9714 = DIRECTION('',(0.,0.,-1.));
#9715 = ADVANCED_FACE('',(#9716),#9728,.T.);
#9716 = FACE_BOUND('',#9717,.T.);
#9717 = EDGE_LOOP('',(#9718,#9719,#9720,#9726,#9727));
#9718 = ORIENTED_EDGE('',*,*,#5165,.F.);
#9719 = ORIENTED_EDGE('',*,*,#7066,.T.);
#9720 = ORIENTED_EDGE('',*,*,#9721,.T.);
#9721 = EDGE_CURVE('',#7067,#9057,#9722,.T.);
#9722 = LINE('',#9723,#9724);
#9723 = CARTESIAN_POINT('',(-13.53,10.,3.9));
#9724 = VECTOR('',#9725,1.);
#9725 = DIRECTION('',(1.,0.,0.));
#9726 = ORIENTED_EDGE('',*,*,#9056,.F.);
#9727 = ORIENTED_EDGE('',*,*,#1971,.T.);
#9728 = PLANE('',#9729);
#9729 = AXIS2_PLACEMENT_3D('',#9730,#9731,#9732);
#9730 = CARTESIAN_POINT('',(-12.86795526131,10.,1.642374832755));
#9731 = DIRECTION('',(0.,1.,0.));
#9732 = DIRECTION('',(0.,0.,1.));
#9733 = ADVANCED_FACE('',(#9734),#9746,.T.);
#9734 = FACE_BOUND('',#9735,.T.);
#9735 = EDGE_LOOP('',(#9736,#9737,#9738,#9739,#9745));
#9736 = ORIENTED_EDGE('',*,*,#6116,.F.);
#9737 = ORIENTED_EDGE('',*,*,#2420,.T.);
#9738 = ORIENTED_EDGE('',*,*,#9542,.T.);
#9739 = ORIENTED_EDGE('',*,*,#9740,.T.);
#9740 = EDGE_CURVE('',#9535,#7304,#9741,.T.);
#9741 = LINE('',#9742,#9743);
#9742 = CARTESIAN_POINT('',(11.53,10.,3.9));
#9743 = VECTOR('',#9744,1.);
#9744 = DIRECTION('',(1.,0.,0.));
#9745 = ORIENTED_EDGE('',*,*,#7303,.F.);
#9746 = PLANE('',#9747);
#9747 = AXIS2_PLACEMENT_3D('',#9748,#9749,#9750);
#9748 = CARTESIAN_POINT('',(12.867955261312,10.,1.642374832755));
#9749 = DIRECTION('',(0.,1.,0.));
#9750 = DIRECTION('',(0.,0.,1.));
#9751 = ADVANCED_FACE('',(#9752),#9764,.T.);
#9752 = FACE_BOUND('',#9753,.T.);
#9753 = EDGE_LOOP('',(#9754,#9755,#9756,#9757,#9763));
#9754 = ORIENTED_EDGE('',*,*,#5272,.T.);
#9755 = ORIENTED_EDGE('',*,*,#8018,.T.);
#9756 = ORIENTED_EDGE('',*,*,#8049,.T.);
#9757 = ORIENTED_EDGE('',*,*,#9758,.T.);
#9758 = EDGE_CURVE('',#8042,#7109,#9759,.T.);
#9759 = LINE('',#9760,#9761);
#9760 = CARTESIAN_POINT('',(-31.25,19.,3.));
#9761 = VECTOR('',#9762,1.);
#9762 = DIRECTION('',(-1.,0.,0.));
#9763 = ORIENTED_EDGE('',*,*,#7108,.F.);
#9764 = PLANE('',#9765);
#9765 = AXIS2_PLACEMENT_3D('',#9766,#9767,#9768);
#9766 = CARTESIAN_POINT('',(-32.40621420488,19.,2.054254466634));
#9767 = DIRECTION('',(-0.,-1.,-0.));
#9768 = DIRECTION('',(0.,0.,-1.));
#9769 = ADVANCED_FACE('',(#9770),#9782,.T.);
#9770 = FACE_BOUND('',#9771,.T.);
#9771 = EDGE_LOOP('',(#9772,#9773,#9774,#9780,#9781));
#9772 = ORIENTED_EDGE('',*,*,#5363,.T.);
#9773 = ORIENTED_EDGE('',*,*,#7139,.T.);
#9774 = ORIENTED_EDGE('',*,*,#9775,.F.);
#9775 = EDGE_CURVE('',#8184,#7140,#9776,.T.);
#9776 = LINE('',#9777,#9778);
#9777 = CARTESIAN_POINT('',(-29.9,19.,3.));
#9778 = VECTOR('',#9779,1.);
#9779 = DIRECTION('',(1.,0.,0.));
#9780 = ORIENTED_EDGE('',*,*,#8191,.F.);
#9781 = ORIENTED_EDGE('',*,*,#8142,.F.);
#9782 = PLANE('',#9783);
#9783 = AXIS2_PLACEMENT_3D('',#9784,#9785,#9786);
#9784 = CARTESIAN_POINT('',(-29.59378579511,19.,2.054254466634));
#9785 = DIRECTION('',(-0.,-1.,-0.));
#9786 = DIRECTION('',(0.,0.,-1.));
#9787 = ADVANCED_FACE('',(#9788),#9800,.T.);
#9788 = FACE_BOUND('',#9789,.T.);
#9789 = EDGE_LOOP('',(#9790,#9791,#9792,#9793,#9799));
#9790 = ORIENTED_EDGE('',*,*,#6224,.T.);
#9791 = ORIENTED_EDGE('',*,*,#9397,.T.);
#9792 = ORIENTED_EDGE('',*,*,#9428,.T.);
#9793 = ORIENTED_EDGE('',*,*,#9794,.T.);
#9794 = EDGE_CURVE('',#9421,#7346,#9795,.T.);
#9795 = LINE('',#9796,#9797);
#9796 = CARTESIAN_POINT('',(30.75,19.,3.));
#9797 = VECTOR('',#9798,1.);
#9798 = DIRECTION('',(-1.,0.,0.));
#9799 = ORIENTED_EDGE('',*,*,#7345,.F.);
#9800 = PLANE('',#9801);
#9801 = AXIS2_PLACEMENT_3D('',#9802,#9803,#9804);
#9802 = CARTESIAN_POINT('',(29.593785795112,19.,2.054254466634));
#9803 = DIRECTION('',(-0.,-1.,-0.));
#9804 = DIRECTION('',(0.,0.,-1.));
#9805 = ADVANCED_FACE('',(#9806),#9818,.T.);
#9806 = FACE_BOUND('',#9807,.T.);
#9807 = EDGE_LOOP('',(#9808,#9809,#9810,#9816,#9817));
#9808 = ORIENTED_EDGE('',*,*,#6315,.T.);
#9809 = ORIENTED_EDGE('',*,*,#7376,.T.);
#9810 = ORIENTED_EDGE('',*,*,#9811,.F.);
#9811 = EDGE_CURVE('',#9513,#7377,#9812,.T.);
#9812 = LINE('',#9813,#9814);
#9813 = CARTESIAN_POINT('',(32.1,19.,3.));
#9814 = VECTOR('',#9815,1.);
#9815 = DIRECTION('',(1.,0.,0.));
#9816 = ORIENTED_EDGE('',*,*,#9520,.F.);
#9817 = ORIENTED_EDGE('',*,*,#9471,.F.);
#9818 = PLANE('',#9819);
#9819 = AXIS2_PLACEMENT_3D('',#9820,#9821,#9822);
#9820 = CARTESIAN_POINT('',(32.406214204888,19.,2.054254466634));
#9821 = DIRECTION('',(-0.,-1.,-0.));
#9822 = DIRECTION('',(0.,0.,-1.));
#9823 = ADVANCED_FACE('',(#9824),#9836,.T.);
#9824 = FACE_BOUND('',#9825,.T.);
#9825 = EDGE_LOOP('',(#9826,#9827,#9828,#9834,#9835));
#9826 = ORIENTED_EDGE('',*,*,#5329,.F.);
#9827 = ORIENTED_EDGE('',*,*,#7117,.T.);
#9828 = ORIENTED_EDGE('',*,*,#9829,.T.);
#9829 = EDGE_CURVE('',#7118,#8034,#9830,.T.);
#9830 = LINE('',#9831,#9832);
#9831 = CARTESIAN_POINT('',(-33.1,21.,3.));
#9832 = VECTOR('',#9833,1.);
#9833 = DIRECTION('',(1.,0.,0.));
#9834 = ORIENTED_EDGE('',*,*,#8033,.F.);
#9835 = ORIENTED_EDGE('',*,*,#8002,.F.);
#9836 = PLANE('',#9837);
#9837 = AXIS2_PLACEMENT_3D('',#9838,#9839,#9840);
#9838 = CARTESIAN_POINT('',(-32.40621420488,21.,2.054254466634));
#9839 = DIRECTION('',(0.,1.,0.));
#9840 = DIRECTION('',(0.,0.,1.));
#9841 = ADVANCED_FACE('',(#9842),#9854,.T.);
#9842 = FACE_BOUND('',#9843,.T.);
#9843 = EDGE_LOOP('',(#9844,#9845,#9846,#9847,#9853));
#9844 = ORIENTED_EDGE('',*,*,#5445,.F.);
#9845 = ORIENTED_EDGE('',*,*,#8158,.T.);
#9846 = ORIENTED_EDGE('',*,*,#8175,.T.);
#9847 = ORIENTED_EDGE('',*,*,#9848,.T.);
#9848 = EDGE_CURVE('',#8176,#7149,#9849,.T.);
#9849 = LINE('',#9850,#9851);
#9850 = CARTESIAN_POINT('',(-30.75,21.,3.));
#9851 = VECTOR('',#9852,1.);
#9852 = DIRECTION('',(1.,0.,0.));
#9853 = ORIENTED_EDGE('',*,*,#7148,.F.);
#9854 = PLANE('',#9855);
#9855 = AXIS2_PLACEMENT_3D('',#9856,#9857,#9858);
#9856 = CARTESIAN_POINT('',(-29.59378579511,21.,2.054254466634));
#9857 = DIRECTION('',(0.,1.,0.));
#9858 = DIRECTION('',(0.,0.,1.));
#9859 = ADVANCED_FACE('',(#9860),#9872,.T.);
#9860 = FACE_BOUND('',#9861,.T.);
#9861 = EDGE_LOOP('',(#9862,#9863,#9864,#9870,#9871));
#9862 = ORIENTED_EDGE('',*,*,#6281,.F.);
#9863 = ORIENTED_EDGE('',*,*,#7354,.T.);
#9864 = ORIENTED_EDGE('',*,*,#9865,.T.);
#9865 = EDGE_CURVE('',#7355,#9413,#9866,.T.);
#9866 = LINE('',#9867,#9868);
#9867 = CARTESIAN_POINT('',(28.9,21.,3.));
#9868 = VECTOR('',#9869,1.);
#9869 = DIRECTION('',(1.,0.,0.));
#9870 = ORIENTED_EDGE('',*,*,#9412,.F.);
#9871 = ORIENTED_EDGE('',*,*,#9381,.F.);
#9872 = PLANE('',#9873);
#9873 = AXIS2_PLACEMENT_3D('',#9874,#9875,#9876);
#9874 = CARTESIAN_POINT('',(29.593785795112,21.,2.054254466634));
#9875 = DIRECTION('',(0.,1.,0.));
#9876 = DIRECTION('',(0.,0.,1.));
#9877 = ADVANCED_FACE('',(#9878),#9890,.T.);
#9878 = FACE_BOUND('',#9879,.T.);
#9879 = EDGE_LOOP('',(#9880,#9881,#9882,#9883,#9889));
#9880 = ORIENTED_EDGE('',*,*,#6397,.F.);
#9881 = ORIENTED_EDGE('',*,*,#9487,.T.);
#9882 = ORIENTED_EDGE('',*,*,#9504,.T.);
#9883 = ORIENTED_EDGE('',*,*,#9884,.T.);
#9884 = EDGE_CURVE('',#9505,#7386,#9885,.T.);
#9885 = LINE('',#9886,#9887);
#9886 = CARTESIAN_POINT('',(31.25,21.,3.));
#9887 = VECTOR('',#9888,1.);
#9888 = DIRECTION('',(1.,0.,0.));
#9889 = ORIENTED_EDGE('',*,*,#7385,.F.);
#9890 = PLANE('',#9891);
#9891 = AXIS2_PLACEMENT_3D('',#9892,#9893,#9894);
#9892 = CARTESIAN_POINT('',(32.406214204888,21.,2.054254466634));
#9893 = DIRECTION('',(0.,1.,0.));
#9894 = DIRECTION('',(0.,0.,1.));
#9895 = ADVANCED_FACE('',(#9896),#9904,.T.);
#9896 = FACE_BOUND('',#9897,.T.);
#9897 = EDGE_LOOP('',(#9898,#9899,#9900,#9901,#9902,#9903));
#9898 = ORIENTED_EDGE('',*,*,#5578,.F.);
#9899 = ORIENTED_EDGE('',*,*,#2172,.T.);
#9900 = ORIENTED_EDGE('',*,*,#5637,.F.);
#9901 = ORIENTED_EDGE('',*,*,#8512,.T.);
#9902 = ORIENTED_EDGE('',*,*,#8363,.F.);
#9903 = ORIENTED_EDGE('',*,*,#8332,.F.);
#9904 = PLANE('',#9905);
#9905 = AXIS2_PLACEMENT_3D('',#9906,#9907,#9908);
#9906 = CARTESIAN_POINT('',(-12.,31.9,0.837656712003));
#9907 = DIRECTION('',(0.,1.,1.165875830995E-15));
#9908 = DIRECTION('',(0.,-1.165875830995E-15,1.));
#9909 = ADVANCED_FACE('',(#9910),#9937,.T.);
#9910 = FACE_BOUND('',#9911,.T.);
#9911 = EDGE_LOOP('',(#9912,#9913,#9914,#9915,#9923,#9931));
#9912 = ORIENTED_EDGE('',*,*,#5876,.F.);
#9913 = ORIENTED_EDGE('',*,*,#2304,.T.);
#9914 = ORIENTED_EDGE('',*,*,#5935,.F.);
#9915 = ORIENTED_EDGE('',*,*,#9916,.T.);
#9916 = EDGE_CURVE('',#5926,#9917,#9919,.T.);
#9917 = VERTEX_POINT('',#9918);
#9918 = CARTESIAN_POINT('',(-1.,31.9,2.15));
#9919 = LINE('',#9920,#9921);
#9920 = CARTESIAN_POINT('',(-1.,31.9,-1.E-02));
#9921 = VECTOR('',#9922,1.);
#9922 = DIRECTION('',(0.,0.,1.));
#9923 = ORIENTED_EDGE('',*,*,#9924,.F.);
#9924 = EDGE_CURVE('',#9925,#9917,#9927,.T.);
#9925 = VERTEX_POINT('',#9926);
#9926 = CARTESIAN_POINT('',(1.,31.9,2.15));
#9927 = LINE('',#9928,#9929);
#9928 = CARTESIAN_POINT('',(1.,31.9,2.15));
#9929 = VECTOR('',#9930,1.);
#9930 = DIRECTION('',(-1.,1.110223024625E-16,0.));
#9931 = ORIENTED_EDGE('',*,*,#9932,.F.);
#9932 = EDGE_CURVE('',#5869,#9925,#9933,.T.);
#9933 = LINE('',#9934,#9935);
#9934 = CARTESIAN_POINT('',(1.,31.9,-1.E-02));
#9935 = VECTOR('',#9936,1.);
#9936 = DIRECTION('',(0.,0.,1.));
#9937 = PLANE('',#9938);
#9938 = AXIS2_PLACEMENT_3D('',#9939,#9940,#9941);
#9939 = CARTESIAN_POINT('',(-1.647113931061E-16,31.9,0.837656712003));
#9940 = DIRECTION('',(0.,1.,0.));
#9941 = DIRECTION('',(0.,0.,1.));
#9942 = ADVANCED_FACE('',(#9943),#9968,.T.);
#9943 = FACE_BOUND('',#9944,.T.);
#9944 = EDGE_LOOP('',(#9945,#9946,#9954,#9962));
#9945 = ORIENTED_EDGE('',*,*,#9924,.T.);
#9946 = ORIENTED_EDGE('',*,*,#9947,.T.);
#9947 = EDGE_CURVE('',#9917,#9948,#9950,.T.);
#9948 = VERTEX_POINT('',#9949);
#9949 = CARTESIAN_POINT('',(-1.,32.75,3.));
#9950 = LINE('',#9951,#9952);
#9951 = CARTESIAN_POINT('',(-1.,31.9,2.15));
#9952 = VECTOR('',#9953,1.);
#9953 = DIRECTION('',(7.850462293419E-17,0.707106781187,0.707106781187)
  );
#9954 = ORIENTED_EDGE('',*,*,#9955,.F.);
#9955 = EDGE_CURVE('',#9956,#9948,#9958,.T.);
#9956 = VERTEX_POINT('',#9957);
#9957 = CARTESIAN_POINT('',(1.,32.75,3.));
#9958 = LINE('',#9959,#9960);
#9959 = CARTESIAN_POINT('',(1.,32.75,3.));
#9960 = VECTOR('',#9961,1.);
#9961 = DIRECTION('',(-1.,1.110223024625E-16,0.));
#9962 = ORIENTED_EDGE('',*,*,#9963,.F.);
#9963 = EDGE_CURVE('',#9925,#9956,#9964,.T.);
#9964 = LINE('',#9965,#9966);
#9965 = CARTESIAN_POINT('',(1.,31.9,2.15));
#9966 = VECTOR('',#9967,1.);
#9967 = DIRECTION('',(7.850462293419E-17,0.707106781187,0.707106781187)
  );
#9968 = PLANE('',#9969);
#9969 = AXIS2_PLACEMENT_3D('',#9970,#9971,#9972);
#9970 = CARTESIAN_POINT('',(1.,31.9,2.15));
#9971 = DIRECTION('',(7.850462293419E-17,0.707106781187,-0.707106781187)
  );
#9972 = DIRECTION('',(7.850462293419E-17,0.707106781187,0.707106781187)
  );
#9973 = ADVANCED_FACE('',(#9974),#9982,.T.);
#9974 = FACE_BOUND('',#9975,.T.);
#9975 = EDGE_LOOP('',(#9976,#9977,#9978,#9979,#9980,#9981));
#9976 = ORIENTED_EDGE('',*,*,#5652,.T.);
#9977 = ORIENTED_EDGE('',*,*,#8412,.T.);
#9978 = ORIENTED_EDGE('',*,*,#8426,.T.);
#9979 = ORIENTED_EDGE('',*,*,#8527,.F.);
#9980 = ORIENTED_EDGE('',*,*,#5751,.T.);
#9981 = ORIENTED_EDGE('',*,*,#2206,.F.);
#9982 = PLANE('',#9983);
#9983 = AXIS2_PLACEMENT_3D('',#9984,#9985,#9986);
#9984 = CARTESIAN_POINT('',(-12.,34.1,0.837656712003));
#9985 = DIRECTION('',(-0.,-1.,-2.33175166199E-15));
#9986 = DIRECTION('',(0.,2.33175166199E-15,-1.));
#9987 = ADVANCED_FACE('',(#9988),#10015,.T.);
#9988 = FACE_BOUND('',#9989,.T.);
#9989 = EDGE_LOOP('',(#9990,#9991,#9999,#10007,#10013,#10014));
#9990 = ORIENTED_EDGE('',*,*,#5950,.T.);
#9991 = ORIENTED_EDGE('',*,*,#9992,.T.);
#9992 = EDGE_CURVE('',#5951,#9993,#9995,.T.);
#9993 = VERTEX_POINT('',#9994);
#9994 = CARTESIAN_POINT('',(1.,34.1,2.15));
#9995 = LINE('',#9996,#9997);
#9996 = CARTESIAN_POINT('',(1.,34.1,-1.E-02));
#9997 = VECTOR('',#9998,1.);
#9998 = DIRECTION('',(0.,0.,1.));
#9999 = ORIENTED_EDGE('',*,*,#10000,.T.);
#10000 = EDGE_CURVE('',#9993,#10001,#10003,.T.);
#10001 = VERTEX_POINT('',#10002);
#10002 = CARTESIAN_POINT('',(-1.,34.1,2.15));
#10003 = LINE('',#10004,#10005);
#10004 = CARTESIAN_POINT('',(1.,34.1,2.15));
#10005 = VECTOR('',#10006,1.);
#10006 = DIRECTION('',(-1.,1.110223024625E-16,0.));
#10007 = ORIENTED_EDGE('',*,*,#10008,.F.);
#10008 = EDGE_CURVE('',#6042,#10001,#10009,.T.);
#10009 = LINE('',#10010,#10011);
#10010 = CARTESIAN_POINT('',(-1.,34.1,-1.E-02));
#10011 = VECTOR('',#10012,1.);
#10012 = DIRECTION('',(0.,0.,1.));
#10013 = ORIENTED_EDGE('',*,*,#6049,.T.);
#10014 = ORIENTED_EDGE('',*,*,#2338,.F.);
#10015 = PLANE('',#10016);
#10016 = AXIS2_PLACEMENT_3D('',#10017,#10018,#10019);
#10017 = CARTESIAN_POINT('',(5.147231034565E-17,34.1,0.837656712003));
#10018 = DIRECTION('',(-0.,-1.,-2.33175166199E-15));
#10019 = DIRECTION('',(0.,2.33175166199E-15,-1.));
#10020 = ADVANCED_FACE('',(#10021),#10046,.F.);
#10021 = FACE_BOUND('',#10022,.F.);
#10022 = EDGE_LOOP('',(#10023,#10024,#10032,#10040));
#10023 = ORIENTED_EDGE('',*,*,#10000,.T.);
#10024 = ORIENTED_EDGE('',*,*,#10025,.T.);
#10025 = EDGE_CURVE('',#10001,#10026,#10028,.T.);
#10026 = VERTEX_POINT('',#10027);
#10027 = CARTESIAN_POINT('',(-1.,33.25,3.));
#10028 = LINE('',#10029,#10030);
#10029 = CARTESIAN_POINT('',(-1.,34.1,2.15));
#10030 = VECTOR('',#10031,1.);
#10031 = DIRECTION('',(-7.850462293419E-17,-0.707106781187,
    0.707106781187));
#10032 = ORIENTED_EDGE('',*,*,#10033,.F.);
#10033 = EDGE_CURVE('',#10034,#10026,#10036,.T.);
#10034 = VERTEX_POINT('',#10035);
#10035 = CARTESIAN_POINT('',(1.,33.25,3.));
#10036 = LINE('',#10037,#10038);
#10037 = CARTESIAN_POINT('',(1.,33.25,3.));
#10038 = VECTOR('',#10039,1.);
#10039 = DIRECTION('',(-1.,1.110223024625E-16,0.));
#10040 = ORIENTED_EDGE('',*,*,#10041,.F.);
#10041 = EDGE_CURVE('',#9993,#10034,#10042,.T.);
#10042 = LINE('',#10043,#10044);
#10043 = CARTESIAN_POINT('',(1.,34.1,2.15));
#10044 = VECTOR('',#10045,1.);
#10045 = DIRECTION('',(-7.850462293419E-17,-0.707106781187,
    0.707106781187));
#10046 = PLANE('',#10047);
#10047 = AXIS2_PLACEMENT_3D('',#10048,#10049,#10050);
#10048 = CARTESIAN_POINT('',(1.,34.1,2.15));
#10049 = DIRECTION('',(7.850462293419E-17,0.707106781187,0.707106781187)
  );
#10050 = DIRECTION('',(-7.850462293419E-17,-0.707106781187,
    0.707106781187));
#10051 = ADVANCED_FACE('',(#10052),#10064,.T.);
#10052 = FACE_BOUND('',#10053,.T.);
#10053 = EDGE_LOOP('',(#10054,#10055,#10056,#10057,#10063));
#10054 = ORIENTED_EDGE('',*,*,#5868,.T.);
#10055 = ORIENTED_EDGE('',*,*,#9932,.T.);
#10056 = ORIENTED_EDGE('',*,*,#9963,.T.);
#10057 = ORIENTED_EDGE('',*,*,#10058,.T.);
#10058 = EDGE_CURVE('',#9956,#7233,#10059,.T.);
#10059 = LINE('',#10060,#10061);
#10060 = CARTESIAN_POINT('',(1.,32.75,3.));
#10061 = VECTOR('',#10062,1.);
#10062 = DIRECTION('',(-1.110223024625E-16,-1.,0.));
#10063 = ORIENTED_EDGE('',*,*,#7232,.F.);
#10064 = PLANE('',#10065);
#10065 = AXIS2_PLACEMENT_3D('',#10066,#10067,#10068);
#10066 = CARTESIAN_POINT('',(1.,31.593785795112,2.054254466634));
#10067 = DIRECTION('',(1.,0.,0.));
#10068 = DIRECTION('',(0.,0.,1.));
#10069 = ADVANCED_FACE('',(#10070),#10082,.T.);
#10070 = FACE_BOUND('',#10071,.T.);
#10071 = EDGE_LOOP('',(#10072,#10073,#10074,#10080,#10081));
#10072 = ORIENTED_EDGE('',*,*,#5959,.T.);
#10073 = ORIENTED_EDGE('',*,*,#7263,.T.);
#10074 = ORIENTED_EDGE('',*,*,#10075,.F.);
#10075 = EDGE_CURVE('',#10034,#7264,#10076,.T.);
#10076 = LINE('',#10077,#10078);
#10077 = CARTESIAN_POINT('',(1.,34.1,3.));
#10078 = VECTOR('',#10079,1.);
#10079 = DIRECTION('',(1.110223024625E-16,1.,0.));
#10080 = ORIENTED_EDGE('',*,*,#10041,.F.);
#10081 = ORIENTED_EDGE('',*,*,#9992,.F.);
#10082 = PLANE('',#10083);
#10083 = AXIS2_PLACEMENT_3D('',#10084,#10085,#10086);
#10084 = CARTESIAN_POINT('',(1.,34.406214204888,2.054254466634));
#10085 = DIRECTION('',(1.,0.,0.));
#10086 = DIRECTION('',(0.,0.,1.));
#10087 = ADVANCED_FACE('',(#10088),#10100,.T.);
#10088 = FACE_BOUND('',#10089,.T.);
#10089 = EDGE_LOOP('',(#10090,#10091,#10092,#10098,#10099));
#10090 = ORIENTED_EDGE('',*,*,#5925,.F.);
#10091 = ORIENTED_EDGE('',*,*,#7241,.T.);
#10092 = ORIENTED_EDGE('',*,*,#10093,.T.);
#10093 = EDGE_CURVE('',#7242,#9948,#10094,.T.);
#10094 = LINE('',#10095,#10096);
#10095 = CARTESIAN_POINT('',(-1.,30.9,3.));
#10096 = VECTOR('',#10097,1.);
#10097 = DIRECTION('',(1.110223024625E-16,1.,0.));
#10098 = ORIENTED_EDGE('',*,*,#9947,.F.);
#10099 = ORIENTED_EDGE('',*,*,#9916,.F.);
#10100 = PLANE('',#10101);
#10101 = AXIS2_PLACEMENT_3D('',#10102,#10103,#10104);
#10102 = CARTESIAN_POINT('',(-1.,31.593785795112,2.054254466634));
#10103 = DIRECTION('',(-1.,-0.,-0.));
#10104 = DIRECTION('',(0.,0.,-1.));
#10105 = ADVANCED_FACE('',(#10106),#10118,.T.);
#10106 = FACE_BOUND('',#10107,.T.);
#10107 = EDGE_LOOP('',(#10108,#10109,#10110,#10111,#10117));
#10108 = ORIENTED_EDGE('',*,*,#6041,.F.);
#10109 = ORIENTED_EDGE('',*,*,#10008,.T.);
#10110 = ORIENTED_EDGE('',*,*,#10025,.T.);
#10111 = ORIENTED_EDGE('',*,*,#10112,.T.);
#10112 = EDGE_CURVE('',#10026,#7273,#10113,.T.);
#10113 = LINE('',#10114,#10115);
#10114 = CARTESIAN_POINT('',(-1.,33.25,3.));
#10115 = VECTOR('',#10116,1.);
#10116 = DIRECTION('',(1.110223024625E-16,1.,0.));
#10117 = ORIENTED_EDGE('',*,*,#7272,.F.);
#10118 = PLANE('',#10119);
#10119 = AXIS2_PLACEMENT_3D('',#10120,#10121,#10122);
#10120 = CARTESIAN_POINT('',(-1.,34.406214204888,2.054254466634));
#10121 = DIRECTION('',(-1.,-0.,-0.));
#10122 = DIRECTION('',(0.,0.,-1.));
#10123 = ADVANCED_FACE('',(#10124),#10134,.T.);
#10124 = FACE_BOUND('',#10125,.T.);
#10125 = EDGE_LOOP('',(#10126,#10127,#10128,#10129,#10130,#10131,#10132,
    #10133));
#10126 = ORIENTED_EDGE('',*,*,#9143,.F.);
#10127 = ORIENTED_EDGE('',*,*,#6766,.F.);
#10128 = ORIENTED_EDGE('',*,*,#8959,.T.);
#10129 = ORIENTED_EDGE('',*,*,#9064,.T.);
#10130 = ORIENTED_EDGE('',*,*,#9721,.F.);
#10131 = ORIENTED_EDGE('',*,*,#7074,.F.);
#10132 = ORIENTED_EDGE('',*,*,#9679,.T.);
#10133 = ORIENTED_EDGE('',*,*,#9192,.F.);
#10134 = PLANE('',#10135);
#10135 = AXIS2_PLACEMENT_3D('',#10136,#10137,#10138);
#10136 = CARTESIAN_POINT('',(-12.24739130434,0.,3.9));
#10137 = DIRECTION('',(0.,0.,1.));
#10138 = DIRECTION('',(1.,0.,0.));
#10139 = ADVANCED_FACE('',(#10140),#10150,.T.);
#10140 = FACE_BOUND('',#10141,.T.);
#10141 = EDGE_LOOP('',(#10142,#10143,#10144,#10145,#10146,#10147,#10148,
    #10149));
#10142 = ORIENTED_EDGE('',*,*,#9534,.F.);
#10143 = ORIENTED_EDGE('',*,*,#8976,.T.);
#10144 = ORIENTED_EDGE('',*,*,#6941,.T.);
#10145 = ORIENTED_EDGE('',*,*,#9232,.F.);
#10146 = ORIENTED_EDGE('',*,*,#9264,.T.);
#10147 = ORIENTED_EDGE('',*,*,#9696,.T.);
#10148 = ORIENTED_EDGE('',*,*,#7311,.T.);
#10149 = ORIENTED_EDGE('',*,*,#9740,.F.);
#10150 = PLANE('',#10151);
#10151 = AXIS2_PLACEMENT_3D('',#10152,#10153,#10154);
#10152 = CARTESIAN_POINT('',(12.247391304348,-7.964643437528E-17,3.9));
#10153 = DIRECTION('',(0.,0.,1.));
#10154 = DIRECTION('',(1.,0.,0.));
#10155 = ADVANCED_FACE('',(#10156),#10166,.T.);
#10156 = FACE_BOUND('',#10157,.T.);
#10157 = EDGE_LOOP('',(#10158,#10159,#10160,#10161,#10162,#10163,#10164,
    #10165));
#10158 = ORIENTED_EDGE('',*,*,#9176,.T.);
#10159 = ORIENTED_EDGE('',*,*,#9672,.T.);
#10160 = ORIENTED_EDGE('',*,*,#9041,.F.);
#10161 = ORIENTED_EDGE('',*,*,#9078,.T.);
#10162 = ORIENTED_EDGE('',*,*,#9101,.F.);
#10163 = ORIENTED_EDGE('',*,*,#9125,.F.);
#10164 = ORIENTED_EDGE('',*,*,#9009,.F.);
#10165 = ORIENTED_EDGE('',*,*,#9159,.F.);
#10166 = PLANE('',#10167);
#10167 = AXIS2_PLACEMENT_3D('',#10168,#10169,#10170);
#10168 = CARTESIAN_POINT('',(-11.90903225806,0.,1.9));
#10169 = DIRECTION('',(-0.,-0.,-1.));
#10170 = DIRECTION('',(-1.,0.,0.));
#10171 = ADVANCED_FACE('',(#10172),#10182,.T.);
#10172 = FACE_BOUND('',#10173,.T.);
#10173 = EDGE_LOOP('',(#10174,#10175,#10176,#10177,#10178,#10179,#10180,
    #10181));
#10174 = ORIENTED_EDGE('',*,*,#9589,.T.);
#10175 = ORIENTED_EDGE('',*,*,#9653,.T.);
#10176 = ORIENTED_EDGE('',*,*,#9629,.T.);
#10177 = ORIENTED_EDGE('',*,*,#9606,.F.);
#10178 = ORIENTED_EDGE('',*,*,#9557,.T.);
#10179 = ORIENTED_EDGE('',*,*,#9703,.T.);
#10180 = ORIENTED_EDGE('',*,*,#9248,.F.);
#10181 = ORIENTED_EDGE('',*,*,#9216,.F.);
#10182 = PLANE('',#10183);
#10183 = AXIS2_PLACEMENT_3D('',#10184,#10185,#10186);
#10184 = CARTESIAN_POINT('',(11.909032258065,0.,1.9));
#10185 = DIRECTION('',(-0.,-0.,-1.));
#10186 = DIRECTION('',(-1.,0.,0.));
#10187 = ADVANCED_FACE('',(#10188),#10194,.T.);
#10188 = FACE_BOUND('',#10189,.T.);
#10189 = EDGE_LOOP('',(#10190,#10191,#10192,#10193));
#10190 = ORIENTED_EDGE('',*,*,#6560,.F.);
#10191 = ORIENTED_EDGE('',*,*,#7594,.F.);
#10192 = ORIENTED_EDGE('',*,*,#7625,.T.);
#10193 = ORIENTED_EDGE('',*,*,#7831,.F.);
#10194 = PLANE('',#10195);
#10195 = AXIS2_PLACEMENT_3D('',#10196,#10197,#10198);
#10196 = CARTESIAN_POINT('',(-32.175,-20.,3.));
#10197 = DIRECTION('',(0.,0.,1.));
#10198 = DIRECTION('',(1.,0.,0.));
#10199 = ADVANCED_FACE('',(#10200),#10206,.T.);
#10200 = FACE_BOUND('',#10201,.T.);
#10201 = EDGE_LOOP('',(#10202,#10203,#10204,#10205));
#10202 = ORIENTED_EDGE('',*,*,#7860,.F.);
#10203 = ORIENTED_EDGE('',*,*,#7688,.F.);
#10204 = ORIENTED_EDGE('',*,*,#7642,.T.);
#10205 = ORIENTED_EDGE('',*,*,#6591,.T.);
#10206 = PLANE('',#10207);
#10207 = AXIS2_PLACEMENT_3D('',#10208,#10209,#10210);
#10208 = CARTESIAN_POINT('',(-29.825,-20.,3.));
#10209 = DIRECTION('',(0.,0.,1.));
#10210 = DIRECTION('',(1.,0.,0.));
#10211 = ADVANCED_FACE('',(#10212),#10218,.T.);
#10212 = FACE_BOUND('',#10213,.T.);
#10213 = EDGE_LOOP('',(#10214,#10215,#10216,#10217));
#10214 = ORIENTED_EDGE('',*,*,#6622,.F.);
#10215 = ORIENTED_EDGE('',*,*,#8222,.F.);
#10216 = ORIENTED_EDGE('',*,*,#8253,.T.);
#10217 = ORIENTED_EDGE('',*,*,#8459,.F.);
#10218 = PLANE('',#10219);
#10219 = AXIS2_PLACEMENT_3D('',#10220,#10221,#10222);
#10220 = CARTESIAN_POINT('',(-12.,-34.175,3.));
#10221 = DIRECTION('',(0.,0.,1.));
#10222 = DIRECTION('',(1.,0.,0.));
#10223 = ADVANCED_FACE('',(#10224),#10230,.T.);
#10224 = FACE_BOUND('',#10225,.T.);
#10225 = EDGE_LOOP('',(#10226,#10227,#10228,#10229));
#10226 = ORIENTED_EDGE('',*,*,#8488,.F.);
#10227 = ORIENTED_EDGE('',*,*,#8316,.F.);
#10228 = ORIENTED_EDGE('',*,*,#8270,.T.);
#10229 = ORIENTED_EDGE('',*,*,#6653,.T.);
#10230 = PLANE('',#10231);
#10231 = AXIS2_PLACEMENT_3D('',#10232,#10233,#10234);
#10232 = CARTESIAN_POINT('',(-12.,-31.825,3.));
#10233 = DIRECTION('',(0.,0.,1.));
#10234 = DIRECTION('',(1.,0.,0.));
#10235 = ADVANCED_FACE('',(#10236),#10242,.T.);
#10236 = FACE_BOUND('',#10237,.T.);
#10237 = EDGE_LOOP('',(#10238,#10239,#10240,#10241));
#10238 = ORIENTED_EDGE('',*,*,#6684,.F.);
#10239 = ORIENTED_EDGE('',*,*,#8708,.F.);
#10240 = ORIENTED_EDGE('',*,*,#7977,.T.);
#10241 = ORIENTED_EDGE('',*,*,#8869,.F.);
#10242 = PLANE('',#10243);
#10243 = AXIS2_PLACEMENT_3D('',#10244,#10245,#10246);
#10244 = CARTESIAN_POINT('',(-32.175,0.,3.));
#10245 = DIRECTION('',(0.,0.,1.));
#10246 = DIRECTION('',(1.,0.,0.));
#10247 = ADVANCED_FACE('',(#10248),#10254,.T.);
#10248 = FACE_BOUND('',#10249,.T.);
#10249 = EDGE_LOOP('',(#10250,#10251,#10252,#10253));
#10250 = ORIENTED_EDGE('',*,*,#8888,.F.);
#10251 = ORIENTED_EDGE('',*,*,#8119,.F.);
#10252 = ORIENTED_EDGE('',*,*,#8725,.T.);
#10253 = ORIENTED_EDGE('',*,*,#6715,.T.);
#10254 = PLANE('',#10255);
#10255 = AXIS2_PLACEMENT_3D('',#10256,#10257,#10258);
#10256 = CARTESIAN_POINT('',(-29.825,0.,3.));
#10257 = DIRECTION('',(0.,0.,1.));
#10258 = DIRECTION('',(1.,0.,0.));
#10259 = ADVANCED_FACE('',(#10260),#10266,.T.);
#10260 = FACE_BOUND('',#10261,.T.);
#10261 = EDGE_LOOP('',(#10262,#10263,#10264,#10265));
#10262 = ORIENTED_EDGE('',*,*,#6797,.F.);
#10263 = ORIENTED_EDGE('',*,*,#9281,.F.);
#10264 = ORIENTED_EDGE('',*,*,#8605,.T.);
#10265 = ORIENTED_EDGE('',*,*,#9316,.F.);
#10266 = PLANE('',#10267);
#10267 = AXIS2_PLACEMENT_3D('',#10268,#10269,#10270);
#10268 = CARTESIAN_POINT('',(12.,-34.175,3.));
#10269 = DIRECTION('',(0.,0.,1.));
#10270 = DIRECTION('',(1.,0.,0.));
#10271 = ADVANCED_FACE('',(#10272),#10278,.T.);
#10272 = FACE_BOUND('',#10273,.T.);
#10273 = EDGE_LOOP('',(#10274,#10275,#10276,#10277));
#10274 = ORIENTED_EDGE('',*,*,#9335,.F.);
#10275 = ORIENTED_EDGE('',*,*,#8683,.F.);
#10276 = ORIENTED_EDGE('',*,*,#9298,.T.);
#10277 = ORIENTED_EDGE('',*,*,#6828,.T.);
#10278 = PLANE('',#10279);
#10279 = AXIS2_PLACEMENT_3D('',#10280,#10281,#10282);
#10280 = CARTESIAN_POINT('',(12.,-31.825,3.));
#10281 = DIRECTION('',(0.,0.,1.));
#10282 = DIRECTION('',(1.,0.,0.));
#10283 = ADVANCED_FACE('',(#10284),#10290,.T.);
#10284 = FACE_BOUND('',#10285,.T.);
#10285 = EDGE_LOOP('',(#10286,#10287,#10288,#10289));
#10286 = ORIENTED_EDGE('',*,*,#6859,.F.);
#10287 = ORIENTED_EDGE('',*,*,#7720,.F.);
#10288 = ORIENTED_EDGE('',*,*,#7751,.T.);
#10289 = ORIENTED_EDGE('',*,*,#7877,.F.);
#10290 = PLANE('',#10291);
#10291 = AXIS2_PLACEMENT_3D('',#10292,#10293,#10294);
#10292 = CARTESIAN_POINT('',(29.825,-20.,3.));
#10293 = DIRECTION('',(0.,0.,1.));
#10294 = DIRECTION('',(1.,0.,0.));
#10295 = ADVANCED_FACE('',(#10296),#10302,.T.);
#10296 = FACE_BOUND('',#10297,.T.);
#10297 = EDGE_LOOP('',(#10298,#10299,#10300,#10301));
#10298 = ORIENTED_EDGE('',*,*,#7906,.F.);
#10299 = ORIENTED_EDGE('',*,*,#7814,.F.);
#10300 = ORIENTED_EDGE('',*,*,#7768,.T.);
#10301 = ORIENTED_EDGE('',*,*,#6890,.T.);
#10302 = PLANE('',#10303);
#10303 = AXIS2_PLACEMENT_3D('',#10304,#10305,#10306);
#10304 = CARTESIAN_POINT('',(32.175,-20.,3.));
#10305 = DIRECTION('',(0.,0.,1.));
#10306 = DIRECTION('',(1.,0.,0.));
#10307 = ADVANCED_FACE('',(#10308),#10314,.T.);
#10308 = FACE_BOUND('',#10309,.T.);
#10309 = EDGE_LOOP('',(#10310,#10311,#10312,#10313));
#10310 = ORIENTED_EDGE('',*,*,#6992,.F.);
#10311 = ORIENTED_EDGE('',*,*,#8758,.F.);
#10312 = ORIENTED_EDGE('',*,*,#8789,.T.);
#10313 = ORIENTED_EDGE('',*,*,#8905,.F.);
#10314 = PLANE('',#10315);
#10315 = AXIS2_PLACEMENT_3D('',#10316,#10317,#10318);
#10316 = CARTESIAN_POINT('',(29.825,0.,3.));
#10317 = DIRECTION('',(0.,0.,1.));
#10318 = DIRECTION('',(1.,0.,0.));
#10319 = ADVANCED_FACE('',(#10320),#10326,.T.);
#10320 = FACE_BOUND('',#10321,.T.);
#10321 = EDGE_LOOP('',(#10322,#10323,#10324,#10325));
#10322 = ORIENTED_EDGE('',*,*,#8934,.F.);
#10323 = ORIENTED_EDGE('',*,*,#8852,.F.);
#10324 = ORIENTED_EDGE('',*,*,#8806,.T.);
#10325 = ORIENTED_EDGE('',*,*,#7023,.T.);
#10326 = PLANE('',#10327);
#10327 = AXIS2_PLACEMENT_3D('',#10328,#10329,#10330);
#10328 = CARTESIAN_POINT('',(32.175,0.,3.));
#10329 = DIRECTION('',(0.,0.,1.));
#10330 = DIRECTION('',(1.,0.,0.));
#10331 = ADVANCED_FACE('',(#10332),#10338,.T.);
#10332 = FACE_BOUND('',#10333,.T.);
#10333 = EDGE_LOOP('',(#10334,#10335,#10336,#10337));
#10334 = ORIENTED_EDGE('',*,*,#7125,.F.);
#10335 = ORIENTED_EDGE('',*,*,#9758,.F.);
#10336 = ORIENTED_EDGE('',*,*,#8041,.T.);
#10337 = ORIENTED_EDGE('',*,*,#9829,.F.);
#10338 = PLANE('',#10339);
#10339 = AXIS2_PLACEMENT_3D('',#10340,#10341,#10342);
#10340 = CARTESIAN_POINT('',(-32.175,20.,3.));
#10341 = DIRECTION('',(0.,0.,1.));
#10342 = DIRECTION('',(1.,0.,0.));
#10343 = ADVANCED_FACE('',(#10344),#10350,.T.);
#10344 = FACE_BOUND('',#10345,.T.);
#10345 = EDGE_LOOP('',(#10346,#10347,#10348,#10349));
#10346 = ORIENTED_EDGE('',*,*,#9848,.F.);
#10347 = ORIENTED_EDGE('',*,*,#8183,.F.);
#10348 = ORIENTED_EDGE('',*,*,#9775,.T.);
#10349 = ORIENTED_EDGE('',*,*,#7156,.T.);
#10350 = PLANE('',#10351);
#10351 = AXIS2_PLACEMENT_3D('',#10352,#10353,#10354);
#10352 = CARTESIAN_POINT('',(-29.825,20.,3.));
#10353 = DIRECTION('',(0.,0.,1.));
#10354 = DIRECTION('',(1.,0.,0.));
#10355 = ADVANCED_FACE('',(#10356),#10362,.T.);
#10356 = FACE_BOUND('',#10357,.T.);
#10357 = EDGE_LOOP('',(#10358,#10359,#10360,#10361));
#10358 = ORIENTED_EDGE('',*,*,#7187,.F.);
#10359 = ORIENTED_EDGE('',*,*,#8348,.F.);
#10360 = ORIENTED_EDGE('',*,*,#8379,.T.);
#10361 = ORIENTED_EDGE('',*,*,#8505,.F.);
#10362 = PLANE('',#10363);
#10363 = AXIS2_PLACEMENT_3D('',#10364,#10365,#10366);
#10364 = CARTESIAN_POINT('',(-12.,31.825,3.));
#10365 = DIRECTION('',(0.,0.,1.));
#10366 = DIRECTION('',(1.,0.,0.));
#10367 = ADVANCED_FACE('',(#10368),#10374,.T.);
#10368 = FACE_BOUND('',#10369,.T.);
#10369 = EDGE_LOOP('',(#10370,#10371,#10372,#10373));
#10370 = ORIENTED_EDGE('',*,*,#8534,.F.);
#10371 = ORIENTED_EDGE('',*,*,#8442,.F.);
#10372 = ORIENTED_EDGE('',*,*,#8396,.T.);
#10373 = ORIENTED_EDGE('',*,*,#7218,.T.);
#10374 = PLANE('',#10375);
#10375 = AXIS2_PLACEMENT_3D('',#10376,#10377,#10378);
#10376 = CARTESIAN_POINT('',(-12.,34.175,3.));
#10377 = DIRECTION('',(0.,0.,1.));
#10378 = DIRECTION('',(1.,0.,0.));
#10379 = ADVANCED_FACE('',(#10380),#10386,.T.);
#10380 = FACE_BOUND('',#10381,.T.);
#10381 = EDGE_LOOP('',(#10382,#10383,#10384,#10385));
#10382 = ORIENTED_EDGE('',*,*,#7249,.F.);
#10383 = ORIENTED_EDGE('',*,*,#10058,.F.);
#10384 = ORIENTED_EDGE('',*,*,#9955,.T.);
#10385 = ORIENTED_EDGE('',*,*,#10093,.F.);
#10386 = PLANE('',#10387);
#10387 = AXIS2_PLACEMENT_3D('',#10388,#10389,#10390);
#10388 = CARTESIAN_POINT('',(-1.441848083929E-16,31.825,3.));
#10389 = DIRECTION('',(0.,0.,1.));
#10390 = DIRECTION('',(1.,0.,0.));
#10391 = ADVANCED_FACE('',(#10392),#10398,.T.);
#10392 = FACE_BOUND('',#10393,.T.);
#10393 = EDGE_LOOP('',(#10394,#10395,#10396,#10397));
#10394 = ORIENTED_EDGE('',*,*,#10112,.F.);
#10395 = ORIENTED_EDGE('',*,*,#10033,.F.);
#10396 = ORIENTED_EDGE('',*,*,#10075,.T.);
#10397 = ORIENTED_EDGE('',*,*,#7280,.T.);
#10398 = PLANE('',#10399);
#10399 = AXIS2_PLACEMENT_3D('',#10400,#10401,#10402);
#10400 = CARTESIAN_POINT('',(1.441848083929E-16,34.175,3.));
#10401 = DIRECTION('',(0.,0.,1.));
#10402 = DIRECTION('',(1.,0.,0.));
#10403 = ADVANCED_FACE('',(#10404),#10410,.T.);
#10404 = FACE_BOUND('',#10405,.T.);
#10405 = EDGE_LOOP('',(#10406,#10407,#10408,#10409));
#10406 = ORIENTED_EDGE('',*,*,#7362,.F.);
#10407 = ORIENTED_EDGE('',*,*,#9794,.F.);
#10408 = ORIENTED_EDGE('',*,*,#9420,.T.);
#10409 = ORIENTED_EDGE('',*,*,#9865,.F.);
#10410 = PLANE('',#10411);
#10411 = AXIS2_PLACEMENT_3D('',#10412,#10413,#10414);
#10412 = CARTESIAN_POINT('',(29.825,20.,3.));
#10413 = DIRECTION('',(0.,0.,1.));
#10414 = DIRECTION('',(1.,0.,0.));
#10415 = ADVANCED_FACE('',(#10416),#10422,.T.);
#10416 = FACE_BOUND('',#10417,.T.);
#10417 = EDGE_LOOP('',(#10418,#10419,#10420,#10421));
#10418 = ORIENTED_EDGE('',*,*,#9884,.F.);
#10419 = ORIENTED_EDGE('',*,*,#9512,.F.);
#10420 = ORIENTED_EDGE('',*,*,#9811,.T.);
#10421 = ORIENTED_EDGE('',*,*,#7393,.T.);
#10422 = PLANE('',#10423);
#10423 = AXIS2_PLACEMENT_3D('',#10424,#10425,#10426);
#10424 = CARTESIAN_POINT('',(32.175,20.,3.));
#10425 = DIRECTION('',(0.,0.,1.));
#10426 = DIRECTION('',(1.,0.,0.));
#10427 = ( GEOMETRIC_REPRESENTATION_CONTEXT(3) 
GLOBAL_UNCERTAINTY_ASSIGNED_CONTEXT((#10431)) 
GLOBAL_UNIT_ASSIGNED_CONTEXT((#10428,#10429,#10430)) 
REPRESENTATION_CONTEXT('Context #1',
  '3D Context with UNIT and UNCERTAINTY') );
#10428 = ( LENGTH_UNIT() NAMED_UNIT(*) SI_UNIT(.MILLI.,.METRE.) );
#10429 = ( NAMED_UNIT(*) PLANE_ANGLE_UNIT() SI_UNIT($,.RADIAN.) );
#10430 = ( NAMED_UNIT(*) SI_UNIT($,.STERADIAN.) SOLID_ANGLE_UNIT() );
#10431 = UNCERTAINTY_MEASURE_WITH_UNIT(LENGTH_MEASURE(1.E-07),#10428,
  'distance_accuracy_value','confusion accuracy');
#10432 = PRODUCT_RELATED_PRODUCT_CATEGORY('part',$,(#7));
ENDSEC;
END-ISO-10303-21;
